Hugo_Symbol,Chromosome,Start_Position,End_Position,Strand,Variant_Classification,Variant_Type,Reference_Allele,Tumor_Seq_Allele1,Tumor_Seq_Allele2,amino_acid_change
APC,5,112090592,112090592,+,Missense_Mutation,SNP,C,C,T,p.A2V
TP53,17,7579882,7579882,+,Missense_Mutation,SNP,C,C,G,p.E11Q
TP53,17,7579882,7579882,+,Missense_Mutation,SNP,C,C,G,p.E11Q
TP53,17,7579882,7579882,+,Missense_Mutation,SNP,C,C,G,p.E11Q
TP53,17,7579882,7579882,+,Missense_Mutation,SNP,C,C,G,p.E11Q
APC,5,112090633,112090633,+,Silent,SNP,C,C,T,p.L16L
PIK3CA,3,178916661,178916661,+,Missense_Mutation,SNP,G,G,A,p.M16I
TP53,17,7579866,7579866,+,Missense_Mutation,SNP,T,T,A,p.Q16L
APC,5,112090638,112090638,+,Silent,SNP,G,G,A,p.K17K
PIK3CA,3,178916673,178916673,+,Missense_Mutation,SNP,C,C,G,p.I20M
TP53,17,7579853,7579853,+,Silent,SNP,T,T,C,p.S20S
ATM,11,108098418,108098418,+,Nonsense_Mutation,SNP,C,C,T,p.R23*
APC,5,112090659,112090659,+,Silent,SNP,A,A,G,p.R24R
TP53,17,7579716,7579716,+,Missense_Mutation,SNP,G,G,A,p.P27L
BRCA2,13,32893231,32893231,+,Missense_Mutation,SNP,C,C,A,p.L29I
TP53,17,7579591,7579591,+,Splice_Site,SNP,C,C,G,p.S33_splice
TP53,17,7579591,7579591,+,Splice_Site,SNP,C,C,T,p.S33_splice
TP53,17,7579585,7579585,+,Frame_Shift_Del,DEL,G,G,-,p.P34fs
TP53,17,7579582,7579583,+,Frame_Shift_Ins,INS,-,-,A,p.L35fs
TP53,17,7579582,7579583,+,Frame_Shift_Ins,INS,-,-,A,p.L35fs
TP53,17,7579580,7579580,+,Frame_Shift_Del,DEL,G,G,-,p.P36fs
PIK3CA,3,178916725,178916725,+,Missense_Mutation,SNP,C,C,T,p.R38C
PIK3CA,3,178916725,178916725,+,Missense_Mutation,SNP,C,C,T,p.R38C
TRRAP,7,98479625,98479625,+,Missense_Mutation,SNP,A,A,G,p.Q43R
TP53,17,7579542,7579542,+,Missense_Mutation,SNP,C,C,G,p.D49H
TP53,17,7579542,7579542,+,Missense_Mutation,SNP,C,C,G,p.D49H
TP53,17,7579542,7579542,+,Missense_Mutation,SNP,C,C,G,p.D49H
TP53,17,7579536,7579536,+,Nonsense_Mutation,SNP,C,C,A,p.E51*
BRCA2,13,32893309,32893309,+,Frame_Shift_Del,DEL,A,A,-,p.N55fs
TP53,17,7579521,7579521,+,Nonsense_Mutation,SNP,C,C,A,p.E56*
ATM,11,108099913,108099913,+,Missense_Mutation,SNP,A,A,C,p.Q65P
APC,5,112102086,112102086,+,Missense_Mutation,SNP,G,G,A,p.D67N
PIK3CA,3,178916824,178916824,+,Missense_Mutation,SNP,G,G,A,p.V71I
APC,5,112102109,112102109,+,Splice_Site,SNP,T,T,C,p.E74_splice
BRCA2,13,32893369,32893369,+,Missense_Mutation,SNP,G,G,C,p.A75P
PIK3CA,3,178916836,178916836,+,Missense_Mutation,SNP,C,C,G,p.Q75E
BRCA2,13,32893389,32893389,+,Silent,SNP,C,C,T,p.F81F
SPEN,1,16199472,16199472,+,Missense_Mutation,SNP,G,G,A,p.G82D
APC,5,112102915,112102915,+,Missense_Mutation,SNP,G,G,A,p.G84R
PIK3CA,3,178916876,178916876,+,Missense_Mutation,SNP,G,G,A,p.R88Q
PIK3CA,3,178916876,178916876,+,Missense_Mutation,SNP,G,G,A,p.R88Q
PIK3CA,3,178916876,178916876,+,Missense_Mutation,SNP,G,G,A,p.R88Q
PIK3CA,3,178916876,178916876,+,Missense_Mutation,SNP,G,G,A,p.R88Q
TP53,17,7579420,7579420,+,Frame_Shift_Del,DEL,G,G,-,p.P89fs
TRRAP,7,98490054,98490054,+,Missense_Mutation,SNP,G,G,A,p.R90Q
SPEN,1,16199499,16199499,+,Missense_Mutation,SNP,T,T,C,p.L91S
PIK3CA,3,178916890,178916890,+,Missense_Mutation,SNP,C,C,T,p.R93W
BRCA2,13,32893437,32893437,+,Missense_Mutation,SNP,A,A,C,p.E97D
TP53,17,7579394,7579394,+,Missense_Mutation,SNP,G,G,A,p.P98L
ATM,11,108100025,108100025,+,Missense_Mutation,SNP,A,A,T,p.K102N
PIK3CA,3,178916924,178916924,+,Missense_Mutation,SNP,C,C,G,p.P104R
PIK3CA,3,178916929,178916937,+,In_Frame_Del,DEL,GGCAACCGT,GGCAACCGT,-,p.GNR106del
ATM,11,108100038,108100038,+,Missense_Mutation,SNP,T,T,C,p.C107R
PIK3CA,3,178916936,178916936,+,Missense_Mutation,SNP,G,G,A,p.R108H
PIK3CA,3,178916936,178916936,+,Missense_Mutation,SNP,G,G,A,p.R108H
BRCA2,13,32899226,32899226,+,Silent,SNP,C,C,T,p.P110P
PIK3CA,3,178916938,178916940,+,In_Frame_Del,DEL,GAA,GAA,-,p.E110del
TP53,17,7579358,7579358,+,Missense_Mutation,SNP,C,C,A,p.R110L
PIK3CA,3,178916946,178916946,+,Missense_Mutation,SNP,G,G,C,p.K111N
PIK3CA,3,178916945,178916945,+,Missense_Mutation,SNP,A,A,G,p.K111R
PIK3CA,3,178917478,178917478,+,Missense_Mutation,SNP,G,G,A,p.G118D
TRRAP,7,98490140,98490140,+,Missense_Mutation,SNP,C,C,T,p.R119C
PIK3CA,3,178917496,178917496,+,Missense_Mutation,SNP,C,C,T,p.P124L
APC,5,112103040,112103040,+,Missense_Mutation,SNP,T,T,G,p.N125K
BRCA2,13,32899272,32899272,+,Missense_Mutation,SNP,C,C,G,p.Q126E
TP53,17,7578546,7578558,+,Splice_Site,DEL,AGGGGAGTACTGT,AGGGGAGTACTGT,-,p.Y126_splice
TP53,17,7578555,7578555,+,Splice_Site,SNP,C,C,T,p.Y126_splice
TP53,17,7578555,7578555,+,Splice_Site,SNP,C,C,T,p.Y126_splice
TP53,17,7578555,7578555,+,Splice_Site,SNP,C,C,T,p.Y126_splice
TP53,17,7578555,7578555,+,Splice_Site,SNP,C,C,T,p.Y126_splice
TP53,17,7578555,7578555,+,Splice_Site,SNP,C,C,T,p.Y126_splice
TP53,17,7578556,7578556,+,Splice_Site,SNP,T,T,A,p.Y126_splice
TP53,17,7578556,7578556,+,Splice_Site,SNP,T,T,C,p.Y126_splice
TP53,17,7578552,7578552,+,Nonsense_Mutation,SNP,G,G,C,p.Y126*
TP53,17,7578552,7578552,+,Nonsense_Mutation,SNP,G,G,C,p.Y126*
TP53,17,7578552,7578552,+,Nonsense_Mutation,SNP,G,G,T,p.Y126*
TP53,17,7578553,7578553,+,Missense_Mutation,SNP,T,T,C,p.Y126C
TRRAP,7,98491430,98491430,+,Nonsense_Mutation,SNP,G,G,T,p.E126*
TP53,17,7578550,7578550,+,Missense_Mutation,SNP,G,G,A,p.S127F
TP53,17,7578551,7578551,+,Missense_Mutation,SNP,A,A,G,p.S127P
APC,5,112103053,112103053,+,Missense_Mutation,SNP,A,A,G,p.S130G
ATM,11,108106453,108106453,+,Missense_Mutation,SNP,G,G,T,p.D130Y
TP53,17,7578542,7578542,+,Missense_Mutation,SNP,G,G,A,p.L130F
TP53,17,7578542,7578542,+,Missense_Mutation,SNP,G,G,C,p.L130V
SPEN,1,16199618,16199618,+,Missense_Mutation,SNP,C,C,T,p.R131W
TP53,17,7578536,7578536,+,Missense_Mutation,SNP,T,T,C,p.K132E
TP53,17,7578534,7578534,+,Missense_Mutation,SNP,C,C,G,p.K132N
TP53,17,7578536,7578536,+,Missense_Mutation,SNP,T,T,G,p.K132Q
TP53,17,7578536,7578536,+,Missense_Mutation,SNP,T,T,G,p.K132Q
TP53,17,7578535,7578535,+,Missense_Mutation,SNP,T,T,C,p.K132R
TP53,17,7578535,7578535,+,Missense_Mutation,SNP,T,T,C,p.K132R
TP53,17,7578535,7578535,+,Missense_Mutation,SNP,T,T,G,p.K132T
TP53,17,7578532,7578532,+,Missense_Mutation,SNP,A,A,T,p.M133K
TP53,17,7578532,7578532,+,Missense_Mutation,SNP,A,A,T,p.M133K
TP53,17,7578529,7578529,+,Missense_Mutation,SNP,A,A,C,p.F134C
TP53,17,7578527,7578528,+,Frame_Shift_Del,DEL,AA,AA,-,p.F134fs
TP53,17,7578526,7578526,+,Missense_Mutation,SNP,C,C,A,p.C135F
TP53,17,7578527,7578527,+,Frame_Shift_Del,DEL,A,A,-,p.C135fs
TP53,17,7578527,7578527,+,Missense_Mutation,SNP,A,A,G,p.C135R
TP53,17,7578526,7578526,+,Missense_Mutation,SNP,C,C,T,p.C135Y
TP53,17,7578526,7578526,+,Missense_Mutation,SNP,C,C,T,p.C135Y
TP53,17,7578524,7578524,+,Nonsense_Mutation,SNP,G,G,A,p.Q136*
TP53,17,7578523,7578524,+,Frame_Shift_Ins,INS,-,-,G,p.Q136fs
BRCA2,13,32899306,32899306,+,Missense_Mutation,SNP,C,C,G,p.S137C
TP53,17,7578516,7578516,+,Frame_Shift_Del,DEL,G,G,-,p.A138fs
TP53,17,7578518,7578518,+,Missense_Mutation,SNP,C,C,G,p.A138P
TP53,17,7578513,7578513,+,Frame_Shift_Del,DEL,C,C,-,p.K139fs
TP53,17,7578507,7578507,+,Missense_Mutation,SNP,G,G,C,p.C141W
TP53,17,7578504,7578505,+,Frame_Shift_Del,DEL,AG,AG,-,p.P142fs
TP53,17,7578502,7578502,+,Missense_Mutation,SNP,A,A,G,p.V143A
TP53,17,7578502,7578502,+,Missense_Mutation,SNP,A,A,G,p.V143A
TP53,17,7578503,7578503,+,Missense_Mutation,SNP,C,C,T,p.V143M
TP53,17,7578503,7578503,+,Missense_Mutation,SNP,C,C,T,p.V143M
TP53,17,7578500,7578500,+,Nonsense_Mutation,SNP,G,G,A,p.Q144*
TP53,17,7578500,7578500,+,Nonsense_Mutation,SNP,G,G,A,p.Q144*
TRRAP,7,98491485,98491485,+,Missense_Mutation,SNP,G,G,T,p.R144M
TP53,17,7578495,7578496,+,Missense_Mutation,DNP,CA,CA,AC,p.L145R
TP53,17,7578496,7578496,+,Missense_Mutation,SNP,A,A,C,p.L145R
APC,5,112111339,112111339,+,Missense_Mutation,SNP,G,G,A,p.A146T
TP53,17,7578484,7578492,+,In_Frame_Del,DEL,GAATCAACC,GAATCAACC,-,p.146_149WVDS>C
TP53,17,7578492,7578492,+,Nonsense_Mutation,SNP,C,C,T,p.W146*
TP53,17,7578492,7578492,+,Nonsense_Mutation,SNP,C,C,T,p.W146*
TP53,17,7578493,7578493,+,Nonsense_Mutation,SNP,C,C,T,p.W146*
TP53,17,7578490,7578490,+,Missense_Mutation,SNP,A,A,T,p.V147D
TP53,17,7578490,7578490,+,Missense_Mutation,SNP,A,A,T,p.V147D
TP53,17,7578490,7578490,+,Missense_Mutation,SNP,A,A,C,p.V147G
TP53,17,7578490,7578490,+,Missense_Mutation,SNP,A,A,C,p.V147G
TP53,17,7578479,7578479,+,Missense_Mutation,SNP,G,G,C,p.P151A
TP53,17,7578478,7578478,+,Missense_Mutation,SNP,G,G,T,p.P151H
TP53,17,7578479,7578479,+,Missense_Mutation,SNP,G,G,A,p.P151S
TP53,17,7578479,7578479,+,Missense_Mutation,SNP,G,G,A,p.P151S
TP53,17,7578464,7578476,+,Frame_Shift_Del,DEL,GGGTGCCGGGCGG,GGGTGCCGGGCGG,-,p.P152fs
TP53,17,7578474,7578475,+,Frame_Shift_Ins,INS,-,-,G,p.P152fs
TP53,17,7578474,7578475,+,Frame_Shift_Ins,INS,-,-,G,p.P152fs
TP53,17,7578475,7578475,+,Frame_Shift_Del,DEL,G,G,-,p.P152fs
TP53,17,7578475,7578475,+,Frame_Shift_Del,DEL,G,G,-,p.P152fs
TP53,17,7578475,7578475,+,Frame_Shift_Del,DEL,G,G,-,p.P152fs
TP53,17,7578475,7578475,+,Frame_Shift_Del,DEL,G,G,-,p.P152fs
TP53,17,7578475,7578475,+,Missense_Mutation,SNP,G,G,A,p.P152L
TP53,17,7578476,7578476,+,Missense_Mutation,SNP,G,G,A,p.P152S
TP53,17,7578469,7578469,+,Missense_Mutation,SNP,C,C,A,p.G154V
TP53,17,7578469,7578469,+,Missense_Mutation,SNP,C,C,A,p.G154V
TP53,17,7578469,7578469,+,Missense_Mutation,SNP,C,C,A,p.G154V
TP53,17,7578466,7578466,+,Missense_Mutation,SNP,G,G,T,p.T155N
TP53,17,7578467,7578467,+,Missense_Mutation,SNP,T,T,G,p.T155P
TRRAP,7,98493399,98493399,+,Missense_Mutation,SNP,C,C,A,p.L155M
TP53,17,7578463,7578463,+,Missense_Mutation,SNP,C,C,G,p.R156P
TP53,17,7578463,7578463,+,Missense_Mutation,SNP,C,C,G,p.R156P
TP53,17,7578461,7578461,+,Missense_Mutation,SNP,C,C,A,p.V157F
TP53,17,7578461,7578461,+,Missense_Mutation,SNP,C,C,A,p.V157F
TP53,17,7578461,7578461,+,Missense_Mutation,SNP,C,C,A,p.V157F
TP53,17,7578461,7578461,+,Missense_Mutation,SNP,C,C,A,p.V157F
TP53,17,7578461,7578461,+,Missense_Mutation,SNP,C,C,A,p.V157F
TP53,17,7578461,7578461,+,Missense_Mutation,SNP,C,C,A,p.V157F
TP53,17,7578461,7578461,+,Missense_Mutation,SNP,C,C,A,p.V157F
TP53,17,7578461,7578461,+,Missense_Mutation,SNP,C,C,A,p.V157F
TP53,17,7578458,7578458,+,Missense_Mutation,SNP,G,G,C,p.R158G
TP53,17,7578458,7578458,+,Missense_Mutation,SNP,G,G,C,p.R158G
TP53,17,7578457,7578457,+,Missense_Mutation,SNP,C,C,T,p.R158H
TP53,17,7578457,7578457,+,Missense_Mutation,SNP,C,C,T,p.R158H
TP53,17,7578457,7578457,+,Missense_Mutation,SNP,C,C,A,p.R158L
TP53,17,7578457,7578457,+,Missense_Mutation,SNP,C,C,A,p.R158L
TP53,17,7578457,7578457,+,Missense_Mutation,SNP,C,C,A,p.R158L
TP53,17,7578457,7578457,+,Missense_Mutation,SNP,C,C,G,p.R158P
APC,5,112111379,112111379,+,Missense_Mutation,SNP,A,A,G,p.Y159C
TP53,17,7578454,7578454,+,Missense_Mutation,SNP,G,G,T,p.A159D
TP53,17,7578454,7578454,+,Missense_Mutation,SNP,G,G,T,p.A159D
TP53,17,7578455,7578455,+,Missense_Mutation,SNP,C,C,G,p.A159P
TP53,17,7578454,7578454,+,Missense_Mutation,SNP,G,G,A,p.A159V
TP53,17,7578454,7578454,+,Missense_Mutation,SNP,G,G,A,p.A159V
TP53,17,7578454,7578454,+,Missense_Mutation,SNP,G,G,A,p.A159V
TP53,17,7578454,7578454,+,Missense_Mutation,SNP,G,G,A,p.A159V
TP53,17,7578454,7578454,+,Missense_Mutation,SNP,G,G,A,p.A159V
APC,5,112111384,112111384,+,Nonsense_Mutation,SNP,C,C,T,p.Q161*
SPEN,1,16202774,16202774,+,Missense_Mutation,SNP,G,G,A,p.R161Q
TP53,17,7578448,7578448,+,Missense_Mutation,SNP,G,G,T,p.A161D
TP53,17,7578448,7578448,+,Missense_Mutation,SNP,G,G,T,p.A161D
TP53,17,7578449,7578449,+,Missense_Mutation,SNP,C,C,T,p.A161T
TP53,17,7578449,7578449,+,Missense_Mutation,SNP,C,C,T,p.A161T
TP53,17,7578449,7578449,+,Missense_Mutation,SNP,C,C,T,p.A161T
TP53,17,7578445,7578445,+,Missense_Mutation,SNP,A,A,T,p.I162N
TP53,17,7578442,7578442,+,Missense_Mutation,SNP,T,T,C,p.Y163C
TP53,17,7578442,7578442,+,Missense_Mutation,SNP,T,T,C,p.Y163C
TP53,17,7578442,7578442,+,Missense_Mutation,SNP,T,T,C,p.Y163C
TP53,17,7578443,7578443,+,Missense_Mutation,SNP,A,A,G,p.Y163H
TP53,17,7578440,7578440,+,Nonsense_Mutation,SNP,T,T,A,p.K164*
TP53,17,7578438,7578438,+,Missense_Mutation,SNP,C,C,A,p.K164N
TP53,17,7578433,7578434,+,In_Frame_Ins,INS,-,-,ACTGCTTGT,p.165_166insYKQ
TP53,17,7578433,7578433,+,Nonsense_Mutation,SNP,G,G,T,p.S166*
TP53,17,7578431,7578431,+,Nonsense_Mutation,SNP,G,G,A,p.Q167*
TP53,17,7578419,7578419,+,Nonsense_Mutation,SNP,C,C,A,p.E171*
TP53,17,7578419,7578419,+,Nonsense_Mutation,SNP,C,C,A,p.E171*
TP53,17,7578410,7578412,+,In_Frame_Del,DEL,TCA,TCA,-,p.173_174VR>G
TP53,17,7578413,7578413,+,Missense_Mutation,SNP,C,C,T,p.V173M
TRRAP,7,98495374,98495374,+,Missense_Mutation,SNP,T,T,G,p.F173C
TP53,17,7578385,7578410,+,Frame_Shift_Del,DEL,CAGCGCTCATGGTGGGGGCAGCGCCT,CAGCGCTCATGGTGGGGGCAGCGCCT,-,p.R174fs
TP53,17,7578406,7578406,+,Missense_Mutation,SNP,C,C,T,p.R175H
TP53,17,7578406,7578406,+,Missense_Mutation,SNP,C,C,T,p.R175H
TP53,17,7578406,7578406,+,Missense_Mutation,SNP,C,C,T,p.R175H
TP53,17,7578406,7578406,+,Missense_Mutation,SNP,C,C,T,p.R175H
TP53,17,7578406,7578406,+,Missense_Mutation,SNP,C,C,T,p.R175H
TP53,17,7578406,7578406,+,Missense_Mutation,SNP,C,C,T,p.R175H
TP53,17,7578406,7578406,+,Missense_Mutation,SNP,C,C,T,p.R175H
TP53,17,7578406,7578406,+,Missense_Mutation,SNP,C,C,T,p.R175H
TP53,17,7578406,7578406,+,Missense_Mutation,SNP,C,C,T,p.R175H
TP53,17,7578406,7578406,+,Missense_Mutation,SNP,C,C,T,p.R175H
TP53,17,7578406,7578406,+,Missense_Mutation,SNP,C,C,T,p.R175H
TP53,17,7578406,7578406,+,Missense_Mutation,SNP,C,C,T,p.R175H
TP53,17,7578406,7578406,+,Missense_Mutation,SNP,C,C,T,p.R175H
TP53,17,7578406,7578406,+,Missense_Mutation,SNP,C,C,T,p.R175H
TP53,17,7578406,7578406,+,Missense_Mutation,SNP,C,C,T,p.R175H
TP53,17,7578406,7578406,+,Missense_Mutation,SNP,C,C,T,p.R175H
TP53,17,7578406,7578406,+,Missense_Mutation,SNP,C,C,T,p.R175H
TP53,17,7578406,7578406,+,Missense_Mutation,SNP,C,C,T,p.R175H
TP53,17,7578406,7578406,+,Missense_Mutation,SNP,C,C,T,p.R175H
TP53,17,7578406,7578406,+,Missense_Mutation,SNP,C,C,T,p.R175H
TP53,17,7578406,7578406,+,Missense_Mutation,SNP,C,C,T,p.R175H
TP53,17,7578406,7578406,+,Missense_Mutation,SNP,C,C,A,p.R175L
TP53,17,7578403,7578403,+,Missense_Mutation,SNP,C,C,A,p.C176F
TP53,17,7578403,7578403,+,Missense_Mutation,SNP,C,C,A,p.C176F
TP53,17,7578404,7578404,+,Missense_Mutation,SNP,A,A,T,p.C176S
TP53,17,7578403,7578403,+,Missense_Mutation,SNP,C,C,T,p.C176Y
TP53,17,7578401,7578401,+,Missense_Mutation,SNP,G,G,T,p.P177T
TP53,17,7578395,7578395,+,Missense_Mutation,SNP,G,G,C,p.H179D
TP53,17,7578393,7578393,+,Missense_Mutation,SNP,A,A,C,p.H179Q
TP53,17,7578393,7578393,+,Missense_Mutation,SNP,A,A,C,p.H179Q
TP53,17,7578394,7578394,+,Missense_Mutation,SNP,T,T,C,p.H179R
TP53,17,7578394,7578394,+,Missense_Mutation,SNP,T,T,C,p.H179R
TP53,17,7578394,7578394,+,Missense_Mutation,SNP,T,T,C,p.H179R
TP53,17,7578394,7578394,+,Missense_Mutation,SNP,T,T,C,p.H179R
TP53,17,7578394,7578394,+,Missense_Mutation,SNP,T,T,C,p.H179R
TP53,17,7578391,7578391,+,Frame_Shift_Del,DEL,T,T,-,p.E180fs
TP53,17,7578389,7578389,+,Missense_Mutation,SNP,G,G,A,p.R181C
TP53,17,7578382,7578382,+,Nonsense_Mutation,SNP,G,G,C,p.S183*
BRCA2,13,32900670,32900670,+,Missense_Mutation,SNP,T,T,C,p.L184P
TP53,17,7578290,7578290,+,Splice_Site,SNP,C,C,A,p.G187_splice
TP53,17,7578290,7578290,+,Splice_Site,SNP,C,C,G,p.G187_splice
TP53,17,7578290,7578290,+,Splice_Site,SNP,C,C,T,p.G187_splice
TP53,17,7578290,7578290,+,Splice_Site,SNP,C,C,T,p.G187_splice
TP53,17,7578369,7578369,+,Splice_Site,SNP,A,A,T,p.G187_splice
TP53,17,7578370,7578370,+,Splice_Site,SNP,C,C,T,p.G187_splice
TP53,17,7578370,7578370,+,Splice_Site,SNP,C,C,T,p.G187_splice
TP53,17,7578370,7578370,+,Splice_Site,SNP,C,C,T,p.G187_splice
APC,5,112116517,112116517,+,Nonsense_Mutation,SNP,C,C,T,p.Q188*
SPEN,1,16202858,16202858,+,Missense_Mutation,SNP,G,G,A,p.R189Q
TP53,17,7578280,7578280,+,Missense_Mutation,SNP,G,G,A,p.P190L
TP53,17,7578269,7578280,+,In_Frame_Del,DEL,GATGCTGAGGAG,GATGCTGAGGAG,-,p.PPQH190del
TP53,17,7578277,7578277,+,Frame_Shift_Del,DEL,G,G,-,p.P191fs
TP53,17,7578275,7578275,+,Nonsense_Mutation,SNP,G,G,A,p.Q192*
TP53,17,7578275,7578275,+,Nonsense_Mutation,SNP,G,G,A,p.Q192*
TP53,17,7578275,7578275,+,Nonsense_Mutation,SNP,G,G,A,p.Q192*
TP53,17,7578257,7578272,+,Frame_Shift_Del,DEL,CCACTCGGATAAGATG,CCACTCGGATAAGATG,-,p.H193fs
TP53,17,7578271,7578271,+,Missense_Mutation,SNP,T,T,A,p.H193L
TP53,17,7578271,7578271,+,Missense_Mutation,SNP,T,T,G,p.H193P
TP53,17,7578271,7578271,+,Missense_Mutation,SNP,T,T,C,p.H193R
TP53,17,7578271,7578271,+,Missense_Mutation,SNP,T,T,C,p.H193R
TP53,17,7578271,7578271,+,Missense_Mutation,SNP,T,T,C,p.H193R
TP53,17,7578271,7578271,+,Missense_Mutation,SNP,T,T,C,p.H193R
TP53,17,7578272,7578272,+,Missense_Mutation,SNP,G,G,A,p.H193Y
ATM,11,108114764,108114764,+,Missense_Mutation,SNP,T,T,C,p.V194A
TP53,17,7578269,7578269,+,Missense_Mutation,SNP,G,G,A,p.L194F
TP53,17,7578268,7578268,+,Missense_Mutation,SNP,A,A,C,p.L194R
TRRAP,7,98495436,98495436,+,Missense_Mutation,SNP,A,A,G,p.T194A
TP53,17,7578266,7578266,+,Missense_Mutation,SNP,T,T,A,p.I195F
TP53,17,7578265,7578265,+,Missense_Mutation,SNP,A,A,C,p.I195S
APC,5,112116543,112116543,+,Silent,SNP,C,C,T,p.I196I
TP53,17,7578263,7578263,+,Nonsense_Mutation,SNP,G,G,A,p.R196*
TP53,17,7578263,7578263,+,Nonsense_Mutation,SNP,G,G,A,p.R196*
TP53,17,7578263,7578263,+,Nonsense_Mutation,SNP,G,G,A,p.R196*
TP53,17,7578262,7578262,+,Missense_Mutation,SNP,C,C,G,p.R196P
SPEN,1,16202881,16202881,+,Missense_Mutation,SNP,C,C,T,p.H197Y
TP53,17,7578253,7578257,+,Frame_Shift_Del,DEL,CCTTC,CCTTC,-,p.E198fs
APC,5,112116551,112116551,+,Missense_Mutation,SNP,C,C,T,p.A199V
SPEN,1,16202887,16202887,+,Missense_Mutation,SNP,C,C,T,p.P199S
TP53,17,7578254,7578254,+,Nonsense_Mutation,SNP,C,C,A,p.G199*
TRRAP,7,98495461,98495461,+,Missense_Mutation,SNP,C,C,T,p.P202L
TP53,17,7578242,7578242,+,Missense_Mutation,SNP,C,C,A,p.V203L
TP53,17,7578239,7578239,+,Nonsense_Mutation,SNP,C,C,A,p.E204*
TP53,17,7578235,7578235,+,Missense_Mutation,SNP,T,T,C,p.Y205C
SPEN,1,16202909,16202909,+,Missense_Mutation,SNP,G,G,T,p.R206L
BRCA2,13,32900739,32900739,+,Missense_Mutation,SNP,C,C,A,p.T207N
TP53,17,7578224,7578224,+,Nonsense_Mutation,SNP,T,T,A,p.R209*
TP53,17,7578224,7578224,+,Nonsense_Mutation,SNP,T,T,A,p.R209*
TP53,17,7578222,7578223,+,Frame_Shift_Del,DEL,TC,TC,-,p.R209fs
TP53,17,7578218,7578218,+,Missense_Mutation,SNP,T,T,C,p.T211A
TP53,17,7578217,7578217,+,Missense_Mutation,SNP,G,G,A,p.T211I
APC,5,112116592,112116592,+,Nonsense_Mutation,SNP,C,C,T,p.R213*
TP53,17,7578212,7578212,+,Nonsense_Mutation,SNP,G,G,A,p.R213*
TP53,17,7578212,7578212,+,Nonsense_Mutation,SNP,G,G,A,p.R213*
TP53,17,7578212,7578212,+,Nonsense_Mutation,SNP,G,G,A,p.R213*
TP53,17,7578212,7578212,+,Nonsense_Mutation,SNP,G,G,A,p.R213*
TP53,17,7578212,7578212,+,Nonsense_Mutation,SNP,G,G,A,p.R213*
TP53,17,7578212,7578212,+,Nonsense_Mutation,SNP,G,G,A,p.R213*
TP53,17,7578212,7578212,+,Nonsense_Mutation,SNP,G,G,A,p.R213*
TP53,17,7578212,7578212,+,Nonsense_Mutation,SNP,G,G,A,p.R213*
TP53,17,7578212,7578212,+,Nonsense_Mutation,SNP,G,G,A,p.R213*
TP53,17,7578212,7578212,+,Nonsense_Mutation,SNP,G,G,A,p.R213*
TP53,17,7578212,7578212,+,Nonsense_Mutation,SNP,G,G,A,p.R213*
TP53,17,7578211,7578211,+,Missense_Mutation,SNP,C,C,T,p.R213Q
TP53,17,7578211,7578211,+,Missense_Mutation,SNP,C,C,T,p.R213Q
TP53,17,7578211,7578211,+,Missense_Mutation,SNP,C,C,T,p.R213Q
TP53,17,7578208,7578208,+,Missense_Mutation,SNP,T,T,C,p.H214R
TP53,17,7578208,7578208,+,Missense_Mutation,SNP,T,T,C,p.H214R
TP53,17,7578206,7578206,+,Missense_Mutation,SNP,T,T,A,p.S215C
TP53,17,7578204,7578206,+,In_Frame_Del,DEL,ACT,ACT,-,p.S215del
TP53,17,7578205,7578205,+,Missense_Mutation,SNP,C,C,A,p.S215I
TP53,17,7578205,7578205,+,Missense_Mutation,SNP,C,C,A,p.S215I
TP53,17,7578205,7578205,+,Missense_Mutation,SNP,C,C,A,p.S215I
TP53,17,7578205,7578205,+,Missense_Mutation,SNP,C,C,T,p.S215N
TP53,17,7578205,7578205,+,Missense_Mutation,SNP,C,C,T,p.S215N
TP53,17,7578206,7578206,+,Missense_Mutation,SNP,T,T,G,p.S215R
APC,5,112128143,112128143,+,Nonsense_Mutation,SNP,C,C,T,p.R216*
TP53,17,7578203,7578203,+,Missense_Mutation,SNP,C,C,A,p.V216L
TP53,17,7578203,7578203,+,Missense_Mutation,SNP,C,C,T,p.V216M
TP53,17,7578203,7578203,+,Missense_Mutation,SNP,C,C,T,p.V216M
TP53,17,7578203,7578203,+,Missense_Mutation,SNP,C,C,T,p.V216M
TP53,17,7578199,7578199,+,Missense_Mutation,SNP,A,A,C,p.V217G
TP53,17,7578195,7578197,+,In_Frame_Del,DEL,CAC,CAC,-,p.V218del
TP53,17,7578195,7578197,+,In_Frame_Del,DEL,CAC,CAC,-,p.V218del
TP53,17,7578197,7578197,+,Missense_Mutation,SNP,C,C,A,p.V218L
TP53,17,7578192,7578193,+,Frame_Shift_Del,DEL,GG,GG,-,p.P219fs
TP53,17,7578190,7578190,+,Missense_Mutation,SNP,T,T,C,p.Y220C
TP53,17,7578190,7578190,+,Missense_Mutation,SNP,T,T,C,p.Y220C
TP53,17,7578190,7578190,+,Missense_Mutation,SNP,T,T,C,p.Y220C
TP53,17,7578190,7578190,+,Missense_Mutation,SNP,T,T,C,p.Y220C
TP53,17,7578190,7578190,+,Missense_Mutation,SNP,T,T,C,p.Y220C
TP53,17,7578190,7578190,+,Missense_Mutation,SNP,T,T,C,p.Y220C
TP53,17,7578190,7578190,+,Missense_Mutation,SNP,T,T,C,p.Y220C
TP53,17,7578190,7578190,+,Missense_Mutation,SNP,T,T,C,p.Y220C
TP53,17,7578190,7578190,+,Missense_Mutation,SNP,T,T,C,p.Y220C
TP53,17,7578190,7578190,+,Missense_Mutation,SNP,T,T,C,p.Y220C
TP53,17,7578190,7578190,+,Missense_Mutation,SNP,T,T,C,p.Y220C
TP53,17,7578190,7578190,+,Missense_Mutation,SNP,T,T,C,p.Y220C
TP53,17,7578191,7578191,+,Missense_Mutation,SNP,A,A,C,p.Y220D
TP53,17,7578191,7578191,+,Missense_Mutation,SNP,A,A,C,p.Y220D
TRRAP,7,98497073,98497073,+,Missense_Mutation,SNP,C,C,T,p.S221F
SPEN,1,16202963,16202963,+,Missense_Mutation,SNP,T,T,C,p.I224T
TP53,17,7578175,7578175,+,Splice_Site,SNP,A,A,C,p.E224_splice
TP53,17,7578176,7578176,+,Splice_Site,SNP,C,C,A,p.E224_splice
TP53,17,7578176,7578176,+,Splice_Site,SNP,C,C,T,p.E224_splice
TP53,17,7578176,7578176,+,Splice_Site,SNP,C,C,T,p.E224_splice
TP53,17,7578176,7578176,+,Splice_Site,SNP,C,C,T,p.E224_splice
TP53,17,7578176,7578176,+,Splice_Site,SNP,C,C,T,p.E224_splice
TP53,17,7578179,7578179,+,Nonsense_Mutation,SNP,C,C,A,p.E224*
TP53,17,7578177,7578177,+,Missense_Mutation,SNP,C,C,A,p.E224D
TP53,17,7578177,7578177,+,Missense_Mutation,SNP,C,C,A,p.E224D
TP53,17,7578179,7578179,+,Missense_Mutation,SNP,C,C,T,p.E224K
TP53,17,7577609,7577609,+,Splice_Site,SNP,C,C,T,p.V225_splice
TP53,17,7577610,7577610,+,Splice_Site,SNP,T,T,A,p.V225_splice
TP53,17,7577610,7577610,+,Splice_Site,SNP,T,T,A,p.V225_splice
TP53,17,7577610,7577610,+,Splice_Site,SNP,T,T,A,p.V225_splice
TP53,17,7577610,7577610,+,Splice_Site,SNP,T,T,A,p.V225_splice
TP53,17,7577610,7577610,+,Splice_Site,SNP,T,T,C,p.V225_splice
TP53,17,7577610,7577610,+,Splice_Site,SNP,T,T,C,p.V225_splice
TP53,17,7577610,7577610,+,Splice_Site,SNP,T,T,C,p.V225_splice
TP53,17,7577610,7577610,+,Splice_Site,SNP,T,T,G,p.V225_splice
TP53,17,7577610,7577610,+,Splice_Site,SNP,T,T,G,p.V225_splice
TP53,17,7577594,7577595,+,Frame_Shift_Del,DEL,AC,AC,-,p.C229fs
TP53,17,7577594,7577595,+,Frame_Shift_Del,DEL,AC,AC,-,p.C229fs
ATM,11,108115541,108115541,+,Missense_Mutation,SNP,A,A,C,p.N230T
APC,5,112128191,112128191,+,Nonsense_Mutation,SNP,C,C,T,p.R232*
APC,5,112128191,112128191,+,Nonsense_Mutation,SNP,C,C,T,p.R232*
APC,5,112128191,112128191,+,Nonsense_Mutation,SNP,C,C,T,p.R232*
TP53,17,7577575,7577585,+,Frame_Shift_Del,DEL,AGTTGTAGTGG,AGTTGTAGTGG,-,p.I232fs
TP53,17,7577582,7577584,+,In_Frame_Del,DEL,GTG,GTG,-,p.H233del
TP53,17,7577580,7577580,+,Missense_Mutation,SNP,T,T,C,p.Y234C
TP53,17,7577580,7577580,+,Missense_Mutation,SNP,T,T,C,p.Y234C
TP53,17,7577580,7577580,+,Missense_Mutation,SNP,T,T,C,p.Y234C
TP53,17,7577580,7577580,+,Missense_Mutation,SNP,T,T,C,p.Y234C
TP53,17,7577580,7577580,+,Missense_Mutation,SNP,T,T,C,p.Y234C
TP53,17,7577581,7577581,+,Missense_Mutation,SNP,A,A,C,p.Y234D
TP53,17,7577581,7577581,+,Missense_Mutation,SNP,A,A,G,p.Y234H
TP53,17,7577581,7577581,+,Missense_Mutation,SNP,A,A,T,p.Y234N
TP53,17,7577573,7577573,+,Nonsense_Mutation,SNP,G,G,T,p.Y236*
TP53,17,7577574,7577574,+,Missense_Mutation,SNP,T,T,C,p.Y236C
TP53,17,7577574,7577574,+,Missense_Mutation,SNP,T,T,C,p.Y236C
TP53,17,7577574,7577574,+,Missense_Mutation,SNP,T,T,C,p.Y236C
TP53,17,7577574,7577574,+,Missense_Mutation,SNP,T,T,C,p.Y236C
TP53,17,7577570,7577570,+,Missense_Mutation,SNP,C,C,A,p.M237I
TP53,17,7577570,7577570,+,Missense_Mutation,SNP,C,C,A,p.M237I
TP53,17,7577570,7577570,+,Missense_Mutation,SNP,C,C,A,p.M237I
TP53,17,7577570,7577570,+,Missense_Mutation,SNP,C,C,A,p.M237I
TP53,17,7577570,7577570,+,Missense_Mutation,SNP,C,C,T,p.M237I
TP53,17,7577570,7577570,+,Missense_Mutation,SNP,C,C,T,p.M237I
TP53,17,7577570,7577570,+,Missense_Mutation,SNP,C,C,T,p.M237I
TP53,17,7577571,7577571,+,Missense_Mutation,SNP,A,A,T,p.M237K
TP53,17,7577556,7577569,+,Frame_Shift_Del,DEL,CAGGAACTGTTACA,CAGGAACTGTTACA,-,p.C238fs
TP53,17,7577569,7577569,+,Missense_Mutation,SNP,A,A,C,p.C238G
TP53,17,7577568,7577568,+,Missense_Mutation,SNP,C,C,G,p.C238S
TP53,17,7577568,7577568,+,Missense_Mutation,SNP,C,C,G,p.C238S
TP53,17,7577568,7577568,+,Missense_Mutation,SNP,C,C,G,p.C238S
TP53,17,7577568,7577568,+,Missense_Mutation,SNP,C,C,T,p.C238Y
TP53,17,7577566,7577566,+,Missense_Mutation,SNP,T,T,C,p.N239D
TP53,17,7577566,7577566,+,Missense_Mutation,SNP,T,T,C,p.N239D
TP53,17,7577566,7577566,+,Missense_Mutation,SNP,T,T,C,p.N239D
TP53,17,7577565,7577565,+,Missense_Mutation,SNP,T,T,C,p.N239S
TP53,17,7577561,7577561,+,Missense_Mutation,SNP,A,A,T,p.S240R
TP53,17,7577559,7577559,+,Missense_Mutation,SNP,G,G,C,p.S241C
TP53,17,7577559,7577559,+,Missense_Mutation,SNP,G,G,C,p.S241C
TP53,17,7577559,7577559,+,Missense_Mutation,SNP,G,G,A,p.S241F
TP53,17,7577559,7577559,+,Missense_Mutation,SNP,G,G,A,p.S241F
TP53,17,7577559,7577559,+,Missense_Mutation,SNP,G,G,A,p.S241F
TP53,17,7577559,7577559,+,Missense_Mutation,SNP,G,G,A,p.S241F
TP53,17,7577559,7577559,+,Missense_Mutation,SNP,G,G,A,p.S241F
TP53,17,7577559,7577559,+,Missense_Mutation,SNP,G,G,A,p.S241F
TP53,17,7577559,7577559,+,Missense_Mutation,SNP,G,G,T,p.S241Y
TP53,17,7577556,7577556,+,Missense_Mutation,SNP,C,C,A,p.C242F
TP53,17,7577557,7577557,+,Missense_Mutation,SNP,A,A,G,p.C242R
TP53,17,7577556,7577556,+,Missense_Mutation,SNP,C,C,G,p.C242S
TP53,17,7577556,7577556,+,Missense_Mutation,SNP,C,C,G,p.C242S
TP53,17,7577555,7577555,+,Missense_Mutation,SNP,G,G,C,p.C242W
TP53,17,7577556,7577556,+,Missense_Mutation,SNP,C,C,T,p.C242Y
TP53,17,7577556,7577556,+,Missense_Mutation,SNP,C,C,T,p.C242Y
ATM,11,108115580,108115580,+,Missense_Mutation,SNP,T,T,G,p.L243W
SPEN,1,16203020,16203020,+,Missense_Mutation,SNP,G,G,A,p.R243Q
TP53,17,7577550,7577550,+,Missense_Mutation,SNP,C,C,G,p.G244A
TP53,17,7577551,7577551,+,Missense_Mutation,SNP,C,C,A,p.G244C
TP53,17,7577550,7577550,+,Missense_Mutation,SNP,C,C,T,p.G244D
TP53,17,7577548,7577548,+,Missense_Mutation,SNP,C,C,A,p.G245C
TP53,17,7577548,7577548,+,Missense_Mutation,SNP,C,C,A,p.G245C
TP53,17,7577548,7577548,+,Missense_Mutation,SNP,C,C,A,p.G245C
TP53,17,7577548,7577548,+,Missense_Mutation,SNP,C,C,A,p.G245C
TP53,17,7577548,7577548,+,Missense_Mutation,SNP,C,C,A,p.G245C
TP53,17,7577548,7577548,+,Missense_Mutation,SNP,C,C,G,p.G245R
TP53,17,7577548,7577548,+,Missense_Mutation,SNP,C,C,T,p.G245S
TP53,17,7577548,7577548,+,Missense_Mutation,SNP,C,C,T,p.G245S
TP53,17,7577548,7577548,+,Missense_Mutation,SNP,C,C,T,p.G245S
TP53,17,7577548,7577548,+,Missense_Mutation,SNP,C,C,T,p.G245S
TP53,17,7577548,7577548,+,Missense_Mutation,SNP,C,C,T,p.G245S
TP53,17,7577548,7577548,+,Missense_Mutation,SNP,C,C,T,p.G245S
TP53,17,7577548,7577548,+,Missense_Mutation,SNP,C,C,T,p.G245S
TP53,17,7577547,7577547,+,Missense_Mutation,SNP,C,C,A,p.G245V
TP53,17,7577543,7577543,+,Missense_Mutation,SNP,C,C,G,p.M246I
TP53,17,7577543,7577543,+,Missense_Mutation,SNP,C,C,T,p.M246I
TP53,17,7577544,7577544,+,Missense_Mutation,SNP,A,A,C,p.M246R
TP53,17,7577545,7577545,+,Missense_Mutation,SNP,T,T,C,p.M246V
SPEN,1,16203032,16203032,+,Missense_Mutation,SNP,C,C,T,p.S247L
TP53,17,7577541,7577541,+,Missense_Mutation,SNP,T,T,A,p.N247I
ATM,11,108115595,108115595,+,Missense_Mutation,SNP,G,G,A,p.R248Q
TP53,17,7577538,7577539,+,Nonsense_Mutation,DNP,CG,CG,TA,p.R248*
TP53,17,7577539,7577539,+,Missense_Mutation,SNP,G,G,C,p.R248G
TP53,17,7577538,7577538,+,Missense_Mutation,SNP,C,C,A,p.R248L
TP53,17,7577538,7577538,+,Missense_Mutation,SNP,C,C,A,p.R248L
TP53,17,7577538,7577538,+,Missense_Mutation,SNP,C,C,A,p.R248L
TP53,17,7577538,7577538,+,Missense_Mutation,SNP,C,C,A,p.R248L
TP53,17,7577538,7577538,+,Missense_Mutation,SNP,C,C,T,p.R248Q
TP53,17,7577538,7577538,+,Missense_Mutation,SNP,C,C,T,p.R248Q
TP53,17,7577538,7577538,+,Missense_Mutation,SNP,C,C,T,p.R248Q
TP53,17,7577538,7577538,+,Missense_Mutation,SNP,C,C,T,p.R248Q
TP53,17,7577538,7577538,+,Missense_Mutation,SNP,C,C,T,p.R248Q
TP53,17,7577538,7577538,+,Missense_Mutation,SNP,C,C,T,p.R248Q
TP53,17,7577538,7577538,+,Missense_Mutation,SNP,C,C,T,p.R248Q
TP53,17,7577538,7577538,+,Missense_Mutation,SNP,C,C,T,p.R248Q
TP53,17,7577538,7577538,+,Missense_Mutation,SNP,C,C,T,p.R248Q
TP53,17,7577538,7577538,+,Missense_Mutation,SNP,C,C,T,p.R248Q
TP53,17,7577538,7577538,+,Missense_Mutation,SNP,C,C,T,p.R248Q
TP53,17,7577538,7577538,+,Missense_Mutation,SNP,C,C,T,p.R248Q
TP53,17,7577538,7577538,+,Missense_Mutation,SNP,C,C,T,p.R248Q
TP53,17,7577538,7577538,+,Missense_Mutation,SNP,C,C,T,p.R248Q
TP53,17,7577538,7577538,+,Missense_Mutation,SNP,C,C,T,p.R248Q
TP53,17,7577538,7577538,+,Missense_Mutation,SNP,C,C,T,p.R248Q
TP53,17,7577538,7577538,+,Missense_Mutation,SNP,C,C,T,p.R248Q
TP53,17,7577538,7577538,+,Missense_Mutation,SNP,C,C,T,p.R248Q
TP53,17,7577538,7577538,+,Missense_Mutation,SNP,C,C,T,p.R248Q
TP53,17,7577538,7577538,+,Missense_Mutation,SNP,C,C,T,p.R248Q
TP53,17,7577538,7577538,+,Missense_Mutation,SNP,C,C,T,p.R248Q
TP53,17,7577538,7577538,+,Missense_Mutation,SNP,C,C,T,p.R248Q
TP53,17,7577538,7577538,+,Missense_Mutation,SNP,C,C,T,p.R248Q
TP53,17,7577538,7577538,+,Missense_Mutation,SNP,C,C,T,p.R248Q
TP53,17,7577538,7577538,+,Missense_Mutation,SNP,C,C,T,p.R248Q
TP53,17,7577538,7577538,+,Missense_Mutation,SNP,C,C,T,p.R248Q
TP53,17,7577538,7577538,+,Missense_Mutation,SNP,C,C,T,p.R248Q
TP53,17,7577538,7577538,+,Missense_Mutation,SNP,C,C,T,p.R248Q
TP53,17,7577538,7577538,+,Missense_Mutation,SNP,C,C,T,p.R248Q
TP53,17,7577538,7577538,+,Missense_Mutation,SNP,C,C,T,p.R248Q
TP53,17,7577538,7577538,+,Missense_Mutation,SNP,C,C,T,p.R248Q
TP53,17,7577538,7577538,+,Missense_Mutation,SNP,C,C,T,p.R248Q
TP53,17,7577538,7577538,+,Missense_Mutation,SNP,C,C,T,p.R248Q
TP53,17,7577538,7577538,+,Missense_Mutation,SNP,C,C,T,p.R248Q
TP53,17,7577538,7577538,+,Missense_Mutation,SNP,C,C,T,p.R248Q
TP53,17,7577538,7577538,+,Missense_Mutation,SNP,C,C,T,p.R248Q
TP53,17,7577538,7577538,+,Missense_Mutation,SNP,C,C,T,p.R248Q
TP53,17,7577538,7577538,+,Missense_Mutation,SNP,C,C,T,p.R248Q
TP53,17,7577538,7577538,+,Missense_Mutation,SNP,C,C,T,p.R248Q
TP53,17,7577538,7577538,+,Missense_Mutation,SNP,C,C,T,p.R248Q
TP53,17,7577538,7577538,+,Missense_Mutation,SNP,C,C,T,p.R248Q
TP53,17,7577538,7577538,+,Missense_Mutation,SNP,C,C,T,p.R248Q
TP53,17,7577539,7577539,+,Missense_Mutation,SNP,G,G,A,p.R248W
TP53,17,7577539,7577540,+,Missense_Mutation,DNP,GG,GG,AA,p.R248W
TP53,17,7577539,7577539,+,Missense_Mutation,SNP,G,G,A,p.R248W
TP53,17,7577539,7577539,+,Missense_Mutation,SNP,G,G,A,p.R248W
TP53,17,7577539,7577539,+,Missense_Mutation,SNP,G,G,A,p.R248W
TP53,17,7577539,7577539,+,Missense_Mutation,SNP,G,G,A,p.R248W
TP53,17,7577539,7577539,+,Missense_Mutation,SNP,G,G,A,p.R248W
TP53,17,7577539,7577539,+,Missense_Mutation,SNP,G,G,A,p.R248W
TP53,17,7577539,7577539,+,Missense_Mutation,SNP,G,G,A,p.R248W
TP53,17,7577539,7577539,+,Missense_Mutation,SNP,G,G,A,p.R248W
TP53,17,7577539,7577539,+,Missense_Mutation,SNP,G,G,A,p.R248W
TP53,17,7577539,7577539,+,Missense_Mutation,SNP,G,G,A,p.R248W
TP53,17,7577539,7577539,+,Missense_Mutation,SNP,G,G,A,p.R248W
TP53,17,7577539,7577539,+,Missense_Mutation,SNP,G,G,A,p.R248W
TP53,17,7577539,7577540,+,Missense_Mutation,DNP,GG,GG,AA,p.R248W
TP53,17,7577539,7577539,+,Missense_Mutation,SNP,G,G,A,p.R248W
TP53,17,7577539,7577539,+,Missense_Mutation,SNP,G,G,A,p.R248W
TP53,17,7577539,7577539,+,Missense_Mutation,SNP,G,G,A,p.R248W
TP53,17,7577536,7577536,+,Missense_Mutation,SNP,T,T,C,p.R249G
TP53,17,7577536,7577536,+,Missense_Mutation,SNP,T,T,C,p.R249G
TP53,17,7577534,7577534,+,Missense_Mutation,SNP,C,C,A,p.R249S
TP53,17,7577534,7577534,+,Missense_Mutation,SNP,C,C,A,p.R249S
TP53,17,7577534,7577534,+,Missense_Mutation,SNP,C,C,A,p.R249S
TP53,17,7577534,7577534,+,Missense_Mutation,SNP,C,C,A,p.R249S
TP53,17,7577534,7577534,+,Missense_Mutation,SNP,C,C,A,p.R249S
ATM,11,108115600,108115600,+,Nonsense_Mutation,SNP,C,C,T,p.R250*
TP53,17,7577532,7577532,+,Missense_Mutation,SNP,G,G,A,p.P250L
TP53,17,7577529,7577530,+,Frame_Shift_Ins,INS,-,-,T,p.I251fs
TP53,17,7577529,7577529,+,Frame_Shift_Del,DEL,A,A,-,p.I251fs
TP53,17,7577530,7577530,+,Missense_Mutation,SNP,T,T,G,p.I251L
TP53,17,7577529,7577529,+,Missense_Mutation,SNP,A,A,T,p.I251N
TP53,17,7577526,7577526,+,Missense_Mutation,SNP,A,A,G,p.L252P
TP53,17,7577517,7577517,+,Missense_Mutation,SNP,A,A,T,p.I255N
TP53,17,7577517,7577517,+,Missense_Mutation,SNP,A,A,C,p.I255S
TP53,17,7577517,7577517,+,Missense_Mutation,SNP,A,A,C,p.I255S
TP53,17,7577517,7577517,+,Missense_Mutation,SNP,A,A,G,p.I255T
TP53,17,7577509,7577509,+,Nonsense_Mutation,SNP,C,C,A,p.E258*
TP53,17,7577508,7577508,+,Missense_Mutation,SNP,T,T,G,p.E258A
TP53,17,7577509,7577509,+,Missense_Mutation,SNP,C,C,T,p.E258K
APC,5,112137021,112137021,+,Missense_Mutation,SNP,C,C,T,p.R259W
TP53,17,7577506,7577506,+,Missense_Mutation,SNP,C,C,T,p.D259N
TP53,17,7577505,7577505,+,Missense_Mutation,SNP,T,T,A,p.D259V
TP53,17,7577506,7577506,+,Missense_Mutation,SNP,C,C,A,p.D259Y
TP53,17,7577506,7577506,+,Missense_Mutation,SNP,C,C,A,p.D259Y
TP53,17,7577150,7577159,+,Splice_Site,DEL,TTACCACTAC,TTACCACTAC,-,p.S261_splice
TP53,17,7577156,7577156,+,Splice_Site,SNP,C,C,A,p.S261_splice
TP53,17,7577157,7577157,+,Splice_Site,SNP,T,T,G,p.S261_splice
TP53,17,7577157,7577157,+,Splice_Site,SNP,T,T,G,p.S261_splice
TP53,17,7577495,7577514,+,Splice_Site,DEL,TGACCTGGAGTCTTCCAGTG,TGACCTGGAGTCTTCCAGTG,-,p.S261_splice
TP53,17,7577498,7577498,+,Splice_Site,SNP,C,C,A,p.S261_splice
TP53,17,7577498,7577498,+,Splice_Site,SNP,C,C,T,p.S261_splice
TP53,17,7577499,7577499,+,Missense_Mutation,SNP,C,C,G,p.S261T
TP53,17,7577153,7577153,+,Missense_Mutation,SNP,C,C,T,p.G262D
TP53,17,7577153,7577153,+,Missense_Mutation,SNP,C,C,A,p.G262V
APC,5,112137036,112137036,+,Nonsense_Mutation,SNP,C,C,T,p.Q264*
TP53,17,7577144,7577144,+,Missense_Mutation,SNP,A,A,G,p.L265P
TP53,17,7577141,7577141,+,Missense_Mutation,SNP,C,C,T,p.G266E
TP53,17,7577141,7577141,+,Missense_Mutation,SNP,C,C,T,p.G266E
TP53,17,7577139,7577140,+,Frame_Shift_Ins,INS,-,-,A,p.G266fs
TP53,17,7577142,7577142,+,Missense_Mutation,SNP,C,C,G,p.G266R
TP53,17,7577137,7577137,+,Frame_Shift_Del,DEL,C,C,-,p.R267fs
TP53,17,7577138,7577138,+,Missense_Mutation,SNP,C,C,G,p.R267P
TP53,17,7577138,7577138,+,Missense_Mutation,SNP,C,C,G,p.R267P
TP53,17,7577139,7577139,+,Missense_Mutation,SNP,G,G,A,p.R267W
TP53,17,7577127,7577128,+,Frame_Shift_Ins,INS,-,-,A,p.F270fs
TP53,17,7577127,7577127,+,Missense_Mutation,SNP,C,C,T,p.E271K
TP53,17,7577127,7577127,+,Missense_Mutation,SNP,C,C,T,p.E271K
TP53,17,7577124,7577124,+,Missense_Mutation,SNP,C,C,A,p.V272L
TP53,17,7577124,7577124,+,Missense_Mutation,SNP,C,C,A,p.V272L
TP53,17,7577124,7577124,+,Missense_Mutation,SNP,C,C,T,p.V272M
TP53,17,7577124,7577124,+,Missense_Mutation,SNP,C,C,T,p.V272M
TP53,17,7577124,7577124,+,Missense_Mutation,SNP,C,C,T,p.V272M
TP53,17,7577124,7577124,+,Missense_Mutation,SNP,C,C,T,p.V272M
ATM,11,108115669,108115669,+,Missense_Mutation,SNP,G,G,A,p.D273N
TP53,17,7577121,7577121,+,Missense_Mutation,SNP,G,G,A,p.R273C
TP53,17,7577121,7577121,+,Missense_Mutation,SNP,G,G,A,p.R273C
TP53,17,7577121,7577121,+,Missense_Mutation,SNP,G,G,A,p.R273C
TP53,17,7577121,7577121,+,Missense_Mutation,SNP,G,G,A,p.R273C
TP53,17,7577121,7577121,+,Missense_Mutation,SNP,G,G,A,p.R273C
TP53,17,7577121,7577121,+,Missense_Mutation,SNP,G,G,A,p.R273C
TP53,17,7577121,7577121,+,Missense_Mutation,SNP,G,G,A,p.R273C
TP53,17,7577121,7577121,+,Missense_Mutation,SNP,G,G,A,p.R273C
TP53,17,7577121,7577121,+,Missense_Mutation,SNP,G,G,A,p.R273C
TP53,17,7577121,7577121,+,Missense_Mutation,SNP,G,G,A,p.R273C
TP53,17,7577121,7577121,+,Missense_Mutation,SNP,G,G,A,p.R273C
TP53,17,7577121,7577121,+,Missense_Mutation,SNP,G,G,A,p.R273C
TP53,17,7577121,7577121,+,Missense_Mutation,SNP,G,G,A,p.R273C
TP53,17,7577121,7577121,+,Missense_Mutation,SNP,G,G,A,p.R273C
TP53,17,7577121,7577121,+,Missense_Mutation,SNP,G,G,A,p.R273C
TP53,17,7577121,7577121,+,Missense_Mutation,SNP,G,G,A,p.R273C
TP53,17,7577121,7577121,+,Missense_Mutation,SNP,G,G,A,p.R273C
TP53,17,7577121,7577121,+,Missense_Mutation,SNP,G,G,A,p.R273C
TP53,17,7577120,7577120,+,Missense_Mutation,SNP,C,C,A,p.R273L
TP53,17,7577120,7577120,+,Missense_Mutation,SNP,C,C,A,p.R273L
TP53,17,7577120,7577120,+,Missense_Mutation,SNP,C,C,A,p.R273L
TP53,17,7577120,7577120,+,Missense_Mutation,SNP,C,C,A,p.R273L
TP53,17,7577120,7577120,+,Missense_Mutation,SNP,C,C,A,p.R273L
TP53,17,7577120,7577120,+,Missense_Mutation,SNP,C,C,A,p.R273L
TP53,17,7577120,7577120,+,Missense_Mutation,SNP,C,C,A,p.R273L
TP53,17,7577120,7577120,+,Missense_Mutation,SNP,C,C,A,p.R273L
TP53,17,7577120,7577121,+,Missense_Mutation,DNP,CG,CG,TA,p.R273Y
TP53,17,7577120,7577121,+,Missense_Mutation,DNP,CG,CG,TA,p.R273Y
TP53,17,7577120,7577121,+,Missense_Mutation,DNP,CG,CG,TA,p.R273Y
TP53,17,7577118,7577118,+,Missense_Mutation,SNP,C,C,A,p.V274F
TP53,17,7577118,7577118,+,Missense_Mutation,SNP,C,C,A,p.V274F
TP53,17,7577114,7577114,+,Missense_Mutation,SNP,C,C,A,p.C275F
TP53,17,7577114,7577114,+,Missense_Mutation,SNP,C,C,A,p.C275F
TP53,17,7577114,7577114,+,Missense_Mutation,SNP,C,C,T,p.C275Y
TP53,17,7577108,7577108,+,Missense_Mutation,SNP,C,C,A,p.C277F
TP53,17,7577105,7577106,+,Missense_Mutation,DNP,GG,GG,AA,p.P278F
TP53,17,7577105,7577106,+,Missense_Mutation,DNP,GG,GG,AA,p.P278F
TP53,17,7577105,7577105,+,Missense_Mutation,SNP,G,G,T,p.P278H
TP53,17,7577105,7577105,+,Missense_Mutation,SNP,G,G,C,p.P278R
TP53,17,7577106,7577106,+,Missense_Mutation,SNP,G,G,A,p.P278S
TP53,17,7577106,7577106,+,Missense_Mutation,SNP,G,G,A,p.P278S
TP53,17,7577106,7577106,+,Missense_Mutation,SNP,G,G,A,p.P278S
TP53,17,7577101,7577101,+,Frame_Shift_Del,DEL,C,C,-,p.G279fs
TP53,17,7577100,7577100,+,Missense_Mutation,SNP,T,T,C,p.R280G
TP53,17,7577099,7577099,+,Missense_Mutation,SNP,C,C,T,p.R280K
TP53,17,7577098,7577098,+,Missense_Mutation,SNP,T,T,A,p.R280S
TP53,17,7577099,7577099,+,Missense_Mutation,SNP,C,C,G,p.R280T
TP53,17,7577099,7577099,+,Missense_Mutation,SNP,C,C,G,p.R280T
TP53,17,7577099,7577099,+,Missense_Mutation,SNP,C,C,G,p.R280T
TP53,17,7577099,7577099,+,Missense_Mutation,SNP,C,C,G,p.R280T
TP53,17,7577097,7577097,+,Missense_Mutation,SNP,C,C,T,p.D281N
TP53,17,7577097,7577097,+,Missense_Mutation,SNP,C,C,A,p.D281Y
TP53,17,7577094,7577094,+,Missense_Mutation,SNP,G,G,C,p.R282G
TP53,17,7577093,7577093,+,Missense_Mutation,SNP,C,C,T,p.R282Q
TP53,17,7577094,7577094,+,Missense_Mutation,SNP,G,G,A,p.R282W
TP53,17,7577094,7577094,+,Missense_Mutation,SNP,G,G,A,p.R282W
TP53,17,7577094,7577094,+,Missense_Mutation,SNP,G,G,A,p.R282W
TP53,17,7577094,7577094,+,Missense_Mutation,SNP,G,G,A,p.R282W
PIK3CA,3,178921365,178921365,+,Missense_Mutation,SNP,C,C,T,p.P283S
TP53,17,7577086,7577087,+,Frame_Shift_Del,DEL,TG,TG,-,p.T284fs
TP53,17,7577086,7577087,+,Frame_Shift_Del,DEL,TG,TG,-,p.T284fs
TP53,17,7577080,7577088,+,In_Frame_Del,DEL,TTCCTCTGT,TTCCTCTGT,-,p.TEE284del
TP53,17,7577085,7577085,+,Missense_Mutation,SNP,C,C,T,p.E285K
TP53,17,7577085,7577085,+,Missense_Mutation,SNP,C,C,T,p.E285K
TP53,17,7577085,7577085,+,Missense_Mutation,SNP,C,C,T,p.E285K
TP53,17,7577085,7577085,+,Missense_Mutation,SNP,C,C,T,p.E285K
TP53,17,7577085,7577085,+,Missense_Mutation,SNP,C,C,T,p.E285K
TP53,17,7577082,7577082,+,Missense_Mutation,SNP,C,C,T,p.E286K
TP53,17,7577082,7577082,+,Missense_Mutation,SNP,C,C,T,p.E286K
TP53,17,7577077,7577082,+,In_Frame_Del,DEL,CTCTTC,CTCTTC,-,p.EE286del
TP53,17,7577079,7577079,+,Nonsense_Mutation,SNP,C,C,A,p.E287*
SPEN,1,16203155,16203155,+,Missense_Mutation,SNP,G,G,A,p.S288N
TP53,17,7577070,7577070,+,Missense_Mutation,SNP,G,G,A,p.R290C
ATM,11,108115724,108115724,+,Missense_Mutation,SNP,A,A,G,p.H291R
TP53,17,7577067,7577067,+,Nonsense_Mutation,SNP,T,T,A,p.K291*
TP53,17,7577067,7577067,+,Nonsense_Mutation,SNP,T,T,A,p.K291*
TP53,17,7577067,7577067,+,Missense_Mutation,SNP,T,T,C,p.K291E
TRRAP,7,98498324,98498324,+,Missense_Mutation,SNP,A,A,G,p.Y293C
TP53,17,7577058,7577059,+,Nonsense_Mutation,DNP,CC,CC,AG,p.E294*
TP53,17,7577058,7577058,+,Nonsense_Mutation,SNP,C,C,A,p.E294*
TP53,17,7577058,7577058,+,Nonsense_Mutation,SNP,C,C,A,p.E294*
TP53,17,7577052,7577052,+,Missense_Mutation,SNP,G,G,A,p.H296Y
TP53,17,7577046,7577046,+,Nonsense_Mutation,SNP,C,C,A,p.E298*
TP53,17,7577046,7577046,+,Nonsense_Mutation,SNP,C,C,A,p.E298*
TP53,17,7577036,7577036,+,Frame_Shift_Del,DEL,G,G,-,p.P301fs
APC,5,112151261,112151261,+,Nonsense_Mutation,SNP,C,C,T,p.R302*
TP53,17,7577022,7577023,+,Nonsense_Mutation,INS,-,-,CTTA,p.K305fs
TP53,17,7577022,7577022,+,Nonsense_Mutation,SNP,G,G,A,p.R306*
TP53,17,7577022,7577022,+,Nonsense_Mutation,SNP,G,G,A,p.R306*
TP53,17,7577022,7577022,+,Nonsense_Mutation,SNP,G,G,A,p.R306*
BRCA2,13,32906536,32906536,+,Frame_Shift_Del,DEL,T,T,-,p.S307fs
TP53,17,7576928,7576928,+,Splice_Site,SNP,T,T,A,p.A307_splice
TP53,17,7577017,7577017,+,Splice_Site,SNP,A,A,C,p.A307_splice
TP53,17,7577018,7577018,+,Splice_Site,SNP,C,C,A,p.A307_splice
TP53,17,7577018,7577018,+,Splice_Site,SNP,C,C,A,p.A307_splice
TP53,17,7577018,7577018,+,Splice_Site,SNP,C,C,G,p.A307_splice
TP53,17,7576916,7576917,+,Frame_Shift_Ins,INS,-,-,T,p.N310fs
APC,5,112154666,112154666,+,Nonsense_Mutation,SNP,G,G,T,p.E313*
TP53,17,7576897,7576898,+,Nonsense_Mutation,DNP,GG,GG,AA,p.Q317*
TP53,17,7576897,7576897,+,Nonsense_Mutation,SNP,G,G,A,p.Q317*
TP53,17,7576897,7576897,+,Nonsense_Mutation,SNP,G,G,A,p.Q317*
TP53,17,7576896,7576897,+,Frame_Shift_Ins,INS,-,-,G,p.Q317fs
TP53,17,7576891,7576891,+,Nonsense_Mutation,SNP,T,T,A,p.K319*
TP53,17,7576891,7576891,+,Nonsense_Mutation,SNP,T,T,A,p.K319*
TP53,17,7576886,7576886,+,Missense_Mutation,SNP,C,C,G,p.K320N
PIK3CA,3,178921481,178921481,+,Missense_Mutation,SNP,A,A,C,p.E321D
TP53,17,7576882,7576883,+,Frame_Shift_Ins,INS,-,-,TT,p.K321fs
ATM,11,108117753,108117753,+,Missense_Mutation,SNP,G,G,A,p.E322K
TP53,17,7576879,7576880,+,Frame_Shift_Del,DEL,GT,GT,-,p.P322fs
APC,5,112154703,112154703,+,Missense_Mutation,SNP,A,A,G,p.H325R
TP53,17,7576870,7576870,+,Nonsense_Mutation,SNP,C,C,A,p.E326*
TP53,17,7576870,7576870,+,Missense_Mutation,SNP,C,C,T,p.E326K
SPEN,1,16235913,16235914,+,Frame_Shift_Ins,INS,-,-,A,p.E327fs
ATM,11,108117775,108117775,+,Missense_Mutation,SNP,G,G,C,p.R329T
APC,5,112154721,112154721,+,Missense_Mutation,SNP,C,C,T,p.S331L
TP53,17,7576851,7576851,+,Splice_Site,SNP,A,A,C,p.Q331_splice
TP53,17,7576852,7576852,+,Splice_Site,SNP,C,C,A,p.Q331_splice
TP53,17,7576852,7576852,+,Splice_Site,SNP,C,C,T,p.Q331_splice
TP53,17,7576855,7576855,+,Nonsense_Mutation,SNP,G,G,A,p.Q331*
TP53,17,7576855,7576855,+,Nonsense_Mutation,SNP,G,G,A,p.Q331*
TP53,17,7576854,7576854,+,Missense_Mutation,SNP,T,T,C,p.Q331R
TP53,17,7574034,7574034,+,Splice_Site,SNP,C,C,G,p.I332_splice
TP53,17,7574034,7574034,+,Splice_Site,SNP,C,C,T,p.I332_splice
TP53,17,7574026,7574026,+,Missense_Mutation,SNP,C,C,A,p.G334V
TP53,17,7574021,7574021,+,Nonsense_Mutation,SNP,C,C,A,p.E336*
ATM,11,108117798,108117798,+,Missense_Mutation,SNP,C,C,T,p.R337C
TP53,17,7574018,7574018,+,Missense_Mutation,SNP,G,G,A,p.R337C
TP53,17,7574012,7574012,+,Nonsense_Mutation,SNP,C,C,A,p.E339*
TP53,17,7574003,7574003,+,Nonsense_Mutation,SNP,G,G,A,p.R342*
TP53,17,7574003,7574003,+,Nonsense_Mutation,SNP,G,G,A,p.R342*
TP53,17,7574003,7574003,+,Nonsense_Mutation,SNP,G,G,A,p.R342*
TP53,17,7574003,7574003,+,Nonsense_Mutation,SNP,G,G,A,p.R342*
PIK3CA,3,178921549,178921549,+,Missense_Mutation,SNP,T,T,G,p.V344G
ATM,11,108117824,108117824,+,Missense_Mutation,SNP,G,G,T,p.L345F
PIK3CA,3,178921552,178921552,+,Missense_Mutation,SNP,A,A,G,p.N345S
ATM,11,108117828,108117828,+,Missense_Mutation,SNP,G,G,A,p.E347K
TP53,17,7573987,7573987,+,Missense_Mutation,SNP,G,G,A,p.A347V
PIK3CA,3,178921566,178921566,+,Missense_Mutation,SNP,G,G,A,p.D350N
PIK3CA,3,178922301,178922301,+,Missense_Mutation,SNP,G,G,A,p.R357Q
APC,5,112154808,112154808,+,Nonsense_Mutation,SNP,T,T,G,p.L360*
APC,5,112154818,112154818,+,Missense_Mutation,SNP,T,T,G,p.N363K
PIK3CA,3,178922324,178922324,+,Missense_Mutation,SNP,G,G,A,p.E365K
TRRAP,7,98503880,98503880,+,Splice_Site,SNP,T,T,C,p.R372_splice
TRRAP,7,98506367,98506367,+,Missense_Mutation,SNP,A,A,G,p.T378A
SPEN,1,16237699,16237699,+,Missense_Mutation,SNP,C,C,A,p.F382L
ATM,11,108119741,108119741,+,Missense_Mutation,SNP,C,C,G,p.P383A
TRRAP,7,98506382,98506382,+,Missense_Mutation,SNP,G,G,A,p.V383M
TRRAP,7,98506388,98506388,+,Missense_Mutation,SNP,C,C,A,p.H385N
PIK3CA,3,178927394,178927394,+,Missense_Mutation,SNP,G,G,T,p.W386L
APC,5,112154948,112154948,+,Missense_Mutation,SNP,C,C,T,p.L407F
APC,5,112154970,112154970,+,Missense_Mutation,SNP,G,G,A,p.R414H
BRCA2,13,32906859,32906859,+,Missense_Mutation,SNP,A,A,G,p.H415R
APC,5,112154981,112154981,+,Nonsense_Mutation,SNP,G,G,T,p.E418*
PIK3CA,3,178927980,178927980,+,Missense_Mutation,SNP,T,T,C,p.C420R
PIK3CA,3,178927980,178927980,+,Missense_Mutation,SNP,T,T,C,p.C420R
PIK3CA,3,178927980,178927980,+,Missense_Mutation,SNP,T,T,C,p.C420R
PIK3CA,3,178927980,178927980,+,Missense_Mutation,SNP,T,T,C,p.C420R
PIK3CA,3,178927980,178927985,+,In_Frame_Del,DEL,TGTCCA,TGTCCA,-,p.CP420del
SPEN,1,16242646,16242646,+,Missense_Mutation,SNP,C,C,T,p.R423C
APC,5,112155018,112155018,+,Missense_Mutation,SNP,G,G,C,p.G430A
SPEN,1,16242667,16242667,+,Missense_Mutation,SNP,G,G,C,p.D430H
APC,5,112155022,112155022,+,Missense_Mutation,SNP,G,G,A,p.M431I
APC,5,112157609,112157609,+,Silent,SNP,A,A,G,p.E443E
BRCA2,13,32906942,32906942,+,Nonsense_Mutation,SNP,G,G,T,p.E443*
TRRAP,7,98506575,98506575,+,Missense_Mutation,SNP,G,G,A,p.R447Q
SPEN,1,16242722,16242722,+,Missense_Mutation,SNP,C,C,A,p.T448N
TRRAP,7,98506579,98506579,+,Missense_Mutation,SNP,G,G,T,p.M448I
APC,5,112157627,112157628,+,Frame_Shift_Del,DEL,TG,TG,-,p.A449fs
PIK3CA,3,178928067,178928067,+,Missense_Mutation,SNP,C,C,A,p.P449T
ATM,11,108121541,108121541,+,Missense_Mutation,SNP,A,A,G,p.E450G
SPEN,1,16242735,16242735,+,Missense_Mutation,SNP,T,T,A,p.H452Q
PIK3CA,3,178928079,178928079,+,Missense_Mutation,SNP,G,G,A,p.E453K
APC,5,112157645,112157645,+,Silent,SNP,A,A,G,p.K455K
TRRAP,7,98507728,98507728,+,Frame_Shift_Del,DEL,T,T,-,p.I467fs
APC,5,112157688,112157688,+,Missense_Mutation,SNP,G,G,A,p.G470R
APC,5,112162808,112162808,+,Missense_Mutation,SNP,G,G,A,p.G471E
PIK3CA,3,178928229,178928229,+,Missense_Mutation,SNP,G,G,A,p.C472Y
APC,5,112162814,112162814,+,Missense_Mutation,SNP,A,A,G,p.Q473R
ATM,11,108121628,108121628,+,Missense_Mutation,SNP,A,A,C,p.D479A
APC,5,112162853,112162854,+,Missense_Mutation,DNP,AT,AT,GC,p.Y486C
ATM,11,108121661,108121661,+,Missense_Mutation,SNP,T,T,C,p.I490T
ATM,11,108121670,108121670,+,Missense_Mutation,SNP,G,G,A,p.R493H
ATM,11,108121708,108121709,+,Missense_Mutation,DNP,GG,GG,TT,p.G506F
PIK3CA,3,178928342,178928342,+,Missense_Mutation,SNP,C,C,A,p.H510N
TRRAP,7,98507890,98507890,+,Missense_Mutation,SNP,C,C,T,p.P521L
BRCA2,13,32907183,32907183,+,Missense_Mutation,SNP,A,A,G,p.H523R
APC,5,112163653,112163653,+,Missense_Mutation,SNP,A,A,T,p.M526L
APC,5,112163660,112163660,+,Missense_Mutation,SNP,C,C,T,p.A528V
APC,5,112163663,112163663,+,Missense_Mutation,SNP,T,T,G,p.L529R
TRRAP,7,98507917,98507917,+,Missense_Mutation,SNP,A,A,C,p.Q530P
SPEN,1,16245969,16245969,+,Missense_Mutation,SNP,A,A,G,p.Q531R
ATM,11,108121792,108121792,+,Missense_Mutation,SNP,C,C,G,p.P534A
PIK3CA,3,178936074,178936074,+,Missense_Mutation,SNP,C,C,G,p.P539R
PIK3CA,3,178936074,178936074,+,Missense_Mutation,SNP,C,C,G,p.P539R
PIK3CA,3,178936082,178936082,+,Missense_Mutation,SNP,G,G,A,p.E542K
PIK3CA,3,178936082,178936082,+,Missense_Mutation,SNP,G,G,A,p.E542K
PIK3CA,3,178936082,178936082,+,Missense_Mutation,SNP,G,G,A,p.E542K
PIK3CA,3,178936082,178936082,+,Missense_Mutation,SNP,G,G,A,p.E542K
PIK3CA,3,178936082,178936082,+,Missense_Mutation,SNP,G,G,A,p.E542K
PIK3CA,3,178936082,178936082,+,Missense_Mutation,SNP,G,G,A,p.E542K
PIK3CA,3,178936082,178936082,+,Missense_Mutation,SNP,G,G,A,p.E542K
PIK3CA,3,178936082,178936082,+,Missense_Mutation,SNP,G,G,A,p.E542K
PIK3CA,3,178936082,178936082,+,Missense_Mutation,SNP,G,G,A,p.E542K
PIK3CA,3,178936092,178936092,+,Missense_Mutation,SNP,A,A,C,p.E545A
PIK3CA,3,178936092,178936092,+,Missense_Mutation,SNP,A,A,C,p.E545A
PIK3CA,3,178936093,178936093,+,Missense_Mutation,SNP,G,G,T,p.E545D
PIK3CA,3,178936092,178936092,+,Missense_Mutation,SNP,A,A,G,p.E545G
PIK3CA,3,178936092,178936092,+,Missense_Mutation,SNP,A,A,G,p.E545G
PIK3CA,3,178936092,178936092,+,Missense_Mutation,SNP,A,A,G,p.E545G
PIK3CA,3,178936092,178936092,+,Missense_Mutation,SNP,A,A,G,p.E545G
PIK3CA,3,178936091,178936091,+,Missense_Mutation,SNP,G,G,A,p.E545K
PIK3CA,3,178936091,178936091,+,Missense_Mutation,SNP,G,G,A,p.E545K
PIK3CA,3,178936091,178936091,+,Missense_Mutation,SNP,G,G,A,p.E545K
PIK3CA,3,178936091,178936091,+,Missense_Mutation,SNP,G,G,A,p.E545K
PIK3CA,3,178936091,178936091,+,Missense_Mutation,SNP,G,G,A,p.E545K
PIK3CA,3,178936091,178936091,+,Missense_Mutation,SNP,G,G,A,p.E545K
PIK3CA,3,178936091,178936091,+,Missense_Mutation,SNP,G,G,A,p.E545K
PIK3CA,3,178936091,178936091,+,Missense_Mutation,SNP,G,G,A,p.E545K
PIK3CA,3,178936091,178936091,+,Missense_Mutation,SNP,G,G,A,p.E545K
PIK3CA,3,178936091,178936091,+,Missense_Mutation,SNP,G,G,A,p.E545K
PIK3CA,3,178936091,178936091,+,Missense_Mutation,SNP,G,G,A,p.E545K
PIK3CA,3,178936091,178936091,+,Missense_Mutation,SNP,G,G,A,p.E545K
PIK3CA,3,178936091,178936091,+,Missense_Mutation,SNP,G,G,A,p.E545K
PIK3CA,3,178936091,178936091,+,Missense_Mutation,SNP,G,G,A,p.E545K
PIK3CA,3,178936091,178936091,+,Missense_Mutation,SNP,G,G,A,p.E545K
PIK3CA,3,178936091,178936091,+,Missense_Mutation,SNP,G,G,A,p.E545K
PIK3CA,3,178936091,178936091,+,Missense_Mutation,SNP,G,G,A,p.E545K
PIK3CA,3,178936092,178936092,+,Missense_Mutation,SNP,A,A,T,p.E545V
PIK3CA,3,178936094,178936094,+,Missense_Mutation,SNP,C,C,A,p.Q546K
PIK3CA,3,178936095,178936095,+,Missense_Mutation,SNP,A,A,G,p.Q546R
PIK3CA,3,178936095,178936095,+,Missense_Mutation,SNP,A,A,G,p.Q546R
SPEN,1,16247364,16247364,+,Splice_Site,SNP,G,G,A,p.V546_splice
PIK3CA,3,178936103,178936103,+,Missense_Mutation,SNP,G,G,A,p.D549N
PIK3CA,3,178936103,178936103,+,Missense_Mutation,SNP,G,G,A,p.D549N
BRCA2,13,32907300,32907300,+,Missense_Mutation,SNP,G,G,A,p.S562N
APC,5,112164622,112164622,+,Missense_Mutation,SNP,G,G,A,p.V566I
PIK3CA,3,178937019,178937019,+,Missense_Mutation,SNP,A,A,G,p.K567R
TRRAP,7,98508145,98508145,+,Missense_Mutation,SNP,T,T,C,p.I576T
BRCA2,13,32907348,32907348,+,Missense_Mutation,SNP,G,G,A,p.G578D
ATM,11,108122697,108122697,+,Missense_Mutation,SNP,T,T,G,p.L581V
BRCA2,13,32907359,32907359,+,Missense_Mutation,SNP,A,A,C,p.T582P
BRCA2,13,32907359,32907359,+,Missense_Mutation,SNP,A,A,C,p.T582P
ATM,11,108122714,108122714,+,Missense_Mutation,SNP,G,G,T,p.E586D
TRRAP,7,98508190,98508190,+,Missense_Mutation,SNP,A,A,C,p.K591T
BRCA2,13,32907401,32907401,+,Missense_Mutation,SNP,G,G,C,p.D596H
BRCA2,13,32907410,32907410,+,Missense_Mutation,SNP,T,T,G,p.S599A
APC,5,112170707,112170707,+,Missense_Mutation,SNP,G,G,C,p.E601D
BRCA2,13,32907421,32907421,+,Frame_Shift_Del,DEL,A,A,-,p.G602fs
SPEN,1,16248804,16248804,+,Missense_Mutation,SNP,C,C,A,p.Q604K
ATM,11,108123578,108123578,+,Missense_Mutation,SNP,G,G,T,p.V613L
ATM,11,108123595,108123595,+,Missense_Mutation,SNP,A,A,C,p.K618N
APC,5,112170777,112170777,+,Nonsense_Mutation,SNP,C,C,T,p.Q625*
ATM,11,108123615,108123616,+,Frame_Shift_Ins,INS,-,-,T,p.N625fs
APC,5,112170785,112170785,+,Silent,SNP,C,C,T,p.N627N
ATM,11,108123635,108123635,+,Missense_Mutation,SNP,G,G,C,p.E632Q
APC,5,112170809,112170809,+,Silent,SNP,A,A,G,p.G635G
BRCA2,13,32907526,32907526,+,Splice_Site,SNP,T,T,C,p.G637_splice
SPEN,1,16254645,16254645,+,Missense_Mutation,SNP,G,G,T,p.R637L
TRRAP,7,98508805,98508805,+,Missense_Mutation,SNP,A,A,C,p.T640P
APC,5,112170851,112170851,+,Silent,SNP,T,T,C,p.N649N
APC,5,112170854,112170854,+,Silent,SNP,G,G,A,p.E650E
SPEN,1,16254687,16254687,+,Missense_Mutation,SNP,C,C,T,p.P651L
APC,5,112173260,112173261,+,Frame_Shift_Del,DEL,AG,AG,-,p.R657fs
SPEN,1,16254720,16254720,+,Missense_Mutation,SNP,A,A,G,p.E662G
APC,5,112173307,112173307,+,Silent,SNP,T,T,C,p.H672H
APC,5,112173310,112173310,+,Silent,SNP,T,T,C,p.S673S
PIK3CA,3,178938778,178938778,+,Missense_Mutation,SNP,G,G,C,p.E674Q
APC,5,112173323,112173323,+,Missense_Mutation,SNP,A,A,G,p.S678G
ATM,11,108124690,108124690,+,Missense_Mutation,SNP,A,A,G,p.H683R
APC,5,112173346,112173346,+,Nonsense_Mutation,SNP,G,G,A,p.W685*
PIK3CA,3,178938836,178938836,+,Missense_Mutation,SNP,G,G,A,p.R693H
TRRAP,7,98509724,98509724,+,Missense_Mutation,SNP,G,G,A,p.R696H
APC,5,112173382,112173382,+,Silent,SNP,A,A,C,p.A697A
APC,5,112173385,112173385,+,Silent,SNP,A,A,G,p.L698L
SPEN,1,16254885,16254885,+,Missense_Mutation,SNP,A,A,G,p.H717R
ATM,11,108126976,108126976,+,Missense_Mutation,SNP,G,G,A,p.R720H
TRRAP,7,98509802,98509802,+,Missense_Mutation,SNP,C,C,T,p.S722F
TRRAP,7,98509802,98509803,+,Missense_Mutation,DNP,CC,CC,TT,p.S722F
TRRAP,7,98509802,98509803,+,Missense_Mutation,DNP,CC,CC,TT,p.S722F
PIK3CA,3,178938932,178938932,+,Missense_Mutation,SNP,A,A,G,p.D725G
PIK3CA,3,178938934,178938934,+,Missense_Mutation,SNP,G,G,A,p.E726K
APC,5,112173471,112173471,+,Missense_Mutation,SNP,G,G,T,p.R727M
APC,5,112173471,112173471,+,Missense_Mutation,SNP,G,G,T,p.R727M
TRRAP,7,98513350,98513350,+,Missense_Mutation,SNP,A,A,G,p.H735R
SPEN,1,16254989,16254989,+,Missense_Mutation,SNP,G,G,C,p.E752Q
TRRAP,7,98513412,98513412,+,Missense_Mutation,SNP,T,T,C,p.Y756H
BRCA2,13,32910767,32910767,+,Missense_Mutation,SNP,C,C,G,p.L759V
TRRAP,7,98513428,98513428,+,Missense_Mutation,SNP,G,G,T,p.R761L
PIK3CA,3,178941965,178941965,+,Nonsense_Mutation,SNP,G,G,T,p.G762*
APC,5,112173587,112173587,+,Missense_Mutation,SNP,G,G,T,p.A766S
APC,5,112173599,112173599,+,Missense_Mutation,SNP,T,T,C,p.S770P
PIK3CA,3,178942502,178942502,+,Missense_Mutation,SNP,G,G,A,p.R770Q
APC,5,112173602,112173602,+,Missense_Mutation,SNP,G,G,C,p.E771Q
APC,5,112173656,112173656,+,Nonsense_Mutation,SNP,C,C,T,p.Q789*
ATM,11,108128334,108128334,+,Splice_Site,SNP,G,G,T,p.K792_splice
APC,5,112173690,112173690,+,Frame_Shift_Del,DEL,T,T,-,p.V800fs
SPEN,1,16255141,16255142,+,Frame_Shift_Ins,INS,-,-,GA,p.V802fs
SPEN,1,16255142,16255143,+,Frame_Shift_Del,DEL,GA,GA,-,p.E803fs
APC,5,112173711,112173711,+,Missense_Mutation,SNP,A,A,G,p.D807G
APC,5,112173723,112173723,+,Nonsense_Mutation,SNP,C,C,G,p.S811*
BRCA2,13,32910948,32910948,+,Missense_Mutation,SNP,A,A,G,p.Q819R
BRCA2,13,32910968,32910968,+,Missense_Mutation,SNP,G,G,A,p.E826K
SPEN,1,16255220,16255220,+,Missense_Mutation,SNP,C,C,T,p.H829Y
BRCA2,13,32910983,32910983,+,Missense_Mutation,SNP,G,G,A,p.V831I
TRRAP,7,98515205,98515205,+,Missense_Mutation,SNP,T,T,C,p.V842A
ATM,11,108137973,108137973,+,Missense_Mutation,SNP,G,G,C,p.E848Q
TRRAP,7,98515229,98515229,+,Frame_Shift_Del,DEL,A,A,-,p.E850fs
APC,5,112173848,112173848,+,Nonsense_Mutation,SNP,G,G,T,p.E853*
APC,5,112173857,112173857,+,Missense_Mutation,SNP,C,C,T,p.R856C
APC,5,112173858,112173858,+,Missense_Mutation,SNP,G,G,A,p.R856H
BRCA2,13,32911058,32911058,+,Missense_Mutation,SNP,A,A,T,p.N856Y
ATM,11,108138000,108138000,+,Missense_Mutation,SNP,C,C,G,p.L857V
APC,5,112173877,112173877,+,Missense_Mutation,SNP,C,C,G,p.N862K
APC,5,112173877,112173877,+,Missense_Mutation,SNP,C,C,G,p.N862K
APC,5,112173885,112173885,+,Missense_Mutation,SNP,C,C,T,p.P865L
PIK3CA,3,178947162,178947162,+,Missense_Mutation,SNP,G,G,C,p.L866F
BRCA2,13,32911104,32911104,+,Nonsense_Mutation,SNP,C,C,A,p.S871*
APC,5,112173917,112173917,+,Nonsense_Mutation,SNP,C,C,T,p.R876*
TRRAP,7,98519386,98519386,+,Missense_Mutation,SNP,G,G,A,p.R878H
TRRAP,7,98519398,98519398,+,Missense_Mutation,SNP,A,A,G,p.N882S
APC,5,112173971,112173971,+,Missense_Mutation,SNP,G,G,A,p.V894M
TRRAP,7,98519452,98519452,+,Missense_Mutation,SNP,G,G,A,p.G900D
SPEN,1,16255455,16255455,+,Missense_Mutation,SNP,C,C,T,p.T907I
TRRAP,7,98519473,98519473,+,Missense_Mutation,SNP,A,A,G,p.K907R
PIK3CA,3,178947865,178947865,+,Missense_Mutation,SNP,G,G,A,p.G914R
APC,5,112174062,112174062,+,Missense_Mutation,SNP,G,G,A,p.R924K
ATM,11,108139268,108139268,+,Missense_Mutation,SNP,C,C,T,p.R924W
APC,5,112174071,112174071,+,Missense_Mutation,SNP,C,C,G,p.A927G
TRRAP,7,98519541,98519541,+,Missense_Mutation,SNP,G,G,A,p.D930N
ATM,11,108139302,108139302,+,Missense_Mutation,SNP,C,C,G,p.T935R
ATM,11,108139302,108139302,+,Missense_Mutation,SNP,C,C,G,p.T935R
ATM,11,108139302,108139302,+,Missense_Mutation,SNP,C,C,G,p.T935R
ATM,11,108139302,108139302,+,Missense_Mutation,SNP,C,C,G,p.T935R
SPEN,1,16255546,16255546,+,Missense_Mutation,SNP,G,G,C,p.M937I
ATM,11,108139328,108139328,+,Missense_Mutation,SNP,C,C,G,p.L944V
TRRAP,7,98522741,98522741,+,Missense_Mutation,SNP,G,G,A,p.E944K
SPEN,1,16255604,16255604,+,Missense_Mutation,SNP,A,A,G,p.R957G
ATM,11,108141831,108141831,+,Missense_Mutation,SNP,C,C,G,p.P960R
SPEN,1,16255620,16255620,+,Missense_Mutation,SNP,A,A,C,p.K962T
PIK3CA,3,178948127,178948127,+,Missense_Mutation,SNP,G,G,A,p.G967R
ATM,11,108141874,108141874,+,Splice_Site,SNP,G,G,A,p.S974_splice
ATM,11,108141976,108141976,+,Splice_Site,SNP,A,A,T,p.S974_splice
ATM,11,108141873,108141873,+,Missense_Mutation,SNP,C,C,T,p.S974F
PIK3CA,3,178948160,178948160,+,Missense_Mutation,SNP,G,G,A,p.E978K
TRRAP,7,98522877,98522877,+,Missense_Mutation,SNP,C,C,A,p.A989E
APC,5,112174270,112174270,+,Missense_Mutation,SNP,G,G,T,p.K993N
APC,5,112174270,112174270,+,Missense_Mutation,SNP,G,G,T,p.K993N
APC,5,112174319,112174319,+,Missense_Mutation,SNP,A,A,G,p.S1010G
APC,5,112174349,112174349,+,Missense_Mutation,SNP,G,G,A,p.E1020K
SPEN,1,16255805,16255805,+,Missense_Mutation,SNP,T,T,G,p.S1024A
ATM,11,108142130,108142130,+,Missense_Mutation,SNP,T,T,G,p.F1025C
PIK3CA,3,178952018,178952018,+,Missense_Mutation,SNP,A,A,G,p.T1025A
PIK3CA,3,178952018,178952018,+,Missense_Mutation,SNP,A,A,G,p.T1025A
TRRAP,7,98524893,98524893,+,Missense_Mutation,SNP,A,A,G,p.M1027V
SPEN,1,16255817,16255817,+,Missense_Mutation,SNP,A,A,C,p.I1028L
APC,5,112174379,112174379,+,Nonsense_Mutation,SNP,A,A,T,p.K1030*
PIK3CA,3,178952036,178952036,+,Missense_Mutation,SNP,A,A,G,p.T1031A
APC,5,112174386,112174386,+,Nonsense_Mutation,SNP,C,C,A,p.S1032*
APC,5,112174393,112174393,+,Missense_Mutation,SNP,G,G,C,p.E1034D
PIK3CA,3,178952046,178952046,+,Missense_Mutation,SNP,A,A,C,p.E1034A
TRRAP,7,98524917,98524917,+,Missense_Mutation,SNP,C,C,T,p.R1035W
PIK3CA,3,178952074,178952074,+,Missense_Mutation,SNP,G,G,T,p.M1043I
TRRAP,7,98524941,98524941,+,Missense_Mutation,SNP,G,G,A,p.A1043T
APC,5,112174422,112174422,+,Missense_Mutation,SNP,C,C,T,p.S1044L
PIK3CA,3,178952085,178952085,+,Missense_Mutation,SNP,A,A,T,p.H1047L
PIK3CA,3,178952085,178952085,+,Missense_Mutation,SNP,A,A,T,p.H1047L
PIK3CA,3,178952085,178952085,+,Missense_Mutation,SNP,A,A,T,p.H1047L
PIK3CA,3,178952085,178952085,+,Missense_Mutation,SNP,A,A,G,p.H1047R
PIK3CA,3,178952085,178952085,+,Missense_Mutation,SNP,A,A,G,p.H1047R
PIK3CA,3,178952085,178952085,+,Missense_Mutation,SNP,A,A,G,p.H1047R
PIK3CA,3,178952085,178952085,+,Missense_Mutation,SNP,A,A,G,p.H1047R
PIK3CA,3,178952085,178952085,+,Missense_Mutation,SNP,A,A,G,p.H1047R
PIK3CA,3,178952085,178952085,+,Missense_Mutation,SNP,A,A,G,p.H1047R
PIK3CA,3,178952085,178952085,+,Missense_Mutation,SNP,A,A,G,p.H1047R
PIK3CA,3,178952085,178952085,+,Missense_Mutation,SNP,A,A,G,p.H1047R
PIK3CA,3,178952085,178952085,+,Missense_Mutation,SNP,A,A,G,p.H1047R
PIK3CA,3,178952085,178952085,+,Missense_Mutation,SNP,A,A,G,p.H1047R
PIK3CA,3,178952085,178952085,+,Missense_Mutation,SNP,A,A,G,p.H1047R
PIK3CA,3,178952085,178952085,+,Missense_Mutation,SNP,A,A,G,p.H1047R
PIK3CA,3,178952085,178952085,+,Missense_Mutation,SNP,A,A,G,p.H1047R
PIK3CA,3,178952085,178952085,+,Missense_Mutation,SNP,A,A,G,p.H1047R
PIK3CA,3,178952085,178952085,+,Missense_Mutation,SNP,A,A,G,p.H1047R
PIK3CA,3,178952085,178952085,+,Missense_Mutation,SNP,A,A,G,p.H1047R
PIK3CA,3,178952085,178952085,+,Missense_Mutation,SNP,A,A,G,p.H1047R
PIK3CA,3,178952085,178952085,+,Missense_Mutation,SNP,A,A,G,p.H1047R
PIK3CA,3,178952085,178952085,+,Missense_Mutation,SNP,A,A,G,p.H1047R
PIK3CA,3,178952085,178952085,+,Missense_Mutation,SNP,A,A,G,p.H1047R
PIK3CA,3,178952084,178952084,+,Missense_Mutation,SNP,C,C,T,p.H1047Y
PIK3CA,3,178952084,178952084,+,Missense_Mutation,SNP,C,C,T,p.H1047Y
PIK3CA,3,178952090,178952090,+,Missense_Mutation,SNP,G,G,C,p.G1049R
PIK3CA,3,178952090,178952090,+,Missense_Mutation,SNP,G,G,C,p.G1049R
SPEN,1,16255883,16255883,+,Frame_Shift_Del,DEL,A,A,-,p.K1050fs
ATM,11,108143487,108143487,+,Missense_Mutation,SNP,G,G,T,p.M1064I
SPEN,1,16255925,16255925,+,Missense_Mutation,SNP,A,A,G,p.K1064E
SPEN,1,16255925,16255925,+,Missense_Mutation,SNP,A,A,G,p.K1064E
PIK3CA,3,178952142,178952142,+,Missense_Mutation,SNP,C,C,T,p.A1066V
PIK3CA,3,178952142,178952142,+,Missense_Mutation,SNP,C,C,T,p.A1066V
APC,5,112174494,112174494,+,Nonsense_Mutation,SNP,C,C,G,p.S1068*
PIK3CA,3,178952152,178952152,+,Nonstop_Mutation,SNP,A,A,G,p.*1069W
PIK3CA,3,178952152,178952152,+,Nonstop_Mutation,SNP,A,A,G,p.*1069W
TRRAP,7,98527649,98527649,+,Missense_Mutation,SNP,G,G,T,p.Q1071H
SPEN,1,16255949,16255949,+,Missense_Mutation,SNP,A,A,T,p.I1072F
SPEN,1,16255962,16255962,+,Missense_Mutation,SNP,C,C,T,p.S1076F
TRRAP,7,98527662,98527662,+,Missense_Mutation,SNP,A,A,G,p.M1076V
SPEN,1,16255968,16255968,+,Nonsense_Mutation,SNP,C,C,G,p.S1078*
SPEN,1,16255972,16255972,+,Missense_Mutation,SNP,G,G,T,p.R1079S
ATM,11,108143552,108143552,+,Missense_Mutation,SNP,G,G,A,p.R1086H
APC,5,112174556,112174556,+,Frame_Shift_Del,DEL,T,T,-,p.F1089fs
TRRAP,7,98527717,98527717,+,Missense_Mutation,SNP,A,A,C,p.D1094A
APC,5,112174577,112174577,+,Nonsense_Mutation,SNP,C,C,T,p.Q1096*
BRCA2,13,32911791,32911791,+,Missense_Mutation,SNP,A,A,C,p.N1100T
APC,5,112174604,112174605,+,Frame_Shift_Ins,INS,-,-,G,p.R1105fs
APC,5,112174605,112174605,+,Frame_Shift_Del,DEL,G,G,-,p.R1105fs
APC,5,112174631,112174631,+,Nonsense_Mutation,SNP,C,C,T,p.R1114*
APC,5,112174631,112174631,+,Nonsense_Mutation,SNP,C,C,T,p.R1114*
SPEN,1,16256076,16256076,+,Missense_Mutation,SNP,A,A,G,p.K1114R
APC,5,112174645,112174645,+,Missense_Mutation,SNP,T,T,A,p.N1118K
APC,5,112174669,112174669,+,Missense_Mutation,SNP,C,C,G,p.S1126R
APC,5,112174669,112174669,+,Missense_Mutation,SNP,C,C,G,p.S1126R
APC,5,112174682,112174682,+,Nonsense_Mutation,SNP,C,C,T,p.Q1131*
TRRAP,7,98528268,98528268,+,Missense_Mutation,SNP,C,C,T,p.P1136S
SPEN,1,16256165,16256165,+,Frame_Shift_Del,DEL,A,A,-,p.K1144fs
ATM,11,108151776,108151777,+,Frame_Shift_Ins,INS,-,-,T,p.V1153fs
APC,5,112174762,112174762,+,Frame_Shift_Del,DEL,G,G,-,p.E1157fs
TRRAP,7,98528336,98528336,+,Frame_Shift_Del,DEL,G,G,-,p.L1158fs
TRRAP,7,98528336,98528336,+,Frame_Shift_Del,DEL,G,G,-,p.L1158fs
APC,5,112174770,112174770,+,Missense_Mutation,SNP,C,C,A,p.T1160K
BRCA2,13,32911973,32911973,+,Missense_Mutation,SNP,G,G,A,p.D1161N
TRRAP,7,98528364,98528364,+,Missense_Mutation,SNP,A,A,G,p.M1168V
APC,5,112174802,112174802,+,Missense_Mutation,SNP,C,C,T,p.R1171C
APC,5,112174802,112174802,+,Missense_Mutation,SNP,C,C,T,p.R1171C
APC,5,112174822,112174822,+,Missense_Mutation,SNP,T,T,G,p.I1177M
BRCA2,13,32912060,32912060,+,Missense_Mutation,SNP,C,C,T,p.R1190W
SPEN,1,16256318,16256318,+,Missense_Mutation,SNP,C,C,T,p.P1195S
APC,5,112174878,112174878,+,Nonsense_Mutation,SNP,C,C,A,p.S1196*
APC,5,112174878,112174878,+,Nonsense_Mutation,SNP,C,C,G,p.S1196*
APC,5,112174882,112174882,+,Frame_Shift_Del,DEL,C,C,-,p.F1197fs
BRCA2,13,32912090,32912091,+,Frame_Shift_Del,DEL,TG,TG,-,p.C1200fs
BRCA2,13,32912115,32912115,+,Nonsense_Mutation,SNP,T,T,A,p.L1208*
SPEN,1,16256358,16256358,+,Missense_Mutation,SNP,T,T,G,p.V1208G
ATM,11,108153488,108153488,+,Missense_Mutation,SNP,A,A,G,p.M1210V
SPEN,1,16256372,16256372,+,Frame_Shift_Del,DEL,A,A,-,p.K1213fs
SPEN,1,16256381,16256381,+,Missense_Mutation,SNP,C,C,G,p.Q1216E
ATM,11,108153528,108153528,+,Missense_Mutation,SNP,A,A,G,p.N1223S
APC,5,112174982,112174982,+,Missense_Mutation,SNP,C,C,G,p.L1231V
ATM,11,108153554,108153554,+,Missense_Mutation,SNP,T,T,C,p.S1232P
APC,5,112174989,112174989,+,Missense_Mutation,SNP,C,C,T,p.P1233L
ATM,11,108153561,108153561,+,Missense_Mutation,SNP,T,T,C,p.F1234S
SPEN,1,16256435,16256435,+,Missense_Mutation,SNP,G,G,A,p.D1234N
BRCA2,13,32912239,32912239,+,Missense_Mutation,SNP,G,G,T,p.E1249D
SPEN,1,16256484,16256484,+,Missense_Mutation,SNP,A,A,G,p.Q1250R
SPEN,1,16256507,16256507,+,Missense_Mutation,SNP,A,A,T,p.T1258S
SPEN,1,16256510,16256510,+,Missense_Mutation,SNP,G,G,T,p.G1259C
SPEN,1,16256547,16256547,+,Missense_Mutation,SNP,A,A,C,p.E1271A
SPEN,1,16256547,16256547,+,Missense_Mutation,SNP,A,A,C,p.E1271A
APC,5,112175124,112175124,+,Nonsense_Mutation,SNP,C,C,A,p.S1278*
ATM,11,108155043,108155043,+,Nonsense_Mutation,SNP,G,G,A,p.W1279*
BRCA2,13,32912345,32912346,+,Frame_Shift_Ins,INS,-,-,A,p.E1285fs
BRCA2,13,32912346,32912346,+,Frame_Shift_Del,DEL,A,A,-,p.E1285fs
BRCA2,13,32912346,32912346,+,Frame_Shift_Del,DEL,A,A,-,p.E1285fs
APC,5,112175166,112175166,+,Missense_Mutation,SNP,C,C,T,p.T1292M
SPEN,1,16256610,16256610,+,Frame_Shift_Del,DEL,A,A,-,p.E1292fs
APC,5,112175198,112175198,+,Nonsense_Mutation,SNP,C,C,T,p.Q1303*
SPEN,1,16256643,16256643,+,Missense_Mutation,SNP,G,G,T,p.R1303M
BRCA2,13,32912409,32912409,+,Missense_Mutation,SNP,T,T,G,p.V1306G
APC,5,112175212,112175216,+,Frame_Shift_Del,DEL,AAAAG,AAAAG,-,p.I1307fs
APC,5,112175212,112175216,+,Frame_Shift_Del,DEL,AAAAG,AAAAG,-,p.I1307fs
SPEN,1,16256666,16256666,+,Missense_Mutation,SNP,C,C,T,p.P1311S
ATM,11,108155141,108155142,+,Frame_Shift_Del,DEL,AG,AG,-,p.R1312fs
APC,5,112175240,112175240,+,Nonsense_Mutation,SNP,G,G,T,p.E1317*
SPEN,1,16256691,16256691,+,Missense_Mutation,SNP,A,A,C,p.Q1319P
TRRAP,7,98530973,98530973,+,Missense_Mutation,SNP,G,G,T,p.R1321M
TRRAP,7,98530972,98530972,+,Missense_Mutation,SNP,A,A,T,p.R1321W
APC,5,112175303,112175303,+,Nonsense_Mutation,SNP,C,C,T,p.Q1338*
APC,5,112175303,112175303,+,Nonsense_Mutation,SNP,C,C,T,p.Q1338*
APC,5,112175306,112175306,+,Missense_Mutation,SNP,G,G,C,p.G1339R
SPEN,1,16256762,16256762,+,Missense_Mutation,SNP,C,C,G,p.Q1343E
APC,5,112175322,112175322,+,Nonsense_Mutation,SNP,C,C,A,p.S1344*
ATM,11,108158382,108158382,+,Missense_Mutation,SNP,C,C,T,p.T1350M
TRRAP,7,98533278,98533278,+,Missense_Mutation,SNP,C,C,T,p.P1364L
SPEN,1,16256833,16256833,+,Frame_Shift_Del,DEL,A,A,-,p.R1366fs
APC,5,112175390,112175390,+,Nonsense_Mutation,SNP,C,C,T,p.Q1367*
APC,5,112175390,112175390,+,Nonsense_Mutation,SNP,C,C,T,p.Q1367*
TRRAP,7,98534806,98534806,+,Missense_Mutation,SNP,C,C,T,p.P1380L
ATM,11,108159742,108159742,+,Missense_Mutation,SNP,C,C,T,p.S1383L
ATM,11,108159742,108159742,+,Missense_Mutation,SNP,C,C,T,p.S1383L
TRRAP,7,98534830,98534830,+,Missense_Mutation,SNP,C,C,T,p.A1388V
TRRAP,7,98534832,98534832,+,Missense_Mutation,SNP,G,G,A,p.A1389T
APC,5,112175466,112175466,+,Nonsense_Mutation,SNP,C,C,A,p.S1392*
APC,5,112175471,112175471,+,Missense_Mutation,SNP,G,G,C,p.D1394H
APC,5,112175486,112175486,+,Missense_Mutation,SNP,C,C,T,p.R1399C
APC,5,112175490,112175490,+,Missense_Mutation,SNP,C,C,T,p.S1400L
APC,5,112175507,112175507,+,Nonsense_Mutation,SNP,C,C,T,p.Q1406*
ATM,11,108159816,108159816,+,Missense_Mutation,SNP,C,C,A,p.L1408I
TRRAP,7,98535274,98535274,+,Missense_Mutation,SNP,T,T,G,p.F1412C
TRRAP,7,98535274,98535274,+,Missense_Mutation,SNP,T,T,G,p.F1412C
ATM,11,108160327,108160327,+,Splice_Site,SNP,A,A,G,p.D1413_splice
APC,5,112175539,112175539,+,Frame_Shift_Del,DEL,C,C,-,p.G1416fs
APC,5,112175539,112175539,+,Frame_Shift_Del,DEL,C,C,-,p.G1416fs
SPEN,1,16256981,16256981,+,Missense_Mutation,SNP,C,C,T,p.R1416C
ATM,11,108160347,108160347,+,Missense_Mutation,SNP,C,C,A,p.L1419I
SPEN,1,16256991,16256991,+,Missense_Mutation,SNP,A,A,G,p.D1419G
BRCA2,13,32912770,32912771,+,Frame_Shift_Ins,INS,-,-,T,p.T1426fs
APC,5,112175576,112175576,+,Nonsense_Mutation,SNP,C,C,T,p.Q1429*
APC,5,112175576,112175576,+,Nonsense_Mutation,SNP,C,C,T,p.Q1429*
APC,5,112175576,112175585,+,Frame_Shift_Del,DEL,CAAACCATGC,CAAACCATGC,-,p.Q1429fs
TRRAP,7,98535325,98535325,+,Missense_Mutation,SNP,C,C,G,p.P1429R
APC,5,112175580,112175580,+,Frame_Shift_Del,DEL,C,C,-,p.T1430fs
SPEN,1,16257023,16257023,+,Nonsense_Mutation,SNP,A,A,T,p.K1430*
SPEN,1,16257033,16257033,+,Missense_Mutation,SNP,C,C,A,p.S1433Y
SPEN,1,16257045,16257045,+,Missense_Mutation,SNP,A,A,G,p.D1437G
APC,5,112175621,112175624,+,Frame_Shift_Del,DEL,CAAA,CAAA,-,p.Q1444fs
TRRAP,7,98535385,98535385,+,Missense_Mutation,SNP,C,C,G,p.T1449S
APC,5,112175639,112175639,+,Nonsense_Mutation,SNP,C,C,T,p.R1450*
APC,5,112175639,112175639,+,Nonsense_Mutation,SNP,C,C,T,p.R1450*
APC,5,112175639,112175639,+,Nonsense_Mutation,SNP,C,C,T,p.R1450*
APC,5,112175639,112175639,+,Nonsense_Mutation,SNP,C,C,T,p.R1450*
APC,5,112175639,112175639,+,Nonsense_Mutation,SNP,C,C,T,p.R1450*
BRCA2,13,32912847,32912847,+,Missense_Mutation,SNP,A,A,G,p.Q1452R
ATM,11,108160450,108160450,+,Missense_Mutation,SNP,T,T,C,p.I1453T
APC,5,112175651,112175651,+,Frame_Shift_Del,DEL,A,A,-,p.K1454fs
APC,5,112175667,112175667,+,Missense_Mutation,SNP,C,C,T,p.T1459I
APC,5,112175676,112175677,+,Frame_Shift_Del,DEL,AG,AG,-,p.K1462fs
APC,5,112175680,112175680,+,Missense_Mutation,SNP,A,A,T,p.R1463S
APC,5,112175684,112175684,+,Missense_Mutation,SNP,A,A,T,p.S1465C
APC,5,112175686,112175686,+,Frame_Shift_Del,DEL,T,T,-,p.S1465fs
TRRAP,7,98540574,98540574,+,Missense_Mutation,SNP,A,A,C,p.Q1469H
ATM,11,108160508,108160508,+,Missense_Mutation,SNP,G,G,C,p.L1472F
SPEN,1,16257158,16257158,+,Nonsense_Mutation,SNP,C,C,T,p.R1475*
SPEN,1,16257158,16257158,+,Nonsense_Mutation,SNP,C,C,T,p.R1475*
BRCA2,13,32912919,32912919,+,Missense_Mutation,SNP,A,A,G,p.D1476G
SPEN,1,16257179,16257179,+,Nonsense_Mutation,SNP,A,A,T,p.K1482*
APC,5,112175755,112175755,+,Frame_Shift_Del,DEL,A,A,-,p.L1488fs
APC,5,112175753,112175753,+,Missense_Mutation,SNP,T,T,G,p.L1488V
SPEN,1,16257198,16257198,+,Missense_Mutation,SNP,G,G,T,p.R1488I
APC,5,112175757,112175757,+,Missense_Mutation,SNP,T,T,C,p.L1489S
SPEN,1,16257228,16257228,+,Missense_Mutation,SNP,A,A,G,p.K1498R
APC,5,112175786,112175786,+,Nonsense_Mutation,SNP,G,G,T,p.G1499*
BRCA2,13,32913042,32913051,+,Frame_Shift_Del,DEL,AAGAACCTAC,AAGAACCTAC,-,p.K1517fs
BRCA2,13,32913044,32913044,+,Missense_Mutation,SNP,G,G,C,p.E1518Q
ATM,11,108163470,108163470,+,Missense_Mutation,SNP,G,G,C,p.V1521L
BRCA2,13,32913079,32913080,+,Frame_Shift_Ins,INS,-,-,A,p.G1529fs
BRCA2,13,32913077,32913077,+,Missense_Mutation,SNP,G,G,A,p.G1529R
BRCA2,13,32913077,32913077,+,Missense_Mutation,SNP,G,G,A,p.G1529R
SPEN,1,16257321,16257322,+,Frame_Shift_Ins,INS,-,-,T,p.R1529fs
ATM,11,108163507,108163507,+,Missense_Mutation,SNP,A,A,G,p.E1533G
APC,5,112175918,112175918,+,Nonsense_Mutation,SNP,A,A,T,p.K1543*
APC,5,112175925,112175925,+,Missense_Mutation,SNP,C,C,T,p.S1545L
APC,5,112175936,112175936,+,Nonsense_Mutation,SNP,C,C,T,p.Q1549*
APC,5,112175951,112175951,+,Nonsense_Mutation,SNP,G,G,T,p.E1554*
APC,5,112175951,112175952,+,Frame_Shift_Ins,INS,-,-,A,p.E1554fs
APC,5,112175951,112175952,+,Frame_Shift_Ins,INS,-,-,A,p.E1554fs
APC,5,112175951,112175952,+,Frame_Shift_Ins,INS,-,-,A,p.E1554fs
APC,5,112175951,112175952,+,Frame_Shift_Ins,INS,-,-,A,p.E1554fs
APC,5,112175951,112175952,+,Frame_Shift_Ins,INS,-,-,A,p.E1554fs
APC,5,112175951,112175952,+,Frame_Shift_Ins,INS,-,-,A,p.E1554fs
APC,5,112175951,112175952,+,Frame_Shift_Ins,INS,-,-,A,p.E1554fs
APC,5,112175951,112175952,+,Frame_Shift_Ins,INS,-,-,A,p.E1554fs
APC,5,112175951,112175952,+,Frame_Shift_Ins,INS,-,-,A,p.E1554fs
APC,5,112175951,112175952,+,Frame_Shift_Ins,INS,-,-,A,p.E1554fs
APC,5,112175951,112175952,+,Frame_Shift_Ins,INS,-,-,A,p.E1554fs
APC,5,112175952,112175952,+,Frame_Shift_Del,DEL,A,A,-,p.E1554fs
APC,5,112175952,112175952,+,Frame_Shift_Del,DEL,A,A,-,p.E1554fs
APC,5,112175974,112175974,+,Missense_Mutation,SNP,G,G,T,p.K1561N
APC,5,112175991,112175991,+,Missense_Mutation,SNP,C,C,T,p.S1567L
APC,5,112176002,112176002,+,Missense_Mutation,SNP,G,G,T,p.D1571Y
APC,5,112176020,112176020,+,Nonsense_Mutation,SNP,G,G,T,p.E1577*
ATM,11,108164163,108164164,+,Frame_Shift_Ins,INS,-,-,A,p.Q1579fs
ATM,11,108164164,108164164,+,Frame_Shift_Del,DEL,A,A,-,p.Q1579fs
ATM,11,108164183,108164183,+,Missense_Mutation,SNP,A,A,C,p.R1585S
APC,5,112176063,112176064,+,Frame_Shift_Ins,INS,-,-,A,p.A1591fs
BRCA2,13,32913269,32913269,+,Nonsense_Mutation,SNP,G,G,T,p.E1593*
SPEN,1,16257533,16257533,+,Nonsense_Mutation,SNP,A,A,T,p.K1600*
SPEN,1,16257536,16257536,+,Missense_Mutation,SNP,G,G,C,p.D1601H
ATM,11,108165729,108165729,+,Nonsense_Mutation,SNP,C,C,T,p.R1618*
BRCA2,13,32913348,32913348,+,Missense_Mutation,SNP,A,A,C,p.N1619T
TRRAP,7,98547137,98547137,+,Missense_Mutation,SNP,C,C,T,p.T1622M
TRRAP,7,98547146,98547146,+,Missense_Mutation,SNP,G,G,A,p.R1625H
TRRAP,7,98547146,98547146,+,Missense_Mutation,SNP,G,G,T,p.R1625L
TRRAP,7,98547146,98547146,+,Missense_Mutation,SNP,G,G,T,p.R1625L
TRRAP,7,98547146,98547146,+,Missense_Mutation,SNP,G,G,T,p.R1625L
TRRAP,7,98547146,98547146,+,Missense_Mutation,SNP,G,G,T,p.R1625L
ATM,11,108168035,108168035,+,Missense_Mutation,SNP,T,T,C,p.M1644T
ATM,11,108168046,108168046,+,Missense_Mutation,SNP,G,G,T,p.V1648F
APC,5,112176258,112176258,+,Missense_Mutation,SNP,C,C,A,p.S1656Y
BRCA2,13,32913462,32913462,+,Missense_Mutation,SNP,A,A,G,p.N1657S
ATM,11,108168082,108168082,+,Missense_Mutation,SNP,A,A,C,p.N1660H
TRRAP,7,98547352,98547352,+,Nonsense_Mutation,SNP,C,C,T,p.R1668*
ATM,11,108170444,108170444,+,Missense_Mutation,SNP,C,C,T,p.A1670V
BRCA2,13,32913533,32913533,+,Missense_Mutation,SNP,G,G,A,p.V1681M
APC,5,112176353,112176353,+,Missense_Mutation,SNP,G,G,C,p.D1688H
BRCA2,13,32913559,32913559,+,Frame_Shift_Del,DEL,A,A,-,p.A1689fs
TRRAP,7,98547761,98547761,+,Missense_Mutation,SNP,C,C,T,p.T1730I
TRRAP,7,98547761,98547761,+,Missense_Mutation,SNP,C,C,T,p.T1730I
TRRAP,7,98547771,98547771,+,Missense_Mutation,SNP,A,A,T,p.K1733N
ATM,11,108172510,108172510,+,Frame_Shift_Del,DEL,A,A,-,p.R1771fs
BRCA2,13,32913836,32913837,+,Frame_Shift_Ins,INS,-,-,A,p.Q1782fs
BRCA2,13,32913837,32913837,+,Frame_Shift_Del,DEL,A,A,-,p.Q1782fs
BRCA2,13,32913837,32913837,+,Frame_Shift_Del,DEL,A,A,-,p.Q1782fs
BRCA2,13,32913837,32913837,+,Frame_Shift_Del,DEL,A,A,-,p.Q1782fs
BRCA2,13,32913837,32913837,+,Frame_Shift_Del,DEL,A,A,-,p.Q1782fs
TRRAP,7,98548536,98548536,+,Missense_Mutation,SNP,G,G,A,p.S1784N
APC,5,112176653,112176653,+,Missense_Mutation,SNP,C,C,T,p.R1788C
APC,5,112176660,112176661,+,Frame_Shift_Ins,INS,-,-,A,p.R1790fs
ATM,11,108173640,108173640,+,Missense_Mutation,SNP,C,C,A,p.L1794M
ATM,11,108173640,108173640,+,Missense_Mutation,SNP,C,C,A,p.L1794M
APC,5,112176675,112176675,+,Nonsense_Mutation,SNP,C,C,G,p.S1795*
TRRAP,7,98548569,98548569,+,Missense_Mutation,SNP,G,G,T,p.G1795V
SPEN,1,16258130,16258130,+,Missense_Mutation,SNP,C,C,T,p.P1799S
TRRAP,7,98548581,98548581,+,Missense_Mutation,SNP,C,C,T,p.P1799L
BRCA2,13,32913906,32913906,+,Missense_Mutation,SNP,A,A,G,p.N1805S
APC,5,112176721,112176721,+,Missense_Mutation,SNP,T,T,A,p.D1810E
APC,5,112176723,112176723,+,Nonsense_Mutation,SNP,C,C,G,p.S1811*
APC,5,112176736,112176736,+,Missense_Mutation,SNP,T,T,G,p.N1815K
APC,5,112176739,112176740,+,Frame_Shift_Ins,INS,-,-,A,p.L1816fs
BRCA2,13,32913952,32913953,+,Frame_Shift_Ins,INS,-,-,A,p.C1820fs
ATM,11,108173724,108173724,+,Missense_Mutation,SNP,G,G,C,p.E1822Q
ATM,11,108173730,108173730,+,Missense_Mutation,SNP,C,C,T,p.L1824F
ATM,11,108173733,108173733,+,Nonsense_Mutation,SNP,C,C,T,p.Q1825*
BRCA2,13,32914002,32914002,+,Missense_Mutation,SNP,T,T,A,p.F1837Y
TRRAP,7,98550857,98550857,+,Missense_Mutation,SNP,C,C,T,p.T1837M
SPEN,1,16258269,16258269,+,Missense_Mutation,SNP,A,A,G,p.E1845G
BRCA2,13,32914035,32914035,+,Missense_Mutation,SNP,G,G,A,p.S1848N
BRCA2,13,32914044,32914044,+,Missense_Mutation,SNP,T,T,G,p.I1851S
ATM,11,108175471,108175471,+,Missense_Mutation,SNP,G,G,C,p.E1856Q
APC,5,112176861,112176861,+,Missense_Mutation,SNP,C,C,T,p.S1857L
SPEN,1,16258310,16258310,+,Missense_Mutation,SNP,C,C,T,p.R1859W
SPEN,1,16258310,16258310,+,Missense_Mutation,SNP,C,C,T,p.R1859W
BRCA2,13,32914070,32914070,+,Frame_Shift_Del,DEL,A,A,-,p.K1860fs
BRCA2,13,32914082,32914082,+,Missense_Mutation,SNP,G,G,T,p.D1864Y
SPEN,1,16258329,16258329,+,Missense_Mutation,SNP,T,T,G,p.L1865R
APC,5,112176960,112176960,+,Missense_Mutation,SNP,C,C,T,p.S1890L
ATM,11,108178705,108178705,+,Missense_Mutation,SNP,A,A,C,p.Q1919P
APC,5,112177049,112177049,+,Missense_Mutation,SNP,C,C,G,p.R1920G
SPEN,1,16258493,16258493,+,Missense_Mutation,SNP,G,G,A,p.V1920I
SPEN,1,16258493,16258493,+,Missense_Mutation,SNP,G,G,A,p.V1920I
TRRAP,7,98552779,98552779,+,Missense_Mutation,SNP,C,C,T,p.A1923V
BRCA2,13,32914274,32914274,+,Nonsense_Mutation,SNP,G,G,T,p.E1928*
SPEN,1,16258608,16258608,+,Missense_Mutation,SNP,G,G,A,p.R1958Q
SPEN,1,16258616,16258616,+,Missense_Mutation,SNP,G,G,A,p.D1961N
ATM,11,108181014,108181014,+,Missense_Mutation,SNP,A,A,G,p.K1964E
SPEN,1,16258619,16258621,+,In_Frame_Del,DEL,GAA,GAA,-,p.E1965del
APC,5,112177208,112177208,+,Missense_Mutation,SNP,A,A,T,p.S1973C
SPEN,1,16258679,16258679,+,Missense_Mutation,SNP,C,C,T,p.R1982W
TRRAP,7,98553812,98553812,+,Missense_Mutation,SNP,G,G,A,p.S1987N
APC,5,112177264,112177264,+,Missense_Mutation,SNP,G,G,T,p.E1991D
SPEN,1,16258707,16258707,+,Missense_Mutation,SNP,C,C,T,p.A1991V
ATM,11,108183212,108183212,+,Missense_Mutation,SNP,G,G,A,p.G1998E
SPEN,1,16258735,16258735,+,Frame_Shift_Del,DEL,A,A,-,p.G2000fs
TRRAP,7,98553862,98553862,+,Missense_Mutation,SNP,C,C,T,p.R2004W
BRCA2,13,32914526,32914526,+,Missense_Mutation,SNP,T,T,A,p.S2012T
TRRAP,7,98553896,98553896,+,Missense_Mutation,SNP,A,A,G,p.K2015R
ATM,11,108186608,108186608,+,Missense_Mutation,SNP,G,G,T,p.G2022V
APC,5,112177434,112177435,+,Frame_Shift_Ins,INS,-,-,A,p.P2048fs
BRCA2,13,32914647,32914647,+,Nonsense_Mutation,SNP,C,C,A,p.S2052*
SPEN,1,16258889,16258889,+,Frame_Shift_Del,DEL,A,A,-,p.K2052fs
SPEN,1,16258894,16258894,+,Missense_Mutation,SNP,C,C,A,p.N2053K
SPEN,1,16258895,16258895,+,Missense_Mutation,SNP,C,C,A,p.P2054T
BRCA2,13,32914664,32914664,+,Missense_Mutation,SNP,T,T,C,p.F2058L
BRCA2,13,32914680,32914680,+,Missense_Mutation,SNP,G,G,A,p.G2063E
APC,5,112177500,112177500,+,Missense_Mutation,SNP,G,G,A,p.G2070D
SPEN,1,16258944,16258944,+,Frame_Shift_Del,DEL,A,A,-,p.E2070fs
SPEN,1,16258968,16258968,+,Missense_Mutation,SNP,G,G,C,p.G2078A
SPEN,1,16259043,16259043,+,Frame_Shift_Del,DEL,G,G,-,p.R2103fs
SPEN,1,16259043,16259043,+,Frame_Shift_Del,DEL,G,G,-,p.R2103fs
ATM,11,108190686,108190686,+,Missense_Mutation,SNP,A,A,T,p.E2118V
TRRAP,7,98557001,98557001,+,Missense_Mutation,SNP,G,G,A,p.G2119E
SPEN,1,16259094,16259094,+,Missense_Mutation,SNP,C,C,T,p.S2120F
APC,5,112177642,112177643,+,In_Frame_Ins,INS,-,-,GCT,p.2122_2123insA
APC,5,112177642,112177643,+,In_Frame_Ins,INS,-,-,GCT,p.2122_2123insA
APC,5,112177642,112177643,+,In_Frame_Ins,INS,-,-,GCT,p.2122_2123insA
TRRAP,7,98557015,98557015,+,Missense_Mutation,SNP,C,C,T,p.R2124C
BRCA2,13,32914875,32914875,+,Missense_Mutation,SNP,A,A,G,p.K2128R
APC,5,112177692,112177692,+,Missense_Mutation,SNP,C,C,G,p.S2134C
APC,5,112177725,112177725,+,Missense_Mutation,SNP,G,G,T,p.G2145V
APC,5,112177739,112177739,+,Missense_Mutation,SNP,C,C,G,p.L2150V
ATM,11,108192057,108192057,+,Missense_Mutation,SNP,G,G,A,p.R2161H
APC,5,112177787,112177787,+,Nonsense_Mutation,SNP,C,C,T,p.R2166*
APC,5,112177787,112177787,+,Nonsense_Mutation,SNP,C,C,T,p.R2166*
APC,5,112177788,112177788,+,Missense_Mutation,SNP,G,G,A,p.R2166Q
ATM,11,108192076,108192076,+,Nonsense_Mutation,SNP,T,T,A,p.Y2167*
APC,5,112177793,112177793,+,Missense_Mutation,SNP,C,C,A,p.L2168I
SPEN,1,16259247,16259247,+,Frame_Shift_Del,DEL,T,T,-,p.L2171fs
SPEN,1,16259258,16259258,+,Missense_Mutation,SNP,G,G,A,p.V2175M
APC,5,112177885,112177885,+,Missense_Mutation,SNP,G,G,T,p.L2198F
SPEN,1,16259340,16259340,+,Missense_Mutation,SNP,A,A,T,p.D2202V
APC,5,112177901,112177901,+,Nonsense_Mutation,SNP,C,C,T,p.R2204*
APC,5,112177901,112177901,+,Nonsense_Mutation,SNP,C,C,T,p.R2204*
ATM,11,108196092,108196092,+,Nonsense_Mutation,SNP,C,C,T,p.Q2210*
APC,5,112177922,112177922,+,Missense_Mutation,SNP,G,G,T,p.G2211C
TRRAP,7,98559075,98559075,+,Missense_Mutation,SNP,G,G,A,p.M2220I
ATM,11,108196133,108196133,+,Missense_Mutation,SNP,C,C,G,p.I2223M
TRRAP,7,98559082,98559082,+,Missense_Mutation,SNP,T,T,C,p.F2223L
TRRAP,7,98559095,98559095,+,Missense_Mutation,SNP,C,C,A,p.P2227Q
BRCA2,13,32915177,32915177,+,Nonsense_Mutation,SNP,G,G,T,p.E2229*
APC,5,112178000,112178000,+,Nonsense_Mutation,SNP,C,C,T,p.R2237*
APC,5,112178033,112178033,+,Frame_Shift_Del,DEL,A,A,-,p.K2248fs
SPEN,1,16259480,16259480,+,Frame_Shift_Del,DEL,C,C,-,p.P2249fs
SPEN,1,16259480,16259480,+,Frame_Shift_Del,DEL,C,C,-,p.P2249fs
SPEN,1,16259480,16259480,+,Frame_Shift_Del,DEL,C,C,-,p.P2249fs
APC,5,112178070,112178070,+,Missense_Mutation,SNP,G,G,A,p.S2260N
ATM,11,108196259,108196259,+,Missense_Mutation,SNP,C,C,G,p.F2265L
SPEN,1,16259536,16259536,+,Missense_Mutation,SNP,G,G,C,p.E2267D
BRCA2,13,32918704,32918704,+,Missense_Mutation,SNP,C,C,T,p.S2284L
BRCA2,13,32918728,32918728,+,Missense_Mutation,SNP,A,A,C,p.E2292A
TRRAP,7,98562317,98562317,+,Missense_Mutation,SNP,G,G,A,p.V2292I
TRRAP,7,98562317,98562317,+,Missense_Mutation,SNP,G,G,A,p.V2292I
TRRAP,7,98562347,98562347,+,Missense_Mutation,SNP,C,C,T,p.R2302W
SPEN,1,16259648,16259650,+,In_Frame_Del,DEL,AGC,AGC,-,p.S2306del
SPEN,1,16259648,16259650,+,In_Frame_Del,DEL,AGC,AGC,-,p.S2306del
SPEN,1,16259648,16259650,+,In_Frame_Del,DEL,AGC,AGC,-,p.S2306del
SPEN,1,16259648,16259650,+,In_Frame_Del,DEL,AGC,AGC,-,p.S2306del
SPEN,1,16259648,16259650,+,In_Frame_Del,DEL,AGC,AGC,-,p.S2306del
APC,5,112178211,112178211,+,Missense_Mutation,SNP,C,C,T,p.S2307L
ATM,11,108196929,108196929,+,Missense_Mutation,SNP,A,A,C,p.K2318Q
BRCA2,13,32920978,32920978,+,Nonsense_Mutation,SNP,C,C,T,p.R2318*
BRCA2,13,32920978,32920978,+,Nonsense_Mutation,SNP,C,C,T,p.R2318*
BRCA2,13,32920978,32920978,+,Nonsense_Mutation,SNP,C,C,T,p.R2318*
BRCA2,13,32920992,32920992,+,Missense_Mutation,SNP,G,G,T,p.M2322I
APC,5,112178276,112178276,+,Missense_Mutation,SNP,A,A,G,p.I2329V
BRCA2,13,32921012,32921012,+,Missense_Mutation,SNP,C,C,T,p.P2329L
APC,5,112178289,112178289,+,Missense_Mutation,SNP,G,G,A,p.R2333K
ATM,11,108198406,108198406,+,Missense_Mutation,SNP,G,G,A,p.C2337Y
APC,5,112178317,112178317,+,Missense_Mutation,SNP,A,A,T,p.L2342F
APC,5,112178324,112178324,+,Missense_Mutation,SNP,C,C,A,p.L2345I
ATM,11,108198448,108198448,+,Missense_Mutation,SNP,A,A,G,p.E2351G
BRCA2,13,32929042,32929042,+,Missense_Mutation,SNP,C,C,G,p.A2351G
BRCA2,13,32929041,32929041,+,Missense_Mutation,SNP,G,G,A,p.A2351T
ATM,11,108198454,108198454,+,Missense_Mutation,SNP,C,C,A,p.P2353H
ATM,11,108198454,108198454,+,Missense_Mutation,SNP,C,C,A,p.P2353H
APC,5,112178376,112178377,+,Frame_Shift_Ins,INS,-,-,A,p.G2362fs
SPEN,1,16259828,16259828,+,Frame_Shift_Del,DEL,G,G,-,p.E2365fs
TRRAP,7,98563462,98563462,+,Missense_Mutation,SNP,G,G,A,p.V2367M
ATM,11,108199761,108199761,+,Missense_Mutation,SNP,C,C,A,p.A2368D
APC,5,112178441,112178441,+,Missense_Mutation,SNP,T,T,A,p.L2384I
APC,5,112178454,112178454,+,Missense_Mutation,SNP,C,C,T,p.A2388V
APC,5,112178517,112178517,+,Missense_Mutation,SNP,G,G,A,p.G2409E
SPEN,1,16259972,16259972,+,Nonsense_Mutation,SNP,C,C,T,p.Q2413*
ATM,11,108200941,108200941,+,Missense_Mutation,SNP,A,A,C,p.R2436S
APC,5,112178607,112178607,+,Missense_Mutation,SNP,G,G,C,p.R2439P
ATM,11,108200953,108200953,+,Missense_Mutation,SNP,G,G,T,p.K2440N
APC,5,112178633,112178633,+,Missense_Mutation,SNP,C,C,T,p.P2448S
ATM,11,108200979,108200979,+,Missense_Mutation,SNP,A,A,G,p.E2449G
SPEN,1,16260090,16260090,+,Missense_Mutation,SNP,C,C,T,p.S2452F
ATM,11,108201014,108201014,+,Missense_Mutation,SNP,C,C,T,p.R2461C
ATM,11,108201015,108201015,+,Missense_Mutation,SNP,G,G,C,p.R2461P
APC,5,112178676,112178676,+,Missense_Mutation,SNP,T,T,C,p.F2462S
APC,5,112178690,112178691,+,Missense_Mutation,DNP,CC,CC,TT,p.P2467L
ATM,11,108201035,108201035,+,Missense_Mutation,SNP,G,G,A,p.E2468K
TRRAP,7,98565233,98565233,+,Missense_Mutation,SNP,G,G,T,p.R2468L
APC,5,112178736,112178736,+,Missense_Mutation,SNP,C,C,T,p.P2482L
SPEN,1,16260213,16260214,+,Frame_Shift_Ins,INS,-,-,C,p.S2493fs
BRCA2,13,32930609,32930609,+,Nonsense_Mutation,SNP,C,C,T,p.R2494*
APC,5,112178832,112178832,+,Missense_Mutation,SNP,C,C,T,p.T2514I
ATM,11,108202200,108202200,+,Missense_Mutation,SNP,A,A,T,p.K2515N
TRRAP,7,98567787,98567787,+,Missense_Mutation,SNP,G,G,A,p.G2515E
SPEN,1,16260323,16260323,+,Missense_Mutation,SNP,A,A,G,p.S2530G
SPEN,1,16260330,16260330,+,Missense_Mutation,SNP,G,G,A,p.S2532N
TRRAP,7,98567840,98567840,+,Missense_Mutation,SNP,C,C,T,p.R2533C
SPEN,1,16260372,16260372,+,Missense_Mutation,SNP,C,C,T,p.A2546V
APC,5,112178932,112178932,+,Missense_Mutation,SNP,G,G,T,p.W2547C
APC,5,112178939,112178939,+,Missense_Mutation,SNP,G,G,C,p.E2550Q
BRCA2,13,32931912,32931912,+,Missense_Mutation,SNP,A,A,G,p.K2551E
APC,5,112178972,112178972,+,Missense_Mutation,SNP,G,G,C,p.V2561L
SPEN,1,16260416,16260416,+,Missense_Mutation,SNP,C,C,G,p.P2561A
SPEN,1,16260416,16260416,+,Missense_Mutation,SNP,C,C,T,p.P2561S
APC,5,112178975,112178975,+,Missense_Mutation,SNP,A,A,G,p.S2562G
APC,5,112178996,112178996,+,Missense_Mutation,SNP,A,A,C,p.S2569R
SPEN,1,16260441,16260441,+,Missense_Mutation,SNP,A,A,G,p.H2569R
TRRAP,7,98569468,98569468,+,Missense_Mutation,SNP,C,C,T,p.T2573M
ATM,11,108202718,108202718,+,Missense_Mutation,SNP,G,G,T,p.S2581I
BRCA2,13,32932012,32932012,+,Missense_Mutation,SNP,G,G,T,p.G2584V
ATM,11,108202735,108202735,+,Missense_Mutation,SNP,G,G,A,p.V2587M
TRRAP,7,98569537,98569537,+,Missense_Mutation,SNP,A,A,G,p.D2596G
TRRAP,7,98569549,98569549,+,Missense_Mutation,SNP,A,A,G,p.D2600G
ATM,11,108203516,108203516,+,Missense_Mutation,SNP,A,A,G,p.I2606V
SPEN,1,16260558,16260558,+,Frame_Shift_Del,DEL,A,A,-,p.E2608fs
BRCA2,13,32936701,32936701,+,Missense_Mutation,SNP,C,C,T,p.S2616F
APC,5,112179138,112179140,+,In_Frame_Del,DEL,AAG,AAG,-,p.E2617del
APC,5,112179150,112179150,+,Missense_Mutation,SNP,T,T,G,p.F2620C
APC,5,112179165,112179165,+,Missense_Mutation,SNP,G,G,T,p.S2625I
SPEN,1,16260617,16260617,+,Missense_Mutation,SNP,A,A,C,p.S2628R
APC,5,112179194,112179194,+,Missense_Mutation,SNP,A,A,C,p.T2635P
ATM,11,108203603,108203603,+,Missense_Mutation,SNP,G,G,C,p.A2635P
ATM,11,108203613,108203613,+,Nonsense_Mutation,SNP,G,G,A,p.W2638*
ATM,11,108203625,108203625,+,Missense_Mutation,SNP,G,G,T,p.R2642I
ATM,11,108204627,108204627,+,Missense_Mutation,SNP,C,C,T,p.P2648S
SPEN,1,16260692,16260692,+,Missense_Mutation,SNP,G,G,A,p.A2653T
SPEN,1,16260692,16260692,+,Missense_Mutation,SNP,G,G,A,p.A2653T
TRRAP,7,98574140,98574140,+,Missense_Mutation,SNP,G,G,A,p.S2658N
TRRAP,7,98574160,98574160,+,Missense_Mutation,SNP,C,C,T,p.R2665W
BRCA2,13,32937341,32937341,+,Missense_Mutation,SNP,A,A,G,p.R2668G
BRCA2,13,32937354,32937355,+,Frame_Shift_Ins,INS,-,-,A,p.I2672fs
ATM,11,108205706,108205706,+,Missense_Mutation,SNP,C,C,G,p.T2674R
BRCA2,13,32937361,32937361,+,Missense_Mutation,SNP,G,G,T,p.K2674N
ATM,11,108205708,108205708,+,Missense_Mutation,SNP,G,G,A,p.G2675R
SPEN,1,16260782,16260782,+,Missense_Mutation,SNP,G,G,A,p.V2683M
TRRAP,7,98574280,98574280,+,Missense_Mutation,SNP,C,C,T,p.R2705W
APC,5,112179431,112179431,+,Missense_Mutation,SNP,C,C,T,p.R2714C
APC,5,112179431,112179431,+,Missense_Mutation,SNP,C,C,T,p.R2714C
ATM,11,108205832,108205832,+,Missense_Mutation,SNP,T,T,C,p.V2716A
SPEN,1,16260924,16260924,+,Missense_Mutation,SNP,G,G,A,p.S2730N
ATM,11,108206618,108206618,+,Missense_Mutation,SNP,A,A,C,p.Q2733P
BRCA2,13,32937542,32937542,+,Missense_Mutation,SNP,C,C,T,p.P2735S
APC,5,112179501,112179501,+,Missense_Mutation,SNP,A,A,G,p.E2737G
ATM,11,108206666,108206666,+,Missense_Mutation,SNP,A,A,T,p.K2749I
ATM,11,108206666,108206666,+,Missense_Mutation,SNP,A,A,T,p.K2749I
TRRAP,7,98574581,98574581,+,Missense_Mutation,SNP,C,C,T,p.A2749V
TRRAP,7,98574585,98574585,+,Missense_Mutation,SNP,G,G,C,p.E2750D
ATM,11,108213965,108213965,+,Missense_Mutation,SNP,A,A,G,p.Q2762R
APC,5,112179593,112179593,+,Missense_Mutation,SNP,A,A,C,p.S2768R
TRRAP,7,98574650,98574650,+,Missense_Mutation,SNP,C,C,T,p.S2772L
BRCA2,13,32937657,32937657,+,Missense_Mutation,SNP,C,C,A,p.S2773Y
BRCA2,13,32944558,32944558,+,Missense_Mutation,SNP,G,G,A,p.R2784Q
BRCA2,13,32944558,32944558,+,Missense_Mutation,SNP,G,G,A,p.R2784Q
SPEN,1,16261095,16261095,+,Missense_Mutation,SNP,C,C,T,p.P2787L
SPEN,1,16261107,16261107,+,Missense_Mutation,SNP,C,C,A,p.P2791H
APC,5,112179678,112179678,+,Missense_Mutation,SNP,A,A,G,p.D2796G
SPEN,1,16261121,16261121,+,Missense_Mutation,SNP,C,C,G,p.R2796G
SPEN,1,16261121,16261121,+,Missense_Mutation,SNP,C,C,G,p.R2796G
ATM,11,108214078,108214078,+,Nonsense_Mutation,SNP,C,C,T,p.Q2800*
ATM,11,108216476,108216477,+,Frame_Shift_Ins,INS,-,-,A,p.Q2809fs
TRRAP,7,98575906,98575906,+,Missense_Mutation,SNP,A,A,G,p.I2813V
APC,5,112179738,112179738,+,Missense_Mutation,SNP,G,G,A,p.R2816Q
ATM,11,108216528,108216528,+,Missense_Mutation,SNP,A,A,T,p.N2826I
SPEN,1,16261220,16261220,+,Missense_Mutation,SNP,C,C,T,p.R2829W
ATM,11,108216545,108216545,+,Missense_Mutation,SNP,C,C,T,p.R2832C
ATM,11,108216546,108216546,+,Missense_Mutation,SNP,G,G,A,p.R2832H
SPEN,1,16261229,16261229,+,Missense_Mutation,SNP,G,G,A,p.A2832T
SPEN,1,16261247,16261247,+,Missense_Mutation,SNP,C,C,T,p.P2838S
ATM,11,108216568,108216568,+,Missense_Mutation,SNP,C,C,A,p.F2839L
ATM,11,108216579,108216579,+,Missense_Mutation,SNP,C,C,T,p.A2843V
ATM,11,108216585,108216586,+,Nonsense_Mutation,DNP,GG,GG,AA,p.W2845*
ATM,11,108216596,108216596,+,Nonsense_Mutation,SNP,C,C,T,p.R2849*
TRRAP,7,98576517,98576517,+,Missense_Mutation,SNP,C,C,T,p.A2868V
TRRAP,7,98576522,98576522,+,Missense_Mutation,SNP,G,G,A,p.V2870M
TRRAP,7,98579408,98579408,+,Missense_Mutation,SNP,C,C,T,p.P2877L
SPEN,1,16261400,16261400,+,Missense_Mutation,SNP,A,A,T,p.T2889S
SPEN,1,16261409,16261410,+,Frame_Shift_Del,DEL,AC,AC,-,p.T2892fs
SPEN,1,16261428,16261428,+,Missense_Mutation,SNP,T,T,C,p.V2898A
ATM,11,108224537,108224537,+,Missense_Mutation,SNP,G,G,A,p.V2906I
ATM,11,108224537,108224537,+,Missense_Mutation,SNP,G,G,A,p.V2906I
SPEN,1,16261452,16261452,+,Missense_Mutation,SNP,G,G,A,p.R2906K
SPEN,1,16261472,16261472,+,Missense_Mutation,SNP,G,G,A,p.E2913K
ATM,11,108224583,108224583,+,Missense_Mutation,SNP,C,C,T,p.T2921M
BRCA2,13,32953499,32953499,+,Nonsense_Mutation,SNP,C,C,T,p.Q2934*
TRRAP,7,98580890,98580890,+,Missense_Mutation,SNP,G,G,T,p.A2937S
ATM,11,108225578,108225578,+,Nonsense_Mutation,SNP,G,G,T,p.E2943*
ATM,11,108235853,108235853,+,Missense_Mutation,SNP,G,G,C,p.L2965F
SPEN,1,16261628,16261628,+,Missense_Mutation,SNP,A,A,G,p.T2965A
BRCA2,13,32953616,32953616,+,Missense_Mutation,SNP,C,C,T,p.R2973C
BRCA2,13,32953617,32953617,+,Missense_Mutation,SNP,G,G,A,p.R2973H
SPEN,1,16261656,16261656,+,Missense_Mutation,SNP,A,A,T,p.Q2974L
BRCA2,13,32953632,32953633,+,Frame_Shift_Ins,INS,-,-,A,p.S2978fs
SPEN,1,16261743,16261743,+,Missense_Mutation,SNP,C,C,T,p.S3003L
ATM,11,108236081,108236081,+,Missense_Mutation,SNP,C,C,T,p.A3006V
SPEN,1,16261758,16261758,+,Missense_Mutation,SNP,C,C,A,p.P3008Q
SPEN,1,16261767,16261767,+,Missense_Mutation,SNP,G,G,A,p.R3011Q
SPEN,1,16261767,16261767,+,Missense_Mutation,SNP,G,G,A,p.R3011Q
SPEN,1,16261767,16261767,+,Missense_Mutation,SNP,G,G,A,p.R3011Q
SPEN,1,16261767,16261767,+,Missense_Mutation,SNP,G,G,A,p.R3011Q
ATM,11,108236109,108236109,+,Missense_Mutation,SNP,G,G,T,p.E3015D
ATM,11,108236109,108236109,+,Missense_Mutation,SNP,G,G,T,p.E3015D
TRRAP,7,98581748,98581748,+,Missense_Mutation,SNP,C,C,T,p.H3023Y
BRCA2,13,32954022,32954023,+,Frame_Shift_Ins,INS,-,-,A,p.T3030fs
BRCA2,13,32954023,32954023,+,Frame_Shift_Del,DEL,A,A,-,p.T3030fs
BRCA2,13,32954023,32954023,+,Frame_Shift_Del,DEL,A,A,-,p.T3030fs
TRRAP,7,98581835,98581835,+,Missense_Mutation,SNP,G,G,A,p.G3052R
BRCA2,13,32954189,32954189,+,Missense_Mutation,SNP,C,C,T,p.L3055F
TRRAP,7,98581868,98581868,+,Missense_Mutation,SNP,C,C,T,p.R3063W
BRCA2,13,32954261,32954261,+,Missense_Mutation,SNP,G,G,C,p.V3079L
SPEN,1,16261970,16261970,+,Missense_Mutation,SNP,A,A,G,p.M3079V
BRCA2,13,32954265,32954265,+,Missense_Mutation,SNP,C,C,A,p.S3080Y
SPEN,1,16261980,16261980,+,Missense_Mutation,SNP,A,A,G,p.H3082R
BRCA2,13,32968850,32968850,+,Nonsense_Mutation,SNP,C,C,A,p.S3094*
SPEN,1,16262055,16262055,+,Missense_Mutation,SNP,G,G,A,p.S3107N
BRCA2,13,32968900,32968900,+,Missense_Mutation,SNP,G,G,A,p.E3111K
SPEN,1,16262091,16262093,+,In_Frame_Del,DEL,CTC,CTC,-,p.P3120del
BRCA2,13,32968951,32968951,+,Nonsense_Mutation,SNP,C,C,T,p.R3128*
TRRAP,7,98586412,98586412,+,Missense_Mutation,SNP,C,C,A,p.F3142L
BRCA2,13,32969017,32969017,+,Missense_Mutation,SNP,C,C,A,p.P3150T
SPEN,1,16262222,16262222,+,Missense_Mutation,SNP,C,C,T,p.H3163Y
BRCA2,13,32969063,32969063,+,Missense_Mutation,SNP,C,C,A,p.T3165N
TRRAP,7,98588077,98588078,+,Splice_Site,DNP,GG,GG,TT,p.V3202_splice
BRCA2,13,32971168,32971168,+,Missense_Mutation,SNP,G,G,A,p.G3212E
SPEN,1,16262460,16262465,+,In_Frame_Del,DEL,CCCCCA,CCCCCA,-,p.PT3245del
SPEN,1,16262496,16262496,+,Missense_Mutation,SNP,T,T,A,p.V3254D
TRRAP,7,98589761,98589761,+,Missense_Mutation,SNP,T,T,C,p.V3257A
TRRAP,7,98589769,98589769,+,Missense_Mutation,SNP,G,G,A,p.V3260M
TRRAP,7,98591214,98591214,+,Splice_Site,SNP,G,G,C,p.D3287_splice
TRRAP,7,98591251,98591251,+,Missense_Mutation,SNP,G,G,A,p.R3299H
TRRAP,7,98591259,98591259,+,Nonsense_Mutation,SNP,C,C,T,p.R3302*
SPEN,1,16262711,16262711,+,Missense_Mutation,SNP,C,C,G,p.P3326A
SPEN,1,16262715,16262715,+,Missense_Mutation,SNP,C,C,A,p.A3327D
TRRAP,7,98591358,98591358,+,Missense_Mutation,SNP,G,G,A,p.E3335K
BRCA2,13,32972720,32972720,+,Missense_Mutation,SNP,C,C,G,p.T3357R
TRRAP,7,98592274,98592274,+,Missense_Mutation,SNP,C,C,T,p.A3357V
TRRAP,7,98592282,98592282,+,Missense_Mutation,SNP,G,G,A,p.D3360N
TRRAP,7,98592320,98592320,+,Missense_Mutation,SNP,G,G,C,p.K3372N
TRRAP,7,98592322,98592322,+,Missense_Mutation,SNP,A,A,G,p.K3373R
TRRAP,7,98592336,98592336,+,Missense_Mutation,SNP,T,T,C,p.F3378L
SPEN,1,16263841,16263841,+,Missense_Mutation,SNP,C,C,T,p.L3404F
BRCA2,13,32972893,32972893,+,Frame_Shift_Del,DEL,A,A,-,p.K3415fs
TRRAP,7,98601873,98601873,+,Missense_Mutation,SNP,A,A,G,p.K3443R
TRRAP,7,98602852,98602852,+,Missense_Mutation,SNP,T,T,G,p.M3531R
TRRAP,7,98602921,98602921,+,Missense_Mutation,SNP,C,C,T,p.P3554L
TRRAP,7,98606063,98606063,+,Missense_Mutation,SNP,C,C,G,p.S3592C
SPEN,1,16265322,16265322,+,Missense_Mutation,SNP,C,C,T,p.A3605V
SPEN,1,16265831,16265831,+,Missense_Mutation,SNP,C,C,T,p.S3635F
TRRAP,7,98608681,98608681,+,Missense_Mutation,SNP,C,C,T,p.R3635C
SPEN,1,16265908,16265908,+,Missense_Mutation,SNP,A,A,G,p.I3661V
SPEN,1,16265915,16265915,+,Missense_Mutation,SNP,C,C,T,p.S3663F
TRRAP,7,98608765,98608765,+,Missense_Mutation,SNP,A,A,G,p.T3663A
TRRAP,7,98608789,98608789,+,Missense_Mutation,SNP,A,A,G,p.M3671V
TRRAP,7,98608810,98608810,+,Missense_Mutation,SNP,C,C,G,p.L3678V
TRRAP,7,98608816,98608816,+,Missense_Mutation,SNP,G,G,A,p.G3680S
TRRAP,7,98608823,98608823,+,Missense_Mutation,SNP,C,C,T,p.A3682V
TRRAP,7,98609000,98609000,+,Missense_Mutation,SNP,G,G,A,p.D3713N
TRRAP,7,98609024,98609024,+,Missense_Mutation,SNP,C,C,A,p.L3721M
TRRAP,7,98609058,98609058,+,Missense_Mutation,SNP,C,C,T,p.T3732M
TRRAP,7,98609103,98609103,+,Missense_Mutation,SNP,C,C,T,p.P3747L
TRRAP,7,98609103,98609103,+,Missense_Mutation,SNP,C,C,T,p.P3747L
TRRAP,7,98609102,98609102,+,Missense_Mutation,SNP,C,C,T,p.P3747S
TRRAP,7,98609112,98609112,+,Missense_Mutation,SNP,C,C,T,p.A3750V
TRRAP,7,98609124,98609124,+,Missense_Mutation,SNP,C,C,T,p.A3754V
TRRAP,7,98609124,98609124,+,Missense_Mutation,SNP,C,C,T,p.A3754V
TRRAP,7,98609764,98609764,+,Missense_Mutation,SNP,C,C,T,p.T3789M
TRRAP,7,98609775,98609775,+,Missense_Mutation,SNP,C,C,G,p.L3793V
TRRAP,7,98609908,98609908,+,Missense_Mutation,SNP,C,C,T,p.T3837I
TRRAP,7,98609946,98609946,+,Missense_Mutation,SNP,C,C,T,p.R3850C
APC,5,112090574,112090574,+,5'UTR,SNP,A,A,G,
APC,5,112179846,112179846,+,3'UTR,SNP,G,G,T,
APC,5,112179921,112179921,+,3'UTR,SNP,G,G,T,
ATM,11,108098337,108098337,+,5'UTR,SNP,C,C,G,
ATM,11,108158206,108158206,+,Intron,DEL,C,C,-,
ATM,11,108158206,108158206,+,Intron,DEL,C,C,-,
ATM,11,108158206,108158206,+,Intron,DEL,C,C,-,
ATM,11,108158231,108158231,+,Intron,SNP,A,A,G,
ATM,11,108165938,108165938,+,Intron,SNP,G,G,T,
ATM,11,108165941,108165941,+,Intron,SNP,C,C,T,
ATM,11,108167959,108167959,+,Intron,SNP,A,A,G,
ATM,11,108167968,108167968,+,Intron,SNP,T,T,G,
ATM,11,108236507,108236507,+,3'UTR,SNP,G,G,A,
BRCA2,13,32972938,32972938,+,3'UTR,SNP,C,C,T,
BRCA2,13,32973072,32973073,+,3'UTR,INS,-,-,G,
BRCA2,13,32973072,32973073,+,3'UTR,INS,-,-,G,
PIK3CA,3,178952185,178952185,+,3'UTR,SNP,G,G,A,
SPEN,1,16265928,16265928,+,3'UTR,SNP,T,T,C,
SPEN,1,16266005,16266005,+,3'UTR,SNP,A,A,C,
SPEN,1,16266008,16266008,+,3'UTR,SNP,C,C,T,
SPEN,1,16266013,16266013,+,3'UTR,SNP,G,G,A,
SPEN,1,16266047,16266047,+,3'UTR,SNP,G,G,A,
SPEN,1,16266066,16266066,+,3'UTR,SNP,G,G,C,
SPEN,1,16266066,16266066,+,3'UTR,SNP,G,G,T,
SPEN,1,16266089,16266089,+,3'UTR,SNP,T,T,C,
SPEN,1,16266090,16266090,+,3'UTR,SNP,A,A,G,
TP53,17,7578019,7578019,+,Intron,SNP,C,C,T,
TP53,17,7578078,7578079,+,Intron,DNP,AA,AA,CC,
TP53,17,7578084,7578084,+,Intron,SNP,G,G,A,
TP53,17,7578122,7578122,+,Intron,SNP,C,C,T,
TP53,17,7578561,7578561,+,Splice_Region,SNP,G,G,A,
TP53,17,7578655,7578655,+,Intron,SNP,T,T,A,
TP53,17,7578655,7578655,+,Intron,SNP,T,T,A,
TP53,17,7578677,7578678,+,Intron,DEL,AG,AG,-,
TP53,17,7578712,7578713,+,Intron,DEL,TT,TT,-,
TP53,17,7578712,7578714,+,Intron,DEL,TTT,TTT,-,
TP53,17,7578712,7578714,+,Intron,DEL,TTT,TTT,-,
TP53,17,7578712,7578714,+,Intron,DEL,TTT,TTT,-,
TP53,17,7578714,7578715,+,Intron,INS,-,-,C,
TP53,17,7579786,7579786,+,Intron,SNP,G,G,A,
TRRAP,7,98478735,98478735,+,5'UTR,SNP,A,A,C,
TRRAP,7,98591193,98591193,+,Intron,SNP,A,A,G,
TRRAP,7,98610010,98610010,+,3'UTR,SNP,G,G,A,
TRRAP,7,98610100,98610100,+,3'UTR,SNP,C,C,T,
