type,name,label::English,hint::English,relevant,required,notes,appearance,calculation,default,constraint,constraint_message::English
begin group,presets,Preset HIV-Malaria prevalence and season,,,,,,,,,
select_one HIGH_LOW_VERY,Id10002,Is this a region of high HIV/AIDS prevalence?,"Should be completed by the central office.HIGH corresponds to >1% of deaths due to HIV/AIDS, LOW around 0.1%, VERY LOW <0.01%. Filling in during the interview is not mandatory. Usually the value is predetermined for the region. ",,,,,,,,
select_one HIGH_LOW_VERY,Id10003,Is this a region of high malaria prevalence?,"Should be completed by the central office.HIGH corresponds to >1% of deaths due to malaria, LOW around 0.1%, VERY LOW <0.01%. Filling in during the interview is not mandatory. Usually the value is predetermined for the region.",,,,,,,,
select_one select_58,Id10004,During which season did (s)he die?,,,yes,,,,,,
end group,,,,,,,,,,,
begin group,respondent_backgr,Information on the respondent and background about interview,,,,,,,,,
text,Id10007,What is the name of VA respondent?,,,,,,,,,
select_one select_32,Id10008,What is the respondent's relationship to the deceased?,"First verify if the respondent is a familiy member, and only if it is not a family member choose the other categories like health worker or public official.",,,,,,,,
select_one YES_NO_DK_REF,Id10009,Did the respondent live with the deceased in the period leading to her/his death?,,,,,,,,,
text,Id10010,Name of VA interviewer,,,,,,,,,
time,Id10011,Time at start of interview,,,,,,,,,
date,Id10012,Date of interview,,,,,,,,,
select_one YES_NO,Id10013,Did the respondent give consent?,,,,,,,,,
end group,,,,,,,,,,,
begin group,consented,Skip to end if not consented,,"selected(${Id10013}, 'yes')",,,,,,,
begin group,deceased_CRVS,Information about the deceased and vital registration,,,,,,,,,
begin group,info_on_deceased,Information on the Deceased,,,,,,,,,
text,Id10017,What was the first or given name(s) of the deceased?,,,,,,,,,
text,Id10018,"What was the surname (or family name)
 of the deceased?",,,,,,,,,
select_one select_2,Id10019,What was the sex of the deceased?,,,yes,,,,,,
select_one YES_NO_REF,Id10020,Is the date of birth known?,,,yes,,,,,,
date,Id10021,When was the deceased born?,"To select previous years, click or tap the month name, then click or tap the year.","selected(${Id10020}, 'yes')",yes,,,,,,
select_one YES_NO_REF,Id10022,Is the date of death known?,,,yes,,,,,,
date,Id10023,When did (s)he die?,,"selected(${Id10022}, 'yes')",yes,,,,,,
integer,Id10024,Please indicate the year of death.,,"selected(${Id10022}, 'no') or selected(${Id10022}, 'dk')",yes,,,,,,
calculate,ageInDays,,,,,,,(${Id10023} - ${Id10021}),,,
calculate,ageInYears,,,,,,,int(${ageInDays} div 365.25),,,
calculate,ageInYearsRemain,,,,,,,${ageInDays} mod 365.25,,,
calculate,ageInMonths,,,,,,,int(${ageInYearsRemain} div 30.4),,,
calculate,ageInMonthsRemain,,,,,,,int(${ageInYearsRemain} mod 30.4),,,
calculate,isNeonatal1,,,,,,,"if(${ageInDays} <=27, '1', '0')",,,
calculate,isChild1,,,,,,,"if(${ageInDays} >27 and ${ageInDays} <=11*365.25, '1', '0')",,,
calculate,isAdult1,,,,,,,"if(${ageInDays} >11*365.25, '1', '0')",,,
note,displayAgeNeonate,NEONATE was ${ageInDays} days old.,"Please verify that the age is correct, before you proceed. You will now be filling in the questionnaire for a NEONATE",${isNeonatal1} = '1',,,,,,,
note,displayAgeChild,CHILD was ${ageInYears} years ${ageInMonths} months and ${ageInMonthsRemain} days old.,"Please verify that the age is correct, before you proceed. You will now be filling in the questionnaire for a CHILD",${isChild1} = '1',,,,,,,
note,displayAgeAdult,ADULT was ${ageInYears} years old.,"Please verify that the age is correct, before you proceed. You will now be filling in the questionnaire for an ADULT",${isAdult1} = '1',,,,,,,
select_one age_group,age_group,What age group corresponds to the deceased?,(1) Neonatal 0-28 completed days; (2) Child 29 days - 11 years; (3) Adult - above 11 years,${Id10020} != 'yes' or ${Id10022} != 'yes',yes,,,,,,
integer,age_neonate_days,Enter neonate's age in days:,,${age_group} = 'neonate',yes,,,,,.>=0 and .<=27,Neonatal age is 0 to 27 days only!
integer,age_neonate_hours,Enter neonate's age in hours:,,${age_group} = 'neonate',,,,,,,
integer,age_neonate_minutes,Enter neonate's age in minutes:,,${age_group} = 'neonate',,,,,,,
select_one units,age_child_unit,Enter child's age in:,,${age_group} = 'child',yes,,horizontal-compact,,,,
integer,age_child_days,Enter child's age in days:,,${age_child_unit} = 'days',yes,,,,,.>27 and .<=4017,Child's age is between 28 days and 11 years only!
integer,age_child_months,Enter child's age in months:,,${age_child_unit} = 'months',yes,,,,,.>0 and .<=132,Child's age is between 28 days and 11 years only!
integer,age_child_years,Enter child's age in years:,,${age_child_unit} = 'years',yes,,,,,.>0 and .<=11,Child's age is between 28 days and 11 years only!
integer,age_adult,Enter adult's age in years:,,${age_group} = 'adult',yes,,,,,.>11,Adult age is above 11 years only!
calculate,isNeonatal2,,,,yes,,,"if(${age_group} = 'neonate', '1', '0')",,,
calculate,isChild2,,,,yes,,,"if(${age_group} = 'child', '1', '0')",,,
calculate,isAdult2,,,,yes,,,"if(${age_group} = 'adult', '1', '0')",,,
calculate,isNeonatal,,,,yes,,,"if(${ageInDays} = 'NaN' or string-length(${ageInDays}) = 0, ${isNeonatal2}, ${isNeonatal1})",,,
calculate,isChild,,,,yes,,,"if(${ageInDays} = 'NaN' or string-length(${ageInDays}) = 0, ${isChild2}, ${isChild1})",,,
calculate,isAdult,,,,yes,,,"if(${ageInDays} = 'NaN' or string-length(${ageInDays}) = 0, ${isAdult2}, ${isAdult1})",,,
select_one select_18,Id10058,Where did the deceased die?,,,,,,,,,
,,,,,,,,,,,
select_one YES_NO,Id10051,Is there a need to collect civil registration data on the deceased?,"If you choose 'No', this question allows to skip asking details about place of residence, education and family. The question on marriage status will always be asked for adults.",,yes,,,,,,
select_one select_500,Id10052,What was her/his citizenship/nationality?,,"(selected(${Id10051}, 'yes'))",,,,,,,
text,Id10053,What was her/his ethnicity?,Enter a “-“ if this information is not available.,"(selected(${Id10051}, 'yes'))",,,,,,,
text,Id10054,What was her/his place of birth?,"Specify here village and district, a question on the facility and circumstances will be asked later.  Enter a “-“ if this information is not available.","(selected(${Id10051}, 'yes'))",,,,,,,
text,Id10055,What was her/his place of usual residence? (the place where the person lived most of the year),for perinatal cases just ask for the address of the health facility or if released at home the home address,"(selected(${Id10051}, 'yes'))",,,,,,,
text,Id10056,What was her/his place of normal residence 1 to 5 years before death?,,"(selected(${isChild}, '1') or selected(${isAdult}, '1')) and (selected(${Id10051}, 'yes'))",,,,,,,
text,Id10057,"Where did death occur? (specify country, province, district, village)",,"(selected(${Id10051}, 'yes'))",,,,,,,
select_one select_19,Id10059,What was her/his marital status?,Life partner is defined here as living with someone for a long time without ever having married.,"(selected(${Id10051}, 'yes') and selected(${isAdult}, '1'))",,,,,,,
date,Id10060,What was the date of marriage?,,"(selected(${isAdult}, '1')) and (${Id10059} = 'married' or ${Id10059} = 'divorced' or ${Id10059} = 'widowed')",,,,,,,
text,Id10061,What was the name of the father?,,"(selected(${isChild}, '1') or selected(${isNeonatal}, '1')) and (selected(${Id10051}, 'yes'))",,,,,,,
text,Id10062,What was the name of the mother?,,"(selected(${isChild}, '1') or selected(${isNeonatal}, '1')) and (selected(${Id10051}, 'yes'))",,,,,,,
select_one select_23,Id10063,What was her/his highest level of schooling?,,"(selected(${isChild}, '1') or selected(${isAdult}, '1')) and (selected(${Id10051}, 'yes'))",,,,,,,
select_one YES_NO_DK_REF,Id10064,Was (s)he able to read and write?,select 'yes' also if only one of either reading or writing is known to the respondent,"(selected(${isChild}, '1') or selected(${isAdult}, '1')) and (selected(${Id10051}, 'yes'))",,,,,,,
select_one select_25,Id10065,What was her/his economic activity status in year prior to death?,The deceased might have had several activities.  Choose the one that was probabaly true for most of the year preceding illness and death,"(selected(${isChild}, '1') or selected(${isAdult}, '1')) and (selected(${Id10051}, 'yes'))",,,,,,,
text,Id10066,"What was her/his occupation, that is, what kind of work did (s)he mainly do?",,"(selected(${isChild}, '1') or selected(${isAdult}, '1')) and (selected(${Id10051}, 'yes'))",,,,,,,
end group,,,,,,,,,,,
begin group,vital_reg_certif,Civil registration numbers,,,,,,,,,
select_one YES_NO,Id10069,Is there a need to collect civil registration numbers on the deceased?,Enter a “-“ if this information is not available.,,yes,,,,,,
text,Id10070,Death registration number/certificate,Enter a “-“ if this information is not available.,"selected(${Id10069}, 'yes')",,,,,,,
date,Id10071,Date of registration,,"selected(${Id10069}, 'yes')",,,,,,,
text,Id10072,Place of registration,Enter a “-“ if this information is not available.,"selected(${Id10069}, 'yes')",,,,,,,
text,Id10073,National identification number of deceased,"Enter a “-“ if this information is not available. For children and newborn that have no ID number, use thone of the parents.","selected(${Id10069}, 'yes')",,,,,,,
end group,,,,,,,,,,,
end group,,,,,,,,,,,
begin group,injuries_accidents,History of injuries/accidents,,,,,,,,,
select_one YES_NO_DK_REF,Id10077,Did (s)he suffer from any injury or accident that led to her/his death?,,,yes,,,,,,
begin group,injuries_accidents_yes,Injuries and accidents detail,,${Id10077} = 'yes',,,,,,,
select_one YES_NO_DK_REF,Id10079,Was it a road traffic accident?,,,yes,,,,,,
select_one select_292,Id10080,What was her/his role in the road traffic accident?,,"selected(${Id10079}, 'yes')",yes,,,,,,
select_one select_293,Id10081,What was the counterpart that was hit during the road traffic accident?,,"selected(${Id10079}, 'yes')",yes,,,,,,
select_one YES_NO_DK_REF,Id10082,Was (s)he injured in a non-road transport accident?,,"not(selected(${Id10079}, 'yes'))",,,,,,,
select_one YES_NO_DK_REF,Id10083,Was (s)he injured in a fall?,,,yes,,,,,,
select_one YES_NO_DK_REF,Id10084,Was there any poisoning?,This includes accidents and cases where it is unkown if it was an accident or whether there was intentional violence,,yes,,,,,,
select_one YES_NO_DK_REF,Id10085,Did (s)he die of drowning?,,,yes,,,,,,
select_one YES_NO_DK_REF,Id10086,Was (s)he injured by a bite or sting by venomous animal?,This includes accidents and cases where it is unkown if it was an accident or whether there was intentional violence,,yes,,,,,,
select_one YES_NO_DK_REF,Id10087,Was (s)he injured by an animal or insect (non-venomous)?,,"not(selected(${Id10086}, 'yes'))",yes,,,,,,
select_one select_299,Id10088,What was the animal/insect?,,"selected(${Id10087}, 'yes') or selected(${Id10086}, 'yes')",yes,,,,,,
select_one YES_NO_DK_REF,Id10089,Was (s)he injured by burns/fire?,,,yes,,,,,,
select_one YES_NO_DK_REF,Id10090,"Was (s)he subject to violence (suicide, homicide, abuse)?",(don't say suicide for under-10-year olds),,yes,,,,,,
select_one YES_NO_DK_REF,Id10091,Was (s)he injured by a fire arm?,,,yes,,,,,,
select_one YES_NO_DK_REF,Id10092,"Was (s)he stabbed, cut or pierced?",,,yes,,,,,,
select_one YES_NO_DK_REF,Id10093,Was (s)he strangled?,,,yes,,,,,,
select_one YES_NO_DK_REF,Id10094,Was (s)he injured by a blunt force?,,,yes,,,,,,
select_one YES_NO_DK_REF,Id10095,Was (s)he injured by a force of nature?,,,yes,,,,,,
select_one YES_NO_DK_REF,Id10096,Was it electrocution?,This includes accidents and cases where it is unkown if it was an accident or whether there was intentional violence,,yes,,,,,,
select_one YES_NO_DK_REF,Id10097,Did (s)he encounter any other injury?,,,yes,,,,,,
select_one YES_NO_DK_REF,Id10098,Was the injury accidental?,,,,,,,,,
select_one YES_NO_DK_REF,Id10099,Was the injury or accident self-inflicted?,,${ageInYears} >= 10,yes,,,,,,
select_one YES_NO_DK_REF,Id10100,Was the injury or accident intentionally inflicted by someone else?,,,yes,,,,,,
end group,,,,,,,,,,,
end group,,,,,,,,,,,
begin group,stillbirth,Verification of possible stillbirth,,"selected(${isNeonatal},'1')",,,,,,,
select_one YES_NO_DK_REF,Id10104,Did the baby ever cry?,,,yes,,,,,,
select_one YES_NO_DK_REF,Id10105,"Did the baby cry immediately after birth, even if only a little bit?",,"selected(${Id10104}, 'yes') or selected(${Id10104}, 'dk')",yes,,,,,,
integer,Id10106,How many minutes after birth did the baby first cry? (use 999 for never),,"selected(${Id10105}, 'yes')",yes,,,,,,
select_one YES_NO_DK_REF,Id10107,Did the baby stop being able to cry?,,"selected(${Id10104}, 'yes') or selected(${Id10104}, 'dk')",yes,,,,,,
integer,Id10108,How many hours before death did the baby stop crying?,,"selected(${Id10107}, 'yes')",yes,,,,,,
select_one YES_NO_DK_REF,Id10109,Did the baby ever move?,,,yes,,,,,,
select_one YES_NO_DK_REF,Id10110,Did the baby ever breathe?,,,yes,,,,,,
select_one YES_NO_DK_REF,Id10111,"Did the baby breathe immediately after birth, even a little?",,"not(selected(${Id10110}, 'no'))",yes,,,,,,
select_one YES_NO_DK_REF,Id10112,Did the baby have a breating problem?,,"not(selected(${Id10110}, 'no'))",yes,,,,,,
select_one YES_NO_DK_REF,Id10113,Was the baby given assistance to breathe at birth?,,"not(selected(${Id10110}, 'no'))",yes,,,,,,
select_one YES_NO_DK_REF,Id10114,"If the baby didn't show any sign of life, was it born dead?",This question serves to finally determine if the baby was born alive or dead.,"(selected(${Id10104}, 'no')) and (selected(${Id10109}, 'no')) and (selected(${Id10110}, 'no'))",yes,,,,,,
select_one YES_NO_DK_REF,Id10115,Were there any bruises or signs of injury on baby's body after the birth?,,,yes,,,,,,
select_one YES_NO_DK_REF,Id10116,"Was the baby’s body soft, pulpy and discoloured and the skin peeling away?","Macerated means the body was pulpy. This indicates that the baby has been dead inside the mother for some time.  If the deceased is ascertained to be a stillbirth, proceed straight with the injury section.","selected(${Id10114}, 'yes')",yes,,,,,,
end group,,,,,,,,,,,
begin group,illhistory,Health history,,,,,,,,,
integer,Id10351,How old was the baby when the fatal illness started?,"The answer could be in months or days, but for data entry convert in days. Less than 24 hours = 0 days","(selected(${Id10114}, 'no') and selected(${isNeonatal}, '1'))",yes,,,,,,
select_one YES_NO_DK_REF,Id10408,"Before the illness that led to death, was the baby/the child growing normally?",,"(selected(${Id10114}, 'no') and selected(${isNeonatal}, '1'))",yes,,,,,,
begin group,illdur,Duration of illness,,"not(selected(${Id10114}, 'yes'))",,,field-list,,,,
note,illdurnote,For how long was (s)he ill before death? ,,,,,,,,,
integer,Id10120,Days,"Less than 24 hours = 0 days. If more then 28 days, enter duration in months in the next question.",,,,,,,,
integer,Id10122,Weeks,,,,,,,,,
integer,Id10121,Months,"Not applicable for newborn.   If duration given is more then one month, need to verify agin age at death.",,,,,,,,
end group,,,,,,,,,,,
select_one YES_NO_DK_REF,Id10123,Did (s)he die suddenly?,,"not(selected(${Id10114}, 'yes'))",yes,,,,,,
begin group,med_hist_final_illness,Medical history associated with final illness,,"(selected(${isChild}, '1') or selected(${isAdult}, '1'))",,,,,,,
select_one YES_NO_DK_REF,Id10125,Was there any diagnosis by a health professional of tuberculosis?,"remind the respondent that we are asking for the diagnosis assessed by a doctor, health worker, or other health professional during the final illness",,yes,,,,,,
select_one YES_NO_DK_REF,Id10126,Was the HIV test ever positive?,,,yes,,,,,,
select_one YES_NO_DK_REF,Id10127,Was there any diagnosis by a health professional of AIDS?,"remind the respondent that we are asking for the diagnosis assessed by a doctor, health worker, or other health professional during the final illness",,yes,,,,,,
select_one YES_NO_DK_REF,Id10128,Did (s)he have a recent positive test by a health professional for malaria?,"remind the respondent that we are asking for the diagnosis assessed by a doctor, health worker, or other health professional during the final illness",,yes,,,,,,
select_one YES_NO_DK_REF,Id10129,Did (s)he have a recent negative test by a health professional for malaria?,"remind the respondent that we are asking for the diagnosis assessed by a doctor, health worker, or other health professional during the final illness","not(selected(${Id10128}, 'yes'))",yes,,,,,,
select_one YES_NO_DK_REF,Id10130,Was there any diagnosis by a health professional of dengue fever?,"remind the respondent that we are asking for the diagnosis assessed by a doctor, health worker, or other health professional during the final illness",,yes,,,,,,
select_one YES_NO_DK_REF,Id10131,Was there any diagnosis by a health professional of measles?,"remind the respondent that we are asking for the diagnosis assessed by a doctor, health worker, or other health professional during the final illness",,yes,,,,,,
select_one YES_NO_DK_REF,Id10132,Was there any diagnosis by a health professional of high blood pressure?,"remind the respondent that we are asking for the diagnosis assessed by a doctor, health worker, or other health professional during the final illness","not(selected(${isChild}, '1'))",yes,,,,,,
select_one YES_NO_DK_REF,Id10133,Was there any diagnosis by a health professional of heart disease?,"remind the respondent that we are asking for the diagnosis assessed by a doctor, health worker, or other health professional during the final illness",,yes,,,,,,
select_one YES_NO_DK_REF,Id10134,Was there any diagnosis by a health professional of diabetes?,"remind the respondent that we are asking for the diagnosis assessed by a doctor, health worker, or other health professional during the final illness",,yes,,,,,,
select_one YES_NO_DK_REF,Id10135,Was there any diagnosis by a health professional of asthma?,"remind the respondent that we are asking for the diagnosis assessed by a doctor, health worker, or other health professional during the final illness",,yes,,,,,,
select_one YES_NO_DK_REF,Id10136,Was there any diagnosis by a health professional of epilepsy?,"remind the respondent that we are asking for the diagnosis assessed by a doctor, health worker, or other health professional during the final illness",,yes,,,,,,
select_one YES_NO_DK_REF,Id10137,Was there any diagnosis by a health professional of cancer?,"remind the respondent that we are asking for the diagnosis assessed by a doctor, health worker, or other health professional during the final illness",,yes,,,,,,
select_one YES_NO_DK_REF,Id10138,Was there any diagnosis by a health professional of Chronic Obstructive Pulmonary Disease (COPD)?,"remind the respondent that we are asking for the diagnosis assessed by a doctor, health worker, or other health professional during the final illness","selected(${isAdult}, '1')",yes,,,,,,
select_one YES_NO_DK_REF,Id10139,Was there any diagnosis by a health professional of dementia?,"remind the respondent that we are asking for the diagnosis assessed by a doctor, health worker, or other health professional during the final illness","selected(${isAdult}, '1')",yes,,,,,,
select_one YES_NO_DK_REF,Id10140,Was there any diagnosis by a health professional of depression?,"remind the respondent that we are asking for the diagnosis assessed by a doctor, health worker, or other health professional during the final illness","selected(${isAdult}, '1')",yes,,,,,,
select_one YES_NO_DK_REF,Id10141,Was there any diagnosis by a health professional of stroke?,"remind the respondent that we are asking for the diagnosis assessed by a doctor, health worker, or other health professional during the final illness","selected(${isAdult}, '1')",yes,,,,,,
select_one YES_NO_DK_REF,Id10142,Was there any diagnosis by a health professional of sickle cell disease?,"remind the respondent that we are asking for the diagnosis assessed by a doctor, health worker, or other health professional during the final illness",,yes,,,,,,
select_one YES_NO_DK_REF,Id10143,Was there any diagnosis by a health professional of kidney disease?,"remind the respondent that we are asking for the diagnosis assessed by a doctor, health worker, or other health professional during the final illness",,yes,,,,,,
select_one YES_NO_DK_REF,Id10144,Was there any diagnosis by a health professional of liver disease?,"remind the respondent that we are asking for the diagnosis assessed by a doctor, health worker, or other health professional during the final illness",,yes,,,,,,
end group,,,,,,,,,,,
begin group,signs_symptoms_final_illness,General signs and symptoms associated with final illness,,"not(selected(${Id10114}, 'yes'))",,,,,,,
select_one YES_NO_DK_REF,Id10147,Did (s)he have a fever?,,,yes,,,,,,
integer,Id10148,How many days did the fever last?,Less than 1 day= “0”. Use 1 week = 7 days to determine the number of days,"selected(${Id10147}, 'yes')",yes,,,,,,
select_one YES_NO_DK_REF,Id10149,Did the fever continue until death?,,"selected(${Id10147}, 'yes')",yes,,,,,,
select_one select_63,Id10150,How severe was the fever?,,"(selected(${isChild}, '1') or selected(${isAdult}, '1')) and selected(${Id10147}, 'yes')",yes,,,,,,
select_one select_64,Id10151,What was the pattern of the fever?,,"(selected(${isChild}, '1') or selected(${isAdult}, '1')) and selected(${Id10147}, 'yes')",,,,,,,
select_one YES_NO_DK_REF,Id10152,Did (s)he have night sweats?,,,yes,,,,,,
select_one YES_NO_DK_REF,Id10153,Did (s)he have a cough?,,,yes,,,,,,
integer,Id10154,For how many days did (s)he have a cough?,,"(selected(${isChild}, '1') or selected(${isAdult}, '1')) and selected(${Id10153}, 'yes')",yes,,,,,,
select_one YES_NO_DK_REF,Id10155,"Was the cough productive, with sputum?",,"(selected(${isChild}, '1') or selected(${isAdult}, '1')) and selected(${Id10153}, 'yes')",yes,,,,,,
select_one YES_NO_DK_REF,Id10156,Was the cough very severe?,,"(selected(${isChild}, '1') or selected(${isAdult}, '1')) and selected(${Id10153}, 'yes')",yes,,,,,,
select_one YES_NO_DK_REF,Id10157,Did (s)he cough up blood?,,"(selected(${isChild}, '1') or selected(${isAdult}, '1')) and selected(${Id10153}, 'yes')",yes,,,,,,
select_one YES_NO_DK_REF,Id10158,Did (s)he make a whooping sound when coughing?,,"((selected(${isChild}, '1') or selected(${isAdult}, '1')) and selected(${Id10153}, 'yes')) or (selected(${isNeonatal}, '1') and  selected(${Id10114}, 'no'))",yes,,,,,,
select_one YES_NO_DK_REF,Id10159,Did (s)he have any difficulty breathing?,,,yes,,,,,,
begin group,breathdur,Duration of breathing difficulty,,"selected(${Id10159}, 'yes')",,,field-list,,,,
integer,Id10161,For how many days did the difficulty breathing last?,Less than 1 day= “0”,,yes,,,,,,
integer,Id10162,For how many months did the difficulty breathing last?,Less than 1 day= “0”,"selected(${isAdult}, '1')",yes,,,,,,
integer,Id10163,For how many years did the difficulty breathing last?,Less than 1 day= “0”,"selected(${isAdult}, '1')",yes,,,,,,
end group,,,,,,,,,,,
select_one select_80,Id10165,Was the difficulty continuous or on and off?,,"(selected(${isChild}, '1') or selected(${isAdult}, '1')) and selected(${Id10159}, 'yes')",yes,,,,,,
select_one YES_NO_DK_REF,Id10166,"During the illness that led to death, did (s)he have fast breathing?",,,yes,,,,,,
integer,Id10167,For how many days did the fast breathing last?,Less than 1 day= “0”,"selected(${Id10166}, 'yes')",yes,,,,,,
select_one YES_NO_DK_REF,Id10168,Did (s)he have breathlessness?,,,yes,,,,,,
integer,Id10169,For how many days did (s)he have breathlessness?,,"selected(${Id10168}, 'yes')",yes,,,,,,
select_one YES_NO_DK_REF,Id10170,Was (s)he unable to carry out daily routines due to breathlessness?,,"selected(${isAdult}, '1') and selected(${Id10168}, 'yes')",yes,,,,,,
select_one YES_NO_DK_REF,Id10171,Was (s)he breathless while lying flat?,,"selected(${isAdult}, '1') and selected(${Id10168}, 'yes')",yes,,,,,,
select_one YES_NO_DK_REF,Id10172,Did you see the lower chest wall/ribs being pulled in as the child breathed in?,Ask only for children under the age of 12 years. Show photos.,"(selected(${isNeonatal}, '1') or selected(${isChild}, '1'))",yes,,,,,,
select_multiple select_501,Id10173,During the illness that led to death did his/her breathing sound like any of the following:,"""In case of adults demonstrate wheezing sound only because stridor and grunting is extremely rare in adults”. Ask about stridor and grunting only for children under the age of 12 years. Demonstrate each sound, in doubt select multiple.",,yes,,,,,,
select_one YES_NO_DK_REF,Id10174,Did (s)he have chest pain?,,"(selected(${isChild}, '1') or selected(${isAdult}, '1')) ",yes,,,,,,
select_one YES_NO_DK_REF,Id10175,Was the chest pain severe?,,"(selected(${isAdult}, '1')) and selected(${Id10174}, 'yes')",,,,,,,
integer,Id10176,How many days before death did (s)he have chest pain?,,"(selected(${isChild}, '1') or selected(${isAdult}, '1')) and selected(${Id10174}, 'yes')",yes,,,,,,
begin group,paindur,Duration of the chest pain,,"selected(${isAdult}, '1') and selected(${Id10174}, 'yes')",,,field-list,,,,
integer,Id10178,How many minutes did the pain last?,enter minutes and hours as appropriate,,yes,,,,,,
integer,Id10179,How many hours did the pain last?,,,,,,,,,
end group,,,,,,,,,,,
select_one YES_NO_DK_REF,Id10181,Did (s)he have more frequent loose or liquid stools than usual?,"Enquire the respondent about his/her understanding of what is diarrhoea(having more frequent loose or liquid stools than usual); if unclear or wrong, explain to the respondent what is diarrhoea .",,yes,,,,,,
integer,Id10182,For how many days did (s)he have frequent loose or liquid stools?,Less than 1 day= “0”. Use 1 week = 7 days to determine the number of days,"(selected(${isChild}, '1') or selected(${isAdult}, '1')) and selected(${Id10181}, 'yes')",yes,,,,,,
integer,Id10183,How many stools did the baby or child have on the day that loose liquid stools were most frequent?,Enter “999“ if this information is not known.,"(selected(${isChild}, '1') or selected(${isNeonatal}, '1')) and selected(${Id10181}, 'yes')",yes,,,,,,
integer,Id10184,How many days before death did the frequent loose or liquid stools start?,Less than 1 day= “0”.  Enter “999“ if this information is not known.,"(selected(${isChild}, '1') or selected(${isNeonatal}, '1')) and selected(${Id10181}, 'yes')",yes,,,,,,
select_one YES_NO_DK_REF,Id10185,Did the frequent loose or liquid stools continue until death?,,"(selected(${isChild}, '1')) and selected(${Id10181}, 'yes')",yes,,,,,,
select_one YES_NO_DK_REF,Id10186,At any time during the final illness was there blood in the stools?,,"(selected(${isChild}, '1') or selected(${isAdult}, '1')) or (selected(${Id10181}, 'yes') and selected(${isNeonatal}, '1'))",yes,,,,,,
select_one YES_NO_DK_REF,Id10187,Was there blood in the stool up until death?,,"((selected(${isChild}, '1') or selected(${isAdult}, '1')) and selected(${Id10186}, 'yes'))",yes,,,,,,
select_one YES_NO_DK_REF,Id10188,Did (s)he vomit?,,,yes,,,,,,
select_one YES_NO_DK_REF,Id10189,Did (s)he vomit in the week preceding the death?,,,yes,,,,,,
integer,Id10190,For how many days before death did (s)he vomit?,Less than 1 day= “0”,"selected(${Id10189}, 'yes') and selected(${isAdult}, '1')",yes,,,,,,
select_one YES_NO_DK_REF,Id10191,Was there blood in the vomit?,,"(selected(${Id10189}, 'yes') and ${isNeonatal} !='1')",yes,,,,,,
select_one YES_NO_DK_REF,Id10192,Was the vomit black?,,"(selected(${isChild}, '1') or selected(${isAdult}, '1')) and selected(${Id10189}, 'yes')",yes,,,,,,
select_one YES_NO_DK_REF,Id10193,Did (s)he have any belly (abdominal) problem?,"Explain to the respondent that problems could be pain, protruding abdomen or a mass.","(selected(${isChild}, '1') or selected(${isAdult}, '1'))",yes,,,,,,
select_one YES_NO_DK_REF,Id10194,Did (s)he have belly (abdominal) pain?,,"(selected(${isChild}, '1') or selected(${isAdult}, '1'))",yes,,,,,,
select_one YES_NO_DK_REF,Id10195,Was the belly (abdominal) pain severe?,,"(selected(${isChild}, '1') or selected(${isAdult}, '1')) and selected(${Id10194}, 'yes')",,,,,,,
begin group,abdominal_pain,Belly pain,,"((selected(${isChild}, '1')and selected(${Id10195}, 'yes')) or (selected(${isAdult}, '1') and selected(${Id10194}, 'yes')))",,,field-list,,,,
note,a_pain_how_long,For how long before death did (s)he have belly (abdominal) pain?,,,,,,,,,
integer,Id10196,Hours,,"((selected(${isChild}, '1')and selected(${Id10195}, 'yes')) or (selected(${isAdult}, '1') and selected(${Id10194}, 'yes')))",yes,,,,,,
integer,Id10197,Days,,"((selected(${isChild}, '1')and selected(${Id10195}, 'yes')) or (selected(${isAdult}, '1') and selected(${Id10194}, 'yes')))",yes,,,,,,
integer,Id10197b,Weeks,,"((selected(${isChild}, '1')and selected(${Id10195}, 'yes')) or (selected(${isAdult}, '1') and selected(${Id10194}, 'yes')))",,,,,,,
integer,Id10198,Months,,"((selected(${isChild}, '1')and selected(${Id10195}, 'yes')) or (selected(${isAdult}, '1') and selected(${Id10194}, 'yes')))",yes,,,,,,
end group,,,,,,,,,,,
select_one select_100,Id10199,Was the pain in the upper or lower belly (abdomen)?,,"((selected(${isChild}, '1')and selected(${Id10195}, 'yes')) or (selected(${isAdult}, '1') and selected(${Id10194}, 'yes')))",yes,,,,,,
select_one YES_NO_DK_REF,Id10200,Did (s)he have a more than usually protruding belly (abdomen)?,,"(selected(${isChild}, '1') or selected(${isAdult}, '1')) ",yes,,,,,,
integer,Id10201,For how many days did (s)he have a more than usually protruding belly (abdomen)?,Less than 1 day= “0”. Use 1 week = 7 days to determine the number of days,"(selected(${isChild}, '1') or selected(${isAdult}, '1')) and selected(${Id10200}, 'yes')",yes,,,,,,
integer,Id10202,For how many months did (s)he have a more than usually protruding belly (abdomen)?,,"(selected(${isChild}, '1') or selected(${isAdult}, '1')) and selected(${Id10200}, 'yes')",yes,,,,,,
select_one select_103,Id10203,How rapidly did (s)he develop the protruding belly (abdomen)?,,"(selected(${isChild}, '1') or selected(${isAdult}, '1')) and selected(${Id10200}, 'yes')",yes,,,,,,
select_one YES_NO_DK_REF,Id10204,Did (s)he have any mass in the belly (abdomen)?,,"(selected(${isChild}, '1') or selected(${isAdult}, '1'))",yes,,,,,,
integer,Id10205,For how many days before death did (s)he have a mass in the belly (abdomen)?,Less than 1 day= “0”. 1 week= 7 days. 1 month=30 days,"(selected(${isChild}, '1') or selected(${isAdult}, '1')) and selected(${Id10204}, 'yes')",yes,,,,,,
integer,Id10206,For how many months before death did (s)he have a mass in the belly (abdomen)?,,"(selected(${isChild}, '1') or selected(${isAdult}, '1')) and selected(${Id10204}, 'yes')",yes,,,,,,
select_one YES_NO_DK_REF,Id10207,Did (s)he have a severe headache?,,"(selected(${isChild}, '1') or selected(${isAdult}, '1'))",yes,,,,,,
select_one YES_NO_DK_REF,Id10208,Did (s)he have a stiff neck during illness that led to death?,,"(selected(${isChild}, '1') or selected(${isAdult}, '1'))",yes,,,,,,
integer,Id10209,For how many days before death did (s)he have stiff neck?,Less than 1 day= “0”. 1 week= 7 days. 1 month=30 days ,"(selected(${isChild}, '1') or selected(${isAdult}, '1')) and selected(${Id10208}, 'yes')",yes,,,,,,
select_one YES_NO_DK_REF,Id10210,Did (s)he have a painful neck during the illness that led to death?,,"(selected(${isChild}, '1') or selected(${isAdult}, '1'))",yes,,,,,,
integer,Id10211,For how many days before death did (s)he have a painful neck?,Less than 1 day= “0”. 1 week= 7 days. 1 month=30 days,"(selected(${isChild}, '1') or selected(${isAdult}, '1')) and selected(${Id10210}, 'yes')",yes,,,,,,
select_one YES_NO_DK_REF,Id10212,Did (s)he have mental confusion?,,"selected(${isAdult}, '1')",yes,,,,,,
integer,Id10213,For how many months did (s)he have mental confusion?,Less than 1 day= “0”. Use 1 month= 30 days to determine the number of days,"(selected(${isAdult}, '1')) and selected(${Id10212}, 'yes')",yes,,,,,,
select_one YES_NO_DK_REF,Id10214,Was (s)he unconscious during the illness that lead to death?,,,,,,,,,
select_one YES_NO_DK_REF,Id10215,Was (s)he unconscious for more than 24 hours before death?,,"(selected(${Id10214}, 'yes') or selected(${isAdult}, '1'))",yes,,,,,,
integer,Id10216,How many hours before death did unconsciousness start?,"The question needs input in hours but the respondent may not know exactly and so it may be easier to ask 'how long' and then convert the duration in hours. (Less than 1 hour = ""0"")","(selected(${isChild}, '1') and ${Id10215} !='yes')",yes,,,,,,
select_one YES_NO_DK_REF,Id10217,"Did the unconsciousness start suddenly, quickly (at least within a single day)?",,"(selected(${isChild}, '1') or selected(${isAdult}, '1')) and selected(${Id10215}, 'yes')",yes,,,,,,
select_one YES_NO_DK_REF,Id10218,Did the unconsciousness continue until death?,,"(selected(${isChild}, '1') or selected(${isAdult}, '1')) and selected(${Id10215}, 'yes')",yes,,,,,,
select_one YES_NO_DK_REF,Id10219,Did (s)he have convulsions?,,,yes,,,,,,
select_one YES_NO_DK_REF,Id10220,Did (s)he experience any generalized convulsions or fits during the illness that led to death?,,"(selected(${isChild}, '1')) and selected(${Id10219}, 'yes')",yes,,,,,,
integer,Id10221,For how many minutes did the convulsions last?,"Less than 1 minute = ""0"". Use 1 hour=60 minutes to determine the number of minutes","(selected(${isChild}, '1') or selected(${isAdult}, '1')) and selected(${Id10219}, 'yes')",yes,,,,,,
select_one YES_NO_DK_REF,Id10222,Did (s)he become unconscious immediately after the convulsion?,,"(selected(${isChild}, '1') or selected(${isAdult}, '1')) and selected(${Id10219}, 'yes')",yes,,,,,,
select_one YES_NO_DK_REF,Id10223,Did (s)he have any urine problems?,"Explain to the respondent that urine problems refer to urinating a lot or not at all, and blood in the urine.","(selected(${isChild}, '1') or selected(${isAdult}, '1'))",yes,,,,,,
select_one YES_NO_DK_REF,Id10224,Did (s)he stop urinating?,This means that the deceased stopped urinating,"(selected(${isChild}, '1') or selected(${isAdult}, '1')) and selected(${Id10223}, 'yes')",yes,,,,,,
select_one YES_NO_DK_REF,Id10225,Did (s)he go to urinate more often than usual?,,"(selected(${isChild}, '1') or selected(${isAdult}, '1')) and selected(${Id10223}, 'yes')",yes,,,,,,
select_one YES_NO_DK_REF,Id10226,During the final illness did (s)he ever pass blood in the urine?,,"(selected(${isChild}, '1') or selected(${isAdult}, '1')) and selected(${Id10223}, 'yes')",yes,,,,,,
select_one YES_NO_DK_REF,Id10227,Did (s)he have sores or ulcers anywhere on the body?,,"(selected(${isChild}, '1') or selected(${isAdult}, '1'))",yes,,,,,,
select_one YES_NO_DK_REF,Id10228,Did (s)he have sores?,," selected(${isAdult}, '1')",yes,,,,,,
select_one YES_NO_DK_REF,Id10229,Did the sores have clear fluid or pus?,," ((selected(${isAdult}, '1') and selected(${Id10228}, 'yes')) or (selected(${isChild}, '1') and selected(${Id10227}, 'yes')))",yes,,,,,,
select_one YES_NO_DK_REF,Id10230,Did (s)he have an ulcer (pit) on the foot?,,"(selected(${isChild}, '1') or selected(${isAdult}, '1'))",yes,,,,,,
select_one YES_NO_DK_REF,Id10231,Did the ulcer on the foot ooze pus?,,"(selected(${isChild}, '1') or selected(${isAdult}, '1')) and selected(${Id10230}, 'yes')",yes,,,,,,
integer,Id10232,For how many days did the ulcer on the foot ooze pus?,Less than 1 day= “0”,"(selected(${isChild}, '1') or selected(${isAdult}, '1')) and selected(${Id10231}, 'yes')",yes,,,,,,
select_one YES_NO_DK_REF,Id10233,"During the illness that led to death, did (s)he have any skin rash?",,,yes,,,,,,
integer,Id10234,For how many days did (s)he have the skin rash?,Less than 1 day= “0”. Use 1 week=7 days to determine the number of days,"(selected(${isChild}, '1') or selected(${isAdult}, '1')) and selected(${Id10233}, 'yes')",yes,,,,,,
select_multiple select_135,Id10235,Where was the rash?,,"(selected(${isChild}, '1') or selected(${isAdult}, '1')) and selected(${Id10233}, 'yes')",yes,,,,,,
select_one YES_NO_DK_REF,Id10236,Did (s)he have measles rash (use local term)?,,"(selected(${isChild}, '1') or selected(${isAdult}, '1')) and selected(${Id10233}, 'yes')",yes,,,,,,
select_one YES_NO_DK_REF,Id10237,Did (s)he ever have shingles or herpes zoster?,,"selected(${isAdult}, '1') ",yes,,,,,,
select_one YES_NO_DK_REF,Id10238,"During the illness that led to death, did her/his skin flake off in patches?",,"(selected(${isChild}, '1') or selected(${isAdult}, '1'))",yes,,,,,,
select_one YES_NO_DK_REF,Id10239,"During the illness that led to death, did he/she have areas of the skin that turned black?",,"(selected(${isNeonatal}, '1') or selected(${isChild}, '1'))",yes,,,,,,
select_one YES_NO_DK_REF,Id10240,"During the illness that led to death, did he/she have areas of the skin with redness and swelling?",,"(selected(${isNeonatal}, '1') or selected(${isChild}, '1'))",,,,,,,
select_one YES_NO_DK_REF,Id10241,"During the illness that led to death, did (s)he bleed from anywhere?",,,yes,,,,,,
select_one YES_NO_DK_REF,Id10242,"Did (s)he bleed from the nose, mouth or anus?",,"(selected(${isChild}, '1') or selected(${isAdult}, '1')) and selected(${Id10241}, 'yes')",yes,,,,,,
select_one YES_NO_DK_REF,Id10243,Did (s)he have noticeable weight loss?,,"(selected(${isChild}, '1') or selected(${isAdult}, '1'))",yes,,,,,,
select_one YES_NO_DK_REF,Id10244,Was (s)he severely thin or wasted?,,"(selected(${isChild}, '1') or selected(${isAdult}, '1'))",yes,,,,,,
select_one YES_NO_DK_REF,Id10245,"During the illness that led to death, did s/he have a whitish rash inside the mouth or on the tongue?",,"(selected(${isChild}, '1') or selected(${isAdult}, '1'))",yes,,,,,,
select_one YES_NO_DK_REF,Id10246,Did (s)he have stiffness of the whole body or was unable to open the mouth?,,"(selected(${isChild}, '1') or selected(${isAdult}, '1'))",yes,,,,,,
select_one YES_NO_DK_REF,Id10247,Did (s)he have puffiness of the face?,,"(selected(${isChild}, '1') or selected(${isAdult}, '1'))",yes,,,,,,
integer,Id10248,For how many days did (s)he have puffiness of the face?,Less than 1 day= “0”. Use 1 month= 7 days or 1 month=30 days to determine the number of days,"(selected(${isChild}, '1') or selected(${isAdult}, '1')) and selected(${Id10247}, 'yes')",yes,,,,,,
select_one YES_NO_DK_REF,Id10249,"During the illness that led to death, did (s)he have swollen legs or feet?",,"(selected(${isChild}, '1') or selected(${isAdult}, '1'))",yes,,,,,,
integer,Id10250,How many days did the swelling last?,Less than 1 day= “0”. Use 1 week=7 days to determine the number of days,"(selected(${isChild}, '1') or selected(${isAdult}, '1')) and selected(${Id10249}, 'yes')",yes,,,,,,
select_one YES_NO_DK_REF,Id10251,Did (s)he have both feet swollen?,,"(selected(${isChild}, '1') or selected(${isAdult}, '1')) and selected(${Id10249}, 'yes')",yes,,,,,,
select_one YES_NO_DK_REF,Id10252,Did (s)he have general puffiness all over hi(s)her body?,,"(selected(${isChild}, '1') or selected(${isAdult}, '1'))",yes,,,,,,
select_one YES_NO_DK_REF,Id10253,Did (s)he have any lumps?,,"(selected(${isChild}, '1') or selected(${isAdult}, '1'))",yes,,,,,,
select_one YES_NO_DK_REF,Id10254,Did (s)he have any lumps or lesions in the mouth?,,"(selected(${isAdult}, '1')) and selected(${Id10253}, 'yes')",yes,,,,,,
select_one YES_NO_DK_REF,Id10255,Did (s)he have any lumps on the neck?,,"(selected(${isChild}, '1') or selected(${isAdult}, '1')) and selected(${Id10253}, 'yes')",yes,,,,,,
select_one YES_NO_DK_REF,Id10256,Did (s)he have any lumps on the armpit?,,"(selected(${isChild}, '1') or selected(${isAdult}, '1')) and selected(${Id10253}, 'yes')",yes,,,,,,
select_one YES_NO_DK_REF,Id10257,Did (s)he have any lumps on the groin?,,"(selected(${isChild}, '1') or selected(${isAdult}, '1')) and selected(${Id10253}, 'yes')",yes,,,,,,
select_one YES_NO_DK_REF,Id10258,Was (s)he in any way paralysed?,,"(selected(${isChild}, '1') or selected(${isAdult}, '1'))",yes,,,,,,
select_one YES_NO_DK_REF,Id10259,Did s(he have paralysis of only one side of the body?,,"(selected(${isChild}, '1') or selected(${isAdult}, '1')) and selected(${Id10258}, 'yes')",yes,,,,,,
select_multiple select_161,Id10260,Which were the limbs or body parts paralysed?,,"(selected(${isChild}, '1') or selected(${isAdult}, '1')) and selected(${Id10258}, 'yes')",yes,,,,,,
select_one YES_NO_DK_REF,Id10261,Did (s)he have difficulty swallowing?,,"(selected(${isChild}, '1') or selected(${isAdult}, '1'))",yes,,,,,,
integer,Id10262,For how many days before death did (s)he have difficulty swallowing?,Less than 1 day=“0”. Use 1 month=30 days or 1 month=30 days to determine the number of days,"(selected(${isChild}, '1') or selected(${isAdult}, '1')) and selected(${Id10261}, 'yes')",yes,,,,,,
select_one select_164,Id10263,"Was the difficulty with swallowing with solids, liquids, or both?",,"(selected(${isChild}, '1') or selected(${isAdult}, '1')) and selected(${Id10261}, 'yes')",yes,,,,,,
select_one YES_NO_DK_REF,Id10264,Did (s)he have pain upon swallowing?,,"(selected(${isChild}, '1') or selected(${isAdult}, '1'))",yes,,,,,,
select_one YES_NO_DK_REF,Id10265,Did (s)he have yellow discoloration of the eyes?,,,yes,,,,,,
integer,Id10266,For how many days did (s)he have the yellow discoloration?,Less than 1 day=“0”. Use 1 month=30 days or 1 month=30 days to determine the number of days,"(selected(${isChild}, '1') or selected(${isAdult}, '1')) and selected(${Id10265}, 'yes')",yes,,,,,,
select_one YES_NO_DK_REF,Id10267,Did her/his hair change in color to a reddish or yellowish color?,,"(selected(${isChild}, '1') or selected(${isAdult}, '1'))",yes,,,,,,
select_one YES_NO_DK_REF,Id10268,"Did (s)he look pale (thinning/lack of blood) or have pale palms, eyes or nail beds?","Long term deficiency of the blood results in a pale, whitish appearance of the lips, tongue, and eye sac. Sometime it is referred to as thinning or lack of blood, or pallor.","(selected(${isChild}, '1') or selected(${isAdult}, '1'))",yes,,,,,,
select_one YES_NO_DK_REF,Id10269,Did (s)he have sunken eyes?,,"(selected(${isChild}, '1'))",yes,,,,,,
select_one YES_NO_DK_REF,Id10270,Did (s)he drink a lot more water than usual?,,"(selected(${isChild}, '1') or selected(${isAdult}, '1'))",yes,,,,,,
select_one YES_NO_DK_REF,Id10271,Was the baby able to suckle or bottle-feed within the first 24 hours after birth?,This question should be asked only if the child was <1 year old when it died. ,"(selected(${isNeonatal}, '1') and ${Id10114}!='yes')or selected(${isChild}, '1')",,,,,,,
select_one YES_NO_DK_REF,Id10272,Did the baby ever suckle in a normal way?,This question should be asked only if the child was <1 year old when it died. ,"(selected(${isNeonatal}, '1') and ${Id10114}!='yes')or selected(${isChild}, '1')",,,,,,,
select_one YES_NO_DK_REF,Id10273,Did the baby stop suckling?,This question should be asked only if the child was <1 year old when it died. ,"(selected(${isNeonatal}, '1') and ${Id10114}!='yes')or selected(${isChild}, '1')",yes,,,,,,
integer,Id10274,How many days after birth did the baby stop suckling?,This question should be asked only if the child was <1 year old when it died. ,"selected(${Id10273}, 'yes')",yes,,,,,,
select_one YES_NO_DK_REF,Id10275,Did the baby have convulsions starting within the first 24 hours of life?,This question should be asked only if the child was <1 year old when it died. ,"(selected(${isNeonatal}, '1') and ${Id10114}!='yes')or selected(${isChild}, '1')",yes,,,,,,
select_one YES_NO_DK_REF,Id10276,Did the baby have convulsions starting more than 24 hours after birth?,This question should be asked only if the child was <1 year old when it died. ,"(selected(${isNeonatal}, '1') and ${Id10275}!='yes')",yes,,,,,,
select_one YES_NO_DK_REF,Id10277,"Did the baby's body become stiff, with the back arched backwards?",This question should be asked only if the child was <1 year old when it died. ,"(selected(${isNeonatal}, '1') and ${Id10114}!='yes')or selected(${isChild}, '1')",yes,,,,,,
select_one YES_NO_DK_REF,Id10278,"During the illness that led to death, did the baby have a bulging or raised fontanelle? (ask only up to 18 months)",Show photo,"(selected(${isNeonatal}, '1') and ${Id10114}!='yes')or selected(${isChild}, '1')",yes,,,,,,
select_one YES_NO_DK_REF,Id10279,"During the illness that led to death, did the baby have a sunken fontanelle? (ask only up to 18 months)",Show photo,"((selected(${isNeonatal}, '1') or selected(${isChild}, '1')) and ${Id10278} !='yes' )",,,,,,,
select_one YES_NO_DK_REF,Id10281,"During the illness that led to death, did the baby become unresponsive or unconscious?",,"((not(selected(${Id10278}, 'yes')) and (selected(${isNeonatal}, '1')) and ${Id10114}!='yes') or selected(${isChild}, '1'))",yes,,,,,,
select_one YES_NO_DK_REF,Id10282,"Did the baby become unresponsive or unconscious soon after birth, within less than 24 hours?",,"((selected(${Id10281}, 'yes') and (selected(${isNeonatal}, '1')) and ${Id10114}!='yes') or selected(${isChild}, '1'))",yes,,,,,,
select_one YES_NO_DK_REF,Id10283,Did the baby become unresponsive or unconscious more than 24 hours after birth?,,"((selected(${Id10281}, 'yes') and not(selected(${Id10282}, 'yes')) and (selected(${isNeonatal}, '1')) and ${Id10114}!='yes') or selected(${isChild}, '1'))",yes,,,,,,
begin group,neonatal_childC,Neonatal child questions part C,,"(selected(${isNeonatal}, '1')) and ${Id10114}!='yes'",,,,,,,
select_one YES_NO_DK_REF,Id10284,"During the illness that led to death, did the baby become cold to touch?",,,yes,,,,,,
integer,Id10285,How many days old was the baby when it started feeling cold to touch?,,"selected(${Id10284}, 'yes')",,,,,,,
select_one YES_NO_DK_REF,Id10286,"During the illness that led to death, did the baby become lethargic, after a period of normal activity?",,,yes,,,,,,
select_one YES_NO_DK_REF,Id10287,Did the baby have redness or pus drainage from the umbilical cord stump?,,,yes,,,,,,
select_one YES_NO_DK_REF,Id10288,"During the illness that led to death, did the baby have skin ulcer(s) or pits?",,,yes,,,,,,
select_one YES_NO_DK_REF,Id10289,"During the illness that led to death, did the baby have yellow skin, palms (hand) or soles (foot)?",,,yes,,,,,,
select_one YES_NO_DK_REF,Id10290,Did the baby or infant appear to be healthy and then just die suddenly?,,,yes,,,,,,
end group,,,,,,,,,,,
end group,,,,,,,,,,,
begin group,pregnancy_women,Signs and symptoms associated with pregnancy and women,,"(selected(${isAdult}, '1')) and ${Id10019} = 'female'",,,,,,,
select_one YES_NO_DK_REF,Id10294,Did she have any swelling or lump in the breast?,,,yes,,,,,,
select_one YES_NO_DK_REF,Id10295,Did she have any ulcers (pits) in the breast?,,,yes,,,,,,
select_one YES_NO_DK_REF,Id10296,Did she ever have a period or menstruate?,"Ask for period and menstruation, and also mention the content of the subquestions already (excessive quantity or little quantity of bleeding, or irregular vaginal bleeding). If anything is mentioned select yes.",,yes,,,,,,
select_one YES_NO_DK_REF,Id10297,Did she have  vaginal bleeding in between menstrual periods?,Important is the excessive quantity of blood,"selected(${Id10296}, 'yes')",yes,,,,,,
select_one YES_NO_DK_REF,Id10298,Was the bleeding excessive?,,"selected(${Id10297}, 'yes')",yes,,,,,,
select_one YES_NO_DK_REF,Id10299,Did her menstrual period stop naturally because of menopause?,"If woman was under 40, do not ask and just click ‘No’.","selected(${Id10296}, 'yes')",yes,,,,,,
select_one YES_NO_DK_REF,Id10300,Did she have vaginal bleeding after cessation of menstruation?,"If woman was under 40, do not ask and just click ‘No’.","selected(${Id10296}, 'yes')",yes,,,,,,
select_one YES_NO_DK_REF,Id10301,Was there excessive vaginal bleeding in the week prior to death?,Important is the excessive quantity of blood,"selected(${Id10296}, 'yes')",yes,,,,,,
select_one YES_NO_DK_REF,Id10302,At the time of death was her period overdue?,,"selected(${Id10296}, 'yes')",yes,,,,,,
integer,Id10303,For how many weeks had her period been overdue?,,"selected(${Id10302}, 'yes')",yes,,,,,,
select_one YES_NO_DK_REF,Id10304,Did she have a sharp pain in her belly (abdomen) shortly before death?,,,yes,,,,,,
select_one YES_NO_DK_REF,Id10305,Was she pregnant at the time of death?,,,yes,,,,,,
select_one YES_NO_DK_REF,Id10306,"Did she die within 6 weeks of delivery, abortion or miscarriage?",,"not(selected(${Id10305}, 'yes'))",yes,,,,,,
select_one YES_NO_DK_REF,Id10307,Did this woman die more than 42 days after being pregnant or delivering a baby?,,${Id10306}!='yes' and  ${Id10305}!='yes',,,,,,,
select_one YES_NO_DK_REF,Id10308,Was this a woman who died less than 1 year after being pregnant or delivering a baby?,,${Id10306}!='yes' and  ${Id10305}!='yes',,,,,,,
integer,Id10309,For how many months was she pregnant?,Important is the distinction beween early and late pregnancy (threshold is 6 months),"(selected(${Id10305}, 'yes') and ${Id10306} !='yes')",,,,,,,
select_one YES_NO_DK_REF,Id10310,"Please confirm: When she died, she was NEITHER pregnant NOR had recently been pregnant NOR had recently delivered when she died - is that right?","""Recently"" here means 6 weeks. This questions serves to confirm that no maternal death is missed.","not(selected(${Id10306}, 'yes'))",yes,,,,,,
begin group,group_maternal,Questions about possible maternal deaths,,"not(selected(${Id10310}, 'yes'))",,,,,,,
select_one YES_NO_DK_REF,Id10312,Did she die during labour or delivery?,Labor is the period of time by which contractions are less than 10 minutes apart.,,yes,,,,,,
select_one YES_NO_DK_REF,Id10313,Did she die after delivering a baby?,,"not(selected(${Id10312}, 'yes'))",yes,,,,,,
select_one YES_NO_DK_REF,Id10314,Did she die within 24 hours after delivery?,,"selected(${Id10313}, 'yes')",yes,,,,,,
select_one YES_NO_DK_REF,Id10315,Did she die within 6 weeks of childbirth?,,${Id10312}!='yes' and  ${Id10314}!='yes',,,,,,,
select_one YES_NO_DK_REF,Id10316,Did she give birth to a live baby (within 6 weeks of her death)?,The important aspect is if the baby was alive.,,yes,,,,,,
select_one YES_NO_DK_REF,Id10317,Did she die during or after a multiple pregnancy?,,,yes,,,,,,
select_one YES_NO_DK_REF,Id10318,Was she breastfeeding the child in the days before death?,,,yes,,,,,,
integer,Id10319,"How many births, including stillbirths, did she/the mother have before this baby?",,,yes,,,,,,
select_one YES_NO_DK_REF,Id10320,Had she had any previous Caesarean section?,,${Id10319} != '0',yes,,,,,,
select_one YES_NO_DK_REF,Id10321,"During pregnancy, did she suffer from high blood pressure?",,,yes,,,,,,
select_one YES_NO_DK_REF,Id10322,Did she have foul smelling vaginal discharge during pregnancy or after delivery?,,,yes,,,,,,
select_one YES_NO_DK_REF,Id10323,"During the last 3 months of pregnancy, did she suffer from convulsions?",,,yes,,,,,,
select_one YES_NO_DK_REF,Id10324,During the last 3 months of pregnancy did she suffer from blurred vision?,,,yes,,,,,,
select_one YES_NO_DK_REF,Id10325,Did bleeding occur while she was pregnant,,,yes,,,,,,
select_one YES_NO_DK_REF,Id10326,Was there vaginal bleeding during the first 6 months of pregnancy?,,"selected(${Id10325}, 'yes')",yes,,,,,,
select_one YES_NO_DK_REF,Id10327,Was there vaginal bleeding during the last 3 months of pregnancy but before labour started?,Make sure the respondent understands that it is important that this bleeding happened before birth,"selected(${Id10325}, 'yes')",yes,,,,,,
select_one YES_NO_DK_REF,Id10328,Did she have excessive bleeding during labour or delivery?,Here the excessive quantity of blood DURING birth is what we ask for,,yes,,,,,,
select_one YES_NO_DK_REF,Id10329,Did she have excessive bleeding after delivery or abortion?,Here the excessive quantity of blood AFTER birth is what we ask for,,yes,,,,,,
select_one YES_NO_DK_REF,Id10330,Was the placenta completely delivered?,,,yes,,,,,,
select_one YES_NO_DK_REF,Id10331,Did she deliver or try to deliver an abnormally positioned baby?,"Enquire the respondent about his/hers understanding of what is an abnormally positioned baby; if unclear or wrong, explain that it refers to babys' whose first body part exiting the vagina is not the head.",,yes,,,,,,
integer,Id10332,For how many hours was she in labour?,Less than 1 hour= “0”,,yes,,,,,,
select_one YES_NO_DK_REF,Id10333,Did she attempt to terminate the pregnancy?,,,yes,,,,,,
select_one YES_NO_DK_REF,Id10334,Did she recently have a pregnancy that ended in an abortion (spontaneous or induced)?,,"not(selected(${Id10316}, 'yes'))",yes,,,,,,
select_one YES_NO_DK_REF,Id10335,Did she die during an abortion?,,"selected(${Id10334}, 'yes')",yes,,,,,,
select_one YES_NO_DK_REF,Id10336,Did she die within 6 weeks of having an abortion?,,"selected(${Id10334}, 'yes')",yes,,,,,,
select_one select_208,Id10337,Where did she give birth?,,,yes,,,,,,
select_one YES_NO_DK_REF,Id10338,Did she receive professional assistance during the delivery?,"Explain to the respondent what is meant by a professional assistance: delivery attended by a medical professional (doctor, nurse or midwife).",,yes,,,,,,
select_one select_530,Id10339,Who delivered the baby?,,,,,,,,,
select_one YES_NO_DK_REF,Id10340,Did she have an operation to remove her uterus shortly before death?,,,yes,,,,,,
begin group,deliverytype,How did the mother deliver her baby?,,,yes,,,,,,
select_one YES_NO_DK_REF,Id10342,"Was the delivery normal vaginal, without forceps or vacuum?",,,yes,,,,,,
select_one YES_NO_DK_REF,Id10343,"Was the delivery vaginal, with forceps or vacuum?",,"not(selected(${Id10342}, 'yes'))",yes,,,,,,
select_one YES_NO_DK_REF,Id10344,Was the delivery a Caesarean section?,,"not(selected(${Id10342}, 'yes')) and not(selected(${Id10343}, 'yes'))",yes,,,,,,
end group,,,,,,,,,,,
end group,,,,,,,,,,,
end group,,,,,,,,,,,
select_one YES_NO_DK_REF,Id10347,Was the baby born more than one month early?,,"((selected(${isNeonatal}, '1')) or (selected(${Id10114}, 'yes')) or (selected(${isAdult}, '1') and ${Id10310} = 'no') and ${Id10019} = 'female')",yes,,,,,,
begin group,neonatal_child,"Neonatal and child history, signs and symptoms",,,,,,,,,
integer,Id10352,How many years old was the child when the fatal illness started?,,"(selected(${isChild}, '1'))",yes,,,,,,
begin group,neonatal_childA,Neonatal child questions part A,,"(selected(${isNeonatal}, '1') or selected(${isChild}, '1'))",,,,,,,
select_one YES_NO_DK_REF,Id10354,Was the child part of a multiple  birth?,"If two or more children are born at the same time, it is counted as a multiple birth, even if one or more of the babies are born dead.",,yes,,,,,,
select_one select_219,Id10355,"Was the child the first, second, or later in the birth order?",,"selected(${Id10354}, 'yes')",yes,,,,,,
select_one YES_NO_DK_REF,Id10356,Is the mother still alive?,"If mother is present at the interview, select 'yes' without asking the question aloud.",,yes,,,,,,
select_one select_221,Id10357,Did the mother die during or after the delivery?,,"selected(${Id10356}, 'no')",yes,,,,,,
begin group,moth_death,Time between delivery and death of mother,,"selected(${Id10357}, 'after_delivery')",,,field-list,,,,
integer,Id10358,How many months after the delivery did the mother die?,"The respondent may reply in months and days. Enter the number of monts and days given. The sum of the number of months and days you enter should reflect the time interval given by the respondent. If the interval was less then one month, enter '0' here",,yes,,,,,,
integer,Id10359,How many days after the delivery did the mother die?,,,yes,,,,,,
end group,,,,,,,,,,,
select_one select_223,Id10360,Where was the deceased born?,Read the question and slowly read the first 5 choices.   Respondent should hear all 5 choices and then respond.,,yes,,,,,,
select_one YES_NO_DK_REF,Id10361,Did the mother receive professional assistance during the delivery? (ask only up to 1 year),"Explain to the respondent what is meant by a professional assistance: delivery attended by a medical professional (doctor, nurse or midwife).",,yes,,,,,,
select_one YES_NO_DK_REF,Id10362,"At birth, was the baby of usual size?","Show photos, explain to the respondent that even if the aswer is ""no"" some more questions will be asked, just to make sure no important detail has been missed.",,yes,,,,,,
select_one YES_NO_DK_REF,Id10363,"At birth, was the baby smaller than usual, (weighing under 2.5 kg)?",Show photos.,"not(selected(${Id10362}, 'yes')) ",yes,,,,,,
select_one YES_NO_DK_REF,Id10364,"At birth, was the baby very much smaller than usual, (weighing under 1 kg)?",Show photos.,"selected(${Id10363}, 'yes')",,,,,,,
select_one YES_NO_DK_REF,Id10365,"At birth, was the baby larger than usual, (weighing over 4.5 kg)?",Show photos.,"(not(selected(${Id10363}, 'yes')) or not(selected(${Id10362}, 'yes')))",yes,,,,,,
integer,Id10366,What was the weight (in grammes) of the deceased at birth?,"Respondents may give the answer in kilograms.  For the data entry, convert to grammes.If don't know enter 8888",,yes,,,,,,
integer,Id10367,How many months long was the pregnancy before the child was born? (ask only up to 1 year),If don't know enter 88,,yes,,,,,,
select_one YES_NO_DK_REF,Id10368,"Were there any complications in the late part of the pregnancy (defined as the last 3 months, before labour)? (ask only up to 1 year)",,,yes,,,,,,
select_one YES_NO_DK_REF,Id10369,Were there any complications during labour or delivery? (ask only up to 1 year),,,yes,,,,,,
select_one YES_NO_DK_REF,Id10370,"Was any part of the baby physically abnormal at time of delivery? (for example: body part too large or too small, additional growth on body)?","Explain to the respondent that even if the answer is ""no"" some more questions will be asked, just to make sure no important detail has been missed.",,yes,,,,,,
select_one YES_NO_DK_REF,Id10371,Did the baby/ child have a swelling or defect on the back at time of birth?,,"not(selected(${Id10370}, 'no'))",yes,,,,,,
select_one YES_NO_DK_REF,Id10372,Did the baby/ child have a very large head at time of birth?,,"not(selected(${Id10370}, 'no'))",yes,,,,,,
select_one YES_NO_DK_REF,Id10373,Did the baby/ child have a very small head at time of birth?,,"not(selected(${Id10372}, 'yes') or selected(${Id10370}, 'no'))",yes,,,,,,
end group,,,,,,,,,,,
begin group,neonatal_childB,Neonatal child questions part B,,"(selected(${isNeonatal}, '1'))",,,,,,,
select_one YES_NO_DK_REF,Id10376,Was the baby moving in the last few days before the birth?,,,yes,,,,,,
select_one YES_NO_DK_REF,Id10377,Did the baby stop moving in the womb before labour started?,,,yes,,,,,,
begin group,babmove,Baby moving,,"selected(${Id10377}, 'yes')",,,field-list,,,,
integer,Id10379,How many days before labour did you or the mother last feel the baby move? (maybe the respondent or health worker had examined the mother),Enter duration as appropriate in hours and days,,yes,,,,,,
integer,Id10380,How many hours before labour did you or the mother last feel the baby move? (maybe the respondent or health worker had examined the mother),,,yes,,,,,,
end group,,,,,,,,,,,
integer,Id10382,How many hours did labour and delivery take?,If less than on hour enter 0,,,,,,,,
select_one YES_NO_DK_REF,Id10383,Was the baby born 24 hours or more after the water broke?,,,yes,,,,,,
select_one YES_NO_DK_REF,Id10384,Was the liquor foul smelling?,,,yes,,,,,,
select_one select_520,Id10385,What was the colour of the liquor when the water broke?,,,yes,,,,,,
begin group,mother_deliv,How was the baby delivered?,,,yes,,,,,,
select_one YES_NO_DK_REF,Id10387,"Was the delivery normal vaginal, without forceps or vacuum?",,,yes,,,,,,
select_one YES_NO_DK_REF,Id10388,"Was the delivery vaginal, with forceps or vacuum?",,"not(selected(${Id10387}, 'yes'))",yes,,,,,,
select_one YES_NO_DK_REF,Id10389,Was the delivery a Caesarean section?,,"not(selected(${Id10387}, 'yes')) and not(selected(${Id10388}, 'yes'))",yes,,,,,,
end group,,,,,,,,,,,
select_one YES_NO_DK_REF,Id10391,Did you/the mother receive any vaccinations since reaching adulthood including during this pregnancy?,,,yes,,,,,,
integer,Id10392,How many doses?,,"selected(${Id10391}, 'yes')",yes,,,,,,
select_one YES_NO_DK_REF,Id10393,Did the mother receive tetanus toxoid (TT) vaccine?,,"selected(${Id10391}, 'yes')",yes,,,,,,
integer,Id10394,"How many births, including stillbirths, did the baby's mother have before this baby?",,,yes,,,,,,
select_one YES_NO_DK_REF,Id10395,"During labour, did the baby's mother suffer from fever?",,TRUE,,,,,,,
select_one YES_NO_DK_REF,Id10396,"During the last 3 months of pregnancy, labour or delivery, did the baby's mother suffer from high blood pressure?",,,yes,,,,,,
select_one YES_NO_DK_REF,Id10397,Did the baby's mother have diabetes mellitus?,,,,,,,,,
select_one YES_NO_DK_REF,Id10398,Did the baby's mother have foul smelling vaginal discharge during pregnancy or after delivery?,,,yes,,,,,,
select_one YES_NO_DK_REF,Id10399,"During the last 3 months of pregnancy, labour or delivery, did the baby's mother suffer from convulsions?",,,yes,,,,,,
select_one YES_NO_DK_REF,Id10400,During the last 3 months of pregnancy did the baby's mother suffer from blurred vision?,,,yes,,,,,,
select_one YES_NO_DK_REF,Id10401,Did the baby's mother have severe anemia?,,,,,,,,,
select_one YES_NO_DK_REF,Id10402,Did the baby's mother have vaginal bleeding during the last 3 months of pregnancy but before labour started?,,,yes,,,,,,
select_one YES_NO_DK_REF,Id10403,"Did the baby's bottom, feet, arm or hand come out of the vagina before its head?",,,yes,,,,,,
select_one YES_NO_DK_REF,Id10404,Was the umbilical cord wrapped more than once around the neck of the child at birth?,,,yes,,,,,,
select_one YES_NO_DK_REF,Id10405,Was the umbilical cord delivered first?,,,yes,,,,,,
select_one YES_NO_DK_REF,Id10406,Was the baby blue in colour at birth?,,,yes,,,,,,
end group,,,,,,,,,,,
end group,,,,,,,,,,,
begin group,risk_factors,Risk factors,,"(selected(${isAdult}, '1'))",,,,,,,
select_one YES_NO_DK_REF,Id10411,Did (s)he drink alcohol?,,,yes,,,,,,
select_one YES_NO_DK_REF,Id10412,Did (s)he use tobacco?,,,yes,,,,,,
select_one YES_NO_DK_REF,Id10413,"Did (s)he smoke tobacco (cigarette, cigar, pipe, etc.)?",,,yes,,,,,,
select_one select_306,Id10414,What kind of tobacco did (s)he use ?,,"selected(${Id10413}, 'yes')",yes,,,,,,
integer,Id10415,How many cigarettes did (s)he smoke daily?,,"selected(${Id10413}, 'yes')",yes,,,,,,
end group,,,,,,,,,,,
begin group,health_service_utilization,Health service utilisation,,"not(selected(${Id10114}, 'yes'))",,,,,,,
select_one YES_NO_DK_REF,Id10418,Did (s)he receive any treatment for the illness that led to death?,,,yes,,,,,,
select_one YES_NO_DK_REF,Id10419,Did (s)he receive oral rehydration salts?,,"selected(${Id10418}, 'yes')",yes,,,,,,
select_one YES_NO_DK_REF,Id10420,Did (s)he receive (or need) intravenous fluids (drip) treatment?,,"selected(${Id10418}, 'yes')",yes,,,,,,
select_one YES_NO_DK_REF,Id10421,Did (s)he receive (or need) a blood transfusion?,,"selected(${Id10418}, 'yes')",yes,,,,,,
select_one YES_NO_DK_REF,Id10422,Did (s)he receive (or need) treatment/food through a tube passed through the nose?,,"selected(${Id10418}, 'yes')",yes,,,,,,
select_one YES_NO_DK_REF,Id10423,Did (s)he receive (or need) injectable antibiotics?,,"selected(${Id10418}, 'yes')",yes,,,,,,
select_one YES_NO_DK_REF,Id10424,Did (s)he receive (or need) antiretroviral therapy (ART)?,,"selected(${Id10418}, 'yes')",yes,,,,,,
select_one YES_NO_DK_REF,Id10425,Did (s)he have (or need) an operation for the illness?,,"selected(${Id10418}, 'yes')",yes,,,,,,
select_one YES_NO_DK_REF,Id10426,Did (s)he have the operation within 1 month before death?,,"(selected(${Id10418}, 'yes') and ${isNeonatal} !='1') and selected(${Id10425}, 'yes')",yes,,,,,,
select_one YES_NO_DK_REF,Id10427,Was (s)he discharged from hospital very ill?,,"(selected(${isAdult}, '1') or selected(${isChild}, '1')) ",yes,,,,,,
select_one YES_NO_DK_REF,Id10428,Had (s)he received immunization?,,"(selected(${isNeonatal}, '1') or selected(${isChild}, '1'))",yes,,,,,,
select_one YES_NO_DK_REF,Id10429,Do you have the child's vaccination card?,,"(selected(${isNeonatal}, '1') or selected(${isChild}, '1')) and selected(${Id10428}, 'yes')",yes,,,,,,
select_one YES_NO_DK_REF,Id10430,Can I see the vaccination card (note the vaccines the child received)?,"Only fill in the vaccination sheet if the respondent has the vaccination card at the present moment during the VA interview; the interviewer should fill in the vaccination sheet, not the respondent.","(selected(${isNeonatal}, '1') or selected(${isChild}, '1')) and selected(${Id10429}, 'yes')",yes,,,,,,
text,Id10431,Note vaccines here,,"(selected(${isNeonatal}, '1') or selected(${isChild}, '1')) and selected(${Id10430}, 'yes')",,,,,,,
select_one YES_NO_DK_REF,Id10432,Was care sought outside the home while (s)he had this illness?,,,yes,,,,,,
select_one select_322,Id10433,Where or from whom did you seek care?,,"selected(${Id10432}, 'yes')",yes,,,,,,
text,Id10434,"Record the name and address of any hospital, health center or clinic where care was sought",,"selected(${Id10432}, 'yes')",yes,,,,,,
select_one YES_NO_DK_REF,Id10435,Did a health care worker tell you the cause of death?,,"(selected(${isNeonatal}, '1') or selected(${isAdult}, '1') or (selected(${isChild}, '1') and selected(${Id10432}, 'yes')))",yes,,,,,,
text,Id10436,What did the health care worker say?,,"selected(${Id10435}, 'yes')",yes,,,,,,
select_one YES_NO_DK_REF,Id10437,Do you have any health records that belonged to the deceased?,,"(selected(${isNeonatal}, '1') or selected(${isAdult}, '1') or (selected(${isChild}, '1') and selected(${Id10432}, 'yes')))",yes,,,,,,
select_one YES_NO_DK_REF,Id10438,Can I see the health records?,,"selected(${Id10437}, 'yes')",yes,,,,,,
date,Id10439,Record the date of the most recent (last) visit,,"selected(${Id10438}, 'yes')",yes,,,,,,
date,Id10440,Record the date of the last but one (second last) visit,,"(selected(${Id10438}, 'yes') and selected(${isAdult}, '1'))",yes,,,,,,
date,Id10441,Record the date of the last note on the health records,,"(selected(${Id10438}, 'yes') and selected(${isAdult}, '1'))",yes,,,,,,
decimal,Id10442,Record the weight (in kilogrammes) written at the most recent (last) visit,(enter e.g. 3.5),"(selected(${Id10438}, 'yes') and selected(${isAdult}, '1'))",yes,,,,,,
decimal,Id10443,Record the weight (in kilogrammes) written at the last but one (second last) visit,,"(selected(${Id10438}, 'yes') and selected(${isAdult}, '1'))",yes,,,,,,
text,Id10444,Transcribe the last note on the health records,,"(selected(${Id10438}, 'yes') and selected(${isAdult}, '1'))",yes,,,,,,
select_one YES_NO_DK_REF,Id10445,Has the deceased’s (biological) mother ever been tested for HIV?,,"((selected(${isNeonatal}, '1')) or (selected(${isChild}, '1') and selected(${Id10432}, 'yes')))",yes,,,,,,
select_one YES_NO_DK_REF,Id10446,Has the deceased’s (biological) mother ever been told she had HIV/AIDS by a health worker?,,"((selected(${isNeonatal}, '1')) or (selected(${isChild}, '1') and selected(${Id10432}, 'yes')))",yes,,,,,,
end group,,,,,,,,,,,
end group,,,,,,,,,,,
begin group,back_context,Background and context,,"not(selected(${Id10114}, 'yes'))",,,,,,,
select_one YES_NO_DK_REF,Id10450,"In the final days before death, did s/he travel to a hospital or health facility?",,,yes,,,,,,
select_one YES_NO_DK_REF,Id10451,Did (s)he use motorised transport to get to the hospital or health facility?,,"selected(${Id10450}, 'yes')",yes,,,,,,
select_one YES_NO_DK_REF,Id10452,Were there any problems during admission to the hospital or health facility?,,"selected(${Id10450}, 'yes')",yes,,,,,,
select_one YES_NO_DK_REF,Id10453,"Were there any problems with the way (s)he was treated (medical treatment, procedures, interpersonal attitudes, respect, dignity) in the hospital or health facility?",,"selected(${Id10450}, 'yes')",yes,,,,,,
select_one YES_NO_DK_REF,Id10454,"Were there any problems getting medications, or diagnostic tests in the hospital or health facility?",,"selected(${Id10450}, 'yes')",yes,,,,,,
select_one YES_NO_DK_REF,Id10455,Does it take more than 2 hours to get to the nearest hospital or health facility from the deceased's household?,,,yes,,,,,,
select_one YES_NO_DK_REF,Id10456,"In the final days before death, were there any doubts about whether medical care was needed?",,,yes,,,,,,
select_one YES_NO_DK_REF,Id10457,"In the final days before death, was traditional medicine used?",,,yes,,,,,,
select_one YES_NO_DK_REF,Id10458,"In the final days before death, did anyone use a telephone or cell phone to call for help?",,,yes,,,,,,
select_one YES_NO_DK_REF,Id10459,"Over the course of illness, did the total costs of care and treatment prohibit other household payments?",,,yes,,,,,,
end group,,,,,,,,,,,
begin group,deathcert,Death certificate with cause of death,,,,,,,,,
select_one YES_NO_DK_REF,Id10462,Was a death certificate issued?,"The following information serves only to complete cause of death information in some environments. In routine CRVS they could be skipped in the interview, and information be collected from other sources, if available.",,yes,,,,,,
select_one YES_NO_DK_REF,Id10463,Can I see the death certificate?,Fill in the following questions only if you are shown the copy of the certificate.  Do not fill in just based on oral statements.,"selected(${Id10462}, 'yes')",yes,,,,,,
text,Id10464,Record the immediate cause of death from the certificate (line 1a),"An antecedent cause is the one that caused the one on the line above, e.g. diabetes mellitus may be an antecedent cause to kidney disease.","selected(${Id10463}, 'yes')",yes,,,,,,
text,Id10465,Duration (Ia):,,"selected(${Id10463}, 'yes')",,,,,,,
text,Id10466,Record the first antecedent cause of death from the certificate  (line 1b),"For all following lines, add duration, if stated.","selected(${Id10463}, 'yes')",,,,,,,
text,Id10467,Duration (Ib):,,"selected(${Id10463}, 'yes')",,,,,,,
text,Id10468,Record the second antecedent cause of death from the certificate (line 1c),,"selected(${Id10463}, 'yes')",,,,,,,
text,Id10469,Duration (Ic):,,"selected(${Id10463}, 'yes')",,,,,,,
text,Id10470,Record the third antecedent cause of death from the certificate (line 1d),,"selected(${Id10463}, 'yes')",,,,,,,
text,Id10471,Duration (Id):,,"selected(${Id10463}, 'yes')",,,,,,,
text,Id10472,Record the contributing cause(s) of death from the certificate (part 2),,"selected(${Id10463}, 'yes')",,,,,,,
text,Id10473,Duration (part2):,,"selected(${Id10463}, 'yes')",,,,,,,
end group,,,,,,,,,,,
begin group,narrat,Open narrative,,,,,field-list,,,,
text,Id10476,NARRATIVE DESCRIPTION,,,,,multiline,,,,
select_multiple select_510,Id10477,Are there any of the following words of interest mentioned in the above narrative?,,"selected(${isAdult}, '1')",,,,,,,
select_multiple select_511,Id10478,Are there any of the following words of interest mentioned in the above narrative?,,"selected(${isChild}, '1')",,,,,,,
select_multiple select_512,Id10479,Are there any of the following words of interest mentioned in the above narrative?,,"selected(${isNeonatal}, '1')",,,,,,,
end group,,,,,,,,,,,
time,Id10481,Time at end of interview,,,,,,,,,
end group,,End of consented group,,,,,,,,,
