type,name,label::English,label::Bahasa,hint::English,hint::Bahasa,relevant,required,appearance,calculation,default,constraint,constraint_message::English,constraint_message::Bahasa
begin group,group1,,,,,,,field-list,,,,,
begin group,info_on_deceased,Information on the Deceased,Keterangan Almarhum/Ah,,,,,,,,,,
text,id1A100a,What was the first or given name(s) of the deceased?,Siapakah nama almarhum/ah?,,,,,,,,,,
text,id1A100b,"What was the surname (or family name)
 of the deceased?",Siapakah nama almarhum/ah?,,,,,,,,,,
select_one select_2,id1A110,What was the sex of the deceased?,Apakah jenis kelamin dari almarhum/ah?,,,,1,,,,,,
select_one YES_NO_REF,id1A200,Is the date of birth known?,Apakah tanggal lahir almarhum/ah diketahui?,,,,1,,,,,,
date,id1A210,When was the deceased born?,Kapan almarhum/ah lahir?,"To select previous years, click or tap the month name, then click or tap the year.","To select previous years, click or tap the month name, then click or tap the year.","selected(${id1A200}, 'yes')",1,,,,,,
select_one YES_NO_REF,id1A220,Is the date of death known?,Apakah tanggal kematian almarhum/ah diketahui?,,,,1,,,,,,
date,id1A230,When did (s)he die?,Kapan almarhum/ah meninggal?,,,"selected(${id1A220}, 'yes')",1,,,,,,
calculate,ageInDays,,,,,,,,(${id1A230} - ${id1A210}),,,,
calculate,ageInYears,,,,,,,,int(${ageInDays} div 365.25),,,,
calculate,ageInYearsRemain,,,,,,,,${ageInDays} mod 365.25,,,,
calculate,ageInMonths,,,,,,,,int(${ageInYearsRemain} div 30.4),,,,
calculate,ageInMonthsRemain,,,,,,,,int(${ageInYearsRemain} mod 30.4),,,,
calculate,isNeonatal1,,,,,,,,"if(${ageInDays} <=28, '1', '0')",,,,
calculate,isChild1,,,,,,,,"if(${ageInDays} >28 and ${ageInDays} <=11*365.25, '1', '0')",,,,
calculate,isAdult1,,,,,,,,"if(${ageInDays} >11*365.25, '1', '0')",,,,
note,displayAgeNeonate,Neonate was ${ageInDays} days old.,Neonatal berusia ${ageInDays} hari.,,,${isNeonatal1} = '1',,,,,,,
note,displayAgeChild,Child was ${ageInYears} years ${ageInMonths} months and ${ageInMonthsRemain} days old.,Anak berusia ${ageInYears} tahun ${ageInMonths} bulan dan ${ageInMonthsRemain} hari.,,,${isChild1} = '1',,,,,,,
note,displayAgeAdult,Adult was ${ageInYears} years old.,Dewasa berusia ${ageInYears} tahun.,,,${isAdult1} = '1',,,,,,,
,,,,,,,,,,,,,
select_one age_group,age_group,What age group corresponds to the deceased?,Almarhum/ah berusia berapa saat meninggal?,(1) Neonatal 0-28 completed days; (2) Child 29 days - 11 years; (3) Adult - above 11 years,(1) Neonatal 0-28 days; (2) Child 29 days - 11 years; (3) Adult - above 11 years,${id1A200} != 'yes' or ${id1A220} != 'yes',1,,,,,,
integer,age_neonate_days,Enter neonate's age in days:,Isi usia Neonatal dalam hari:,,,${age_group} = 'neonate',1,,,,.>=0 and .<=28,Neonatal age is 0 to 28 days only!,Neonatal age is 0 to 28 days only!
integer,age_neonate_hours,Enter neonate's age in hours:,,,,${age_group} = 'neonate',,,,,,,
integer,age_neonate_minutes,Enter neonate's age in minutes:,,,,${age_group} = 'neonate',,,,,,,
select_one units,age_child_unit,Enter child's age in:,Isi usia Anak dalam:,,,${age_group} = 'child',1,horizontal-compact,,,,,
integer,age_child_days,Enter child's age in days:,Isi usia Anak dalam hari:,,,${age_child_unit} = 'days',1,,,,.>28 and .<=4017,Child's age is between 29 days and 11 years only!,Child's age is between 28 days and 11 years only!
integer,age_child_months,Enter child's age in months:,Isi usia Anak dalam bulan:,,,${age_child_unit} = 'months',1,,,,.>0 and .<=132,Child's age is between 29 days and 11 years only!,Child's age is between 28 days and 11 years only!
integer,age_child_years,Enter child's age in years:,Isi usia Anak dalam tahun:,,,${age_child_unit} = 'years',1,,,,.>0 and .<=11,Child's age is between 29 days and 11 years only!,Child's age is between 28 days and 11 years only!
integer,age_adult,Enter adult's age in years:,Isi usia Dewasa dalam tahun:,,,${age_group} = 'adult',1,,,,.>11,Adult age is above 11 years only!,Adult age is above 11 years only!
,,,,,,,,,,,,,
calculate,isNeonatal2,,,,,,,,"if(${age_group} = 'neonate', '1', '0')",,,,
calculate,isChild2,,,,,,,,"if(${age_group} = 'child', '1', '0')",,,,
calculate,isAdult2,,,,,,,,"if(${age_group} = 'adult', '1', '0')",,,,
calculate,isNeonatal,,,,,,,,"if(${ageInDays} = 'NaN', ${isNeonatal2}, ${isNeonatal1})",,,,
calculate,isChild,,,,,,,,"if(${ageInDays} = 'NaN', ${isChild2}, ${isChild1})",,,,
calculate,isAdult,,,,,,,,"if(${ageInDays} = 'NaN', ${isAdult2}, ${isAdult1})",,,,
,,,,,,,,,,,,,
select_one YES_NO_DK_REF,id1A400,Was this a woman who died less than 1 year after being pregnant or delivering a baby?,Apakah wanita ini meninggal saat hamil atau setelah 42 hari dan kurang dari 1 tahun setelah melahirkan/keguguran?,,,"(selected(${isAdult}, '1')) and ${id1A110} = 'female'",,,,,,,
select_one YES_NO_DK_REF,id1A401,Was this a woman who died more than 42 days after being pregnant or delivering a baby?,,,,"(selected(${isAdult}, '1')) and ${id1A110} = 'female' and selected(${id1A400}, 'yes')",,,,,,,
select_one select_500,id1A500,What was her/his citizenship/nationality?,Apakah kewarganegaraan almarhum/ah?,,,,,,,,,,
text,id1A510,What was her/his ethnicity?,Apakah suku bangsa almarhum/ah?,Enter a “-“ if this information is not available.,Enter a “-“ if this information is not available.,,,,,,,,
text,id1A520,What was her/his place of birth?,Dimanakah tempat kelahiran almarhum/ah?,"Specify here village and district, a question on the facility and circumstances will be asked later.  Enter a “-“ if this information is not available.  ","Specify here village and district, a question on the facility and circumstances will be asked later.  Enter a “-“ if this information is not available.  ",,,,,,,,
text,id1A530,What was her/his place of usual residence? (the place where the person lived most of the year),Dimanakah tempat tinggal almarhum/ah? (tempat paling lama almarhum/ah tinggal),for perinatal cases just ask for the address of the health facility or if released at home the home address,,,,,,,,,
text,id1A540,What was her/his place of normal residence 1 to 5 years before death?,Dimanakan tempat tinggal almarhum/ah 1 -5 tahun sebelum meninggal?,,,"(selected(${isChild}, '1') or selected(${isAdult}, '1'))",,,,,,,
text,id1A550,"Where did death occur? (specify country, province, district, village)","Dimanakah almarhum/ah meninggal? (Sebutkan negara, Provinsi, Kabupaten, desa)",,,,,,,,,,
select_one select_18,id1A560,Where did the deceased die?,Dimanakah tempat almarhum/ah meninggal?,,,,,,,,,,
select_one select_19,id1A600,What was her/his marital status?,Status Perkawinan almarhum/ah?,Life partner is defined here as living with someone for a long time without ever having married.,Life partner is defined here as living with someone for a long time without ever having married.,"(selected(${isAdult}, '1'))",,,,,,,
date,id1A610,What was the date of marriage?,Kapan tanggal pernikan almarhum/ah?,,,"(selected(${isAdult}, '1')) and (${id1A600} = 'married' or ${id1A600} = 'divorced' or ${id1A600} = 'widowed')",,,,,,,
text,id1A620,What was the name of the father?,Siapakah nama ayah almarhum/ah?,,,"(selected(${isChild}, '1') or selected(${isNeonatal}, '1'))",,,,,,,
text,id1A630,What was the name of the mother?,Siapakah nama ibu almarhum/ah?,,,"(selected(${isChild}, '1') or selected(${isNeonatal}, '1'))",,,,,,,
select_one select_23,id1A640,What was her/his highest level of schooling?,Apakah pendidikan tertinggi almarhum/ah?,,,"(selected(${isChild}, '1') or selected(${isAdult}, '1'))",,,,,,,
select_one YES_NO_DK_REF,id1A650,Was (s)he able to read and write? ,Apakah responden bisa membaca dan menulis? Pilih 'ya' jika hanya salah satu baik membaca atau menulis yang diketahui oleh responden),select 'yes' also if only one of either reading or writing is known to the respondent,,"(selected(${isChild}, '1') or selected(${isAdult}, '1'))",,,,,,,
select_one select_25,id1A660,What was her/his economic activity status in year prior to death?,Apakah pekerjaan utama almarhum/ah?,The deceased might have had several activities.  Choose the one that was probabaly true for most of the year preceding illness and death,Almarhum/Ah mungkin memiliki beberapa pekerjaan. Pilihlah satu yang kemungkinan benar dikerjakan sepanjang tahun menjelang sakit dan meninggal,"(selected(${isChild}, '1') or selected(${isAdult}, '1'))",,,,,,,
text,id1A670,"What was her/his occupation, that is, what kind of work did (s)he mainly do?","Apakah pekerjaan almarhum/ah, jenis pekerjaannya?",,,"(selected(${isChild}, '1') or selected(${isAdult}, '1'))",,,,,,,
end group,,,,,,,,,,,,,
begin group,vital_reg_certif,Vital Registration and Certification,Registrasi Status Vital dan Sertifikat,,,,,,,,,,
text,id1A700,Death registration number/certificate,Nomor pencatatan kematian/Surat Keterangan kematian,Enter a “-“ if this information is not available.,Enter a “-“ if this information is not available.,,,,,,,,
date,id1A710,Date of registration,Tanggal dikeluarkannya surat keterangan kematian,,,,,,,,,,
text,id1A720,Place of registration,Tempat dikeluarkannya surat keterangan kematian,Enter a “-“ if this information is not available.,Enter a “-“ if this information is not available.,,,,,,,,
text,id1A730,National identification number of deceased,Nomor Kartu tanda penduduk (KTP) almarhum/ah ,Enter a “-“ if this information is not available.,Enter a “-“ if this information is not available.,,,,,,,,
end group,,,,,,,,,,,,,
end group,,,,,,,,,,,,,
select_one YES_NO,id0A100a,Is this a region of high HIV/AIDS prevalence?,Apakah wilayah ini termasuk dalam wilayah dengan prevalensi HIV/AIDS tinggi?,  Filling in during the interview is not mandatory. Usually the value is predetermined for the region.,These questions are answered with the value given for the specific site.  Filling in is not mandatory and it will eventually be filled automatically for the site of death in the centralized database.,,,,,,,,
select_one YES_NO,id0A100b,Is this a region of high malaria prevalence?,Apakah wilayah ini termasuk dalam wilayah dengan prevalensi Malaria tinggi?,  Filling in during the interview is not mandatory. Usually the value is predetermined for the region.,These questions are answered with the value given for the specific site.  Filling in is not mandatory and it will eventually be filled automatically for the site of death in the centralized database.,,,,,,,,
,,,,,,,,,,,,,
begin group,group2,Information on the respondent and background about interview,Keterangan Responden dan latar belakang wawancara,,,,,field-list,,,,,
text,id2A100,What is the name of VA respondent?,Siapakah nama responden untuk wawancara VA ini?,,,,,,,,,,
select_one select_32,id2A110,What is the respondent's relationship to the deceased?,Apakah hubungan responden dengan almarhum/ah?,"First verify if the respondent is a familiy member, and only if it is not a family member choose the other categories like health worker or public official.",Pertama pastikan apakah termasuk anggota keluarga. Jika tidak pilih kategori lain seperti teman atau Petugas kesehatan,,,,,,,,
select_one YES_NO_DK_REF,id2A115,Did the respondent live with the deceased in the period leading to her/his death?,Apakah responden tinggal dengan almarhum/ah menjelang kematiannya?,,,,,,,,,,
text,id2A120,Name of VA interviewer,Nama pewawancara,,,,,,,,,,
time,id2A130,Time at start of interview,,,,,,,,,,,
time,id2A135,Time at end of interview,,,,,,,,,,,
date,id2A140,Date of interview,Tanggal wawancara,,,,,,,,,,
select_one YES_NO,id2A150,Did the respondent give consent?,Apakah responden memberikan persetujuan untuk diwawancarai?,,,,,,,,,,
end group,,,,,,,,,,,,,
begin group,group3,,,,,,,field-list,,,,,
,,,,,,,,,,,,,
,,,,,,,,,,,,,
select_one select_58,id3A280,During which season did (s)he die?,Saat musim apa almarhum/ah meninggal?,,,,1,,,,,,
integer,id3A300,For how many days was (s)he ill before (s)he died?,Berapa lama (hari) almarhum/ah sakit sebelum meninggal?,Less than 24 hours = 0 days. Use 1 week = 7 days to determine the number of weeks.,Kurang dari 24 jam = 0 Hari. Gunakan 1 minggu = 7 Hari untuk menentukan jumlah minggu,"(selected(${isChild}, '1') or selected(${isAdult}, '1'))",1,,,,,,
select_one YES_NO_DK_REF,id3A310,Did (s)he die suddenly?,Apakah almarhum/ah meninggal secara mendadak?,,,,1,,,,,,
begin group,med_hist_final_illness,Medical history associated with final illness,Riwayat penyakit/Medis Almarhum/Ah Sebelumnya,,,"(selected(${isChild}, '1') or selected(${isAdult}, '1'))",,,,,,,
select_one YES_NO_DK_REF,id3A100,Was there any diagnosis by a physician or health worker of tuberculosis?,Apakah almarhum/ah menderita TBC?,remind the respondent that we are asking for the diagnosis assessed by a doctor or other health worker during the final illness,,,1,,,,,,
select_one YES_NO_DK_REF,id3A110,Was there any diagnosis by a physician or health worker of HIV/AIDS?,Apakah almarhum/ah menderita HIV/AIDS?,remind the respondent that we are asking for the diagnosis assessed by a doctor or other health worker during the final illness,,,1,,,,,,
select_one YES_NO_DK_REF,id3A120,Did (s)he have a recent positive test by a physician or health worker for malaria?,Apakah almarhum/ah baru-baru ini melakukan pemeriksaan malaria dan hasilnya positif?,remind the respondent that we are asking for the diagnosis assessed by a doctor or other health worker during the final illness,,,1,,,,,,
select_one YES_NO_DK_REF,id3A130,Did (s)he have a recent negative test by a physician or health worker for malaria?,Apakah almarhum/ah baru-baru ini melakukan pemeriksaan malaria dan hasilnya negatif?,remind the respondent that we are asking for the diagnosis assessed by a doctor or other health worker during the final illness,,"not(selected(${id3A120}, 'yes'))",1,,,,,,
select_one YES_NO_DK_REF,id3A135,Was there any diagnosis by a physician or health worker of dengue fever?,Apakah almarhum/ah menderita demam berdarah?,remind the respondent that we are asking for the diagnosis assessed by a doctor or other health worker during the final illness,,,1,,,,,,
select_one YES_NO_DK_REF,id3A140,Was there any diagnosis by a physician or health worker of measles?,Apakah almarhum/ah menderita Campak?,remind the respondent that we are asking for the diagnosis assessed by a doctor or other health worker during the final illness,,,1,,,,,,
select_one YES_NO_DK_REF,id3A150,Was there any diagnosis by a physician or health worker of high blood pressure?,Apakah almarhum/ah memiliki penyakit tekanan darah tinggi?,remind the respondent that we are asking for the diagnosis assessed by a doctor or other health worker during the final illness,,,1,,,,,,
select_one YES_NO_DK_REF,id3A160,Was there any diagnosis by a physician or health worker of heart disease?,Apakah almarhum/ah menderita sakit jantung?,remind the respondent that we are asking for the diagnosis assessed by a doctor or other health worker during the final illness,,,1,,,,,,
select_one YES_NO_DK_REF,id3A170,Was there any diagnosis by a physician or health worker of diabetes?,Apakah almarhum/ah menderita kencing manis/diabetes?,remind the respondent that we are asking for the diagnosis assessed by a doctor or other health worker during the final illness,,,1,,,,,,
select_one YES_NO_DK_REF,id3A180,Was there any diagnosis by a physician or health worker of asthma?,Apakah almarhum/ah menderita asma?,remind the respondent that we are asking for the diagnosis assessed by a doctor or other health worker during the final illness,,,1,,,,,,
select_one YES_NO_DK_REF,id3A190,Was there any diagnosis by a physician or health worker of epilepsy?,Apakah almarhum/ah menderita epilepsi/ayan?,remind the respondent that we are asking for the diagnosis assessed by a doctor or other health worker during the final illness,,,1,,,,,,
select_one YES_NO_DK_REF,id3A200,Was there any diagnosis by a physician or health worker of cancer?,Apakah almarhum/ah menderita kanker?,remind the respondent that we are asking for the diagnosis assessed by a doctor or other health worker during the final illness,,,1,,,,,,
select_one YES_NO_DK_REF,id3A210,Was there any diagnosis by a physician or health worker of Chronic Obstructive Pulmonary Disease (COPD)?,Apakah almarhum/ah menderita Penyakit paru Obstruktif Kronik (PPOK),remind the respondent that we are asking for the diagnosis assessed by a doctor or other health worker during the final illness,,,1,,,,,,
select_one YES_NO_DK_REF,id3A220,Was there any diagnosis by a physician or health worker of dementia?,Apakah almarhum/ah menderita pikun?,remind the respondent that we are asking for the diagnosis assessed by a doctor or other health worker during the final illness,,,1,,,,,,
select_one YES_NO_DK_REF,id3A230,Was there any diagnosis by a physician or health worker of depression?,Apakah almarhum/ah menderita depresi/stress?,remind the respondent that we are asking for the diagnosis assessed by a doctor or other health worker during the final illness,,,1,,,,,,
select_one YES_NO_DK_REF,id3A240,Was there any diagnosis by a physician or health worker of stroke?,Apakah almarhum/ah menderita stroke?,remind the respondent that we are asking for the diagnosis assessed by a doctor or other health worker during the final illness,,,1,,,,,,
select_one YES_NO_DK_REF,id3A250,Was there any diagnosis by a physician or health worker of sickle cell disease?,Apakah almarhum/ah menderita penyakit kelainan darah?,remind the respondent that we are asking for the diagnosis assessed by a doctor or other health worker during the final illness,,,1,,,,,,
select_one YES_NO_DK_REF,id3A260,Was there any diagnosis by a physician or health worker of kidney disease?,Apakah almarhum/ah menderita sakit ginjal?,remind the respondent that we are asking for the diagnosis assessed by a doctor or other health worker during the final illness,,,1,,,,,,
select_one YES_NO_DK_REF,id3A270,Was there any diagnosis by a physician or health worker of liver disease?,Apakah almarhum/ah menderita penyakit hati?,remind the respondent that we are asking for the diagnosis assessed by a doctor or other health worker during the final illness,,,1,,,,,,
end group,,,,,,,,,,,,,
begin group,signs_symptoms_final_illness,General signs and symptoms associated with final illness,Gejala dan Tanda-tanda yang ditemukan pada periode terakhir sakitnya Almarhum/Ah,,,,,,,,,,
select_one YES_NO_DK_REF,id3B100,Did (s)he have a fever?,Apakah almarhum/ah mengalami demam?,,,,1,,,,,,
integer,id3B110,How many days did the fever last?,Berapa lama (hari) almarhum/ah mengalami demam?,Less than 1 day= “0”. Use 1 week = 7 days to determine the number of weeks,"Kurang dari 1 Hari = ""0"". Gunakan 1 minggu = 7 Hari untuk menentukan jumlah minggu","selected(${id3B100}, 'yes')",1,,,,,,
select_one select_63,id3B115,How severe was the fever?,Seberapa berat demam yang diderita almarhum/ah?,,,"(selected(${isChild}, '1') or selected(${isAdult}, '1')) and selected(${id3B100}, 'yes')",1,,,,,,
select_one YES_NO_DK_REF,id3B120,Did (s)he have night sweats?,Apakah almarhum/ah mengalami berkeringat di malam hari?,,,"(selected(${isChild}, '1') or selected(${isAdult}, '1')) and selected(${id3B100}, 'yes')",1,,,,,,
select_one YES_NO_DK_REF,id3B130,Did (s)he have a cough?,Apakah almarhum/ah mengalami batuk-batuk?,,,,1,,,,,,
integer,id3B140,For how many days did (s)he have a cough?,Berapa lama (Hari) almarhum/ah mengalami batuk-batuk?,,,"(selected(${isChild}, '1') or selected(${isAdult}, '1')) and selected(${id3B130}, 'yes')",1,,,,,,
select_one YES_NO_DK_REF,id3B150,"Was the cough productive, with sputum?",Apakah batuknya berdahak (produktif)?,,,"(selected(${isChild}, '1') or selected(${isAdult}, '1')) and selected(${id3B130}, 'yes')",1,,,,,,
select_one YES_NO_DK_REF,id3B155,Was the cough very severe?,Apakah batuknya parah?,,,"(selected(${isChild}, '1') or selected(${isAdult}, '1')) and selected(${id3B130}, 'yes')",1,,,,,,
select_one YES_NO_DK_REF,id3B160,Did (s)he cough up blood?,Apakah ketika batuk keluar darah (batuk berdarah)?,,,"(selected(${isChild}, '1') or selected(${isAdult}, '1')) and selected(${id3B130}, 'yes')",1,,,,,,
select_one YES_NO_DK_REF,id3B170,Did (s)he make a whooping sound when coughing?,Apakah almarhum/ah ketika batuk mengeluarkan suara merejan?,,,"(selected(${isChild}, '1')) and selected(${id3B130}, 'yes')",1,,,,,,
select_one YES_NO_DK_REF,id3B180,Did (s)he have any breathing problem?,Apakah almarhum/ah mengalami masalah pernapasan?,"Explain to the respondent that even if the answer is ""no"" some more questions will be asked, just to make sure no important detail has been missed.",,,1,,,,,,
select_one YES_NO_DK_REF,id3B190,"During the illness that led to death, did (s)he have fast breathing?",Apakah menjelang kematiannya almarhum/ah mengalami bernafas dengan cepat?,,,,1,,,,,,
integer,id3B200,For how many days did the fast breathing last?,Berapa lama (hari) almarhum/ah mengalami bernafas dengan cepat?,Less than 1 day= “0”,"Kurang dari 1 Hari = ""0""","selected(${id3B190}, 'yes')",1,,,,,,
select_one YES_NO_DK_REF,id3B210,Did (s)he have breathlessness?,Apakah almarhum/ah mengalami sesak nafas?,,,,1,,,,,,
integer,id3B220,For how many weeks did (s)he have breathlessness?,Berapa lama (minggu) almarhum/ah mengalami sesak nafas?,,,"selected(${id3B210}, 'yes')",1,,,,,,
select_one YES_NO_DK_REF,id3B230,Was (s)he unable to carry out daily routines due to breathlessness?,Apakah almarhum/ah pernah tidak dapat melakukan aktivitas rutin sehari-hari disebabkan mengalami sesak nafas?,,,"(selected(${isChild}, '1') or selected(${isAdult}, '1')) and selected(${id3B210}, 'yes')",1,,,,,,
select_one YES_NO_DK_REF,id3B240,Was (s)he breathless while lying flat?,Apakah almarhum/ah sesak nafas jika dalam keadaan berbaring pada posisi datar?,,,"(selected(${isChild}, '1') or selected(${isAdult}, '1')) and selected(${id3B210}, 'yes')",1,,,,,,
select_one YES_NO_DK_REF,id3B242,"During the illness that led to death, did (s)he have difficulty breathing?",Apakah menjelang kematian almarhum/ah mengalami sulit bernafas?,,,,1,,,,,,
integer,id3B244,For how many days did the difficulty breathing last?,Berapa lama (hari) almarhum/ah mengalami sulit bernafas?,Less than 1 day= “0”,"Kurang dari 1 Hari = ""0""","(selected(${isNeonatal}, '1') or selected(${isChild}, '1')) and selected(${id3B242}, 'yes')",1,,,,,,
select_one select_80,id3B246,Was the difficulty continuous or on and off?,Apakah kesulitan bernafas terjadi secara terus menerus atau datang dan pergi?,,,"(selected(${isChild}, '1') or selected(${isAdult}, '1')) and selected(${id3B242}, 'yes')",1,,,,,,
select_one YES_NO_DK_REF,id3B250,Did you see the lower chest wall/ribs being pulled in as the child breathed?,Apakah otot dinding dada bagian bawah anak (almarhum/ah) tertarik kedalam saat bernafas?,Show photos.,Tunjukkan Gambar,"selected(${isNeonatal}, '1') or selected(${isChild}, '1')",1,,,,,,
select_multiple select_501,id3B260,During the illness that led to death did his/her breathing sound like any of the following:,"Apakah menjelang kematian almarhum/ah mengeluarkan suara nafas seperti : ngorok, merintih, mengi ","Demonstrate each sound, in doubt select multiple",Tirukan masing-masing suara,,1,,,,,,
select_one YES_NO_DK_REF,id3B270,Did (s)he have severe chest pain?,Apakah almarhum/ah mengalami nyeri dada yang berat?,,,"(selected(${isChild}, '1') or selected(${isAdult}, '1'))",1,,,,,,
integer,id3B272,How many days before death did (s)he have severe chest pain?,Berapa lama (hari) almarhum/ah mengalami nyeri dada yang berat?,,,"(selected(${isChild}, '1') or selected(${isAdult}, '1')) and selected(${id3B270}, 'yes')",1,,,,,,
integer,id3B274,How many minutes did the pain last?,Berapa lama (Menit) nyeri dada berlangsung?,,,"(selected(${isChild}, '1') or selected(${isAdult}, '1')) and selected(${id3B270}, 'yes')",1,,,,,,
select_one YES_NO_DK_REF,id3B280,Did (s)he have diarrhoea?,Apakah almarhum/ah mengalami diare?,"Enquire the respondent about his/her understanding of what is diarrhoea; if unclear or wrong, explain to the respondent what is diarrhoea (having more frequent loose or liquid stools than usual).","Dibutuhkan pemahaman responden tentang diare. Jika tidak jelas atau salah, jelaskan kepada responden arti sebenarnya dari diare yaitu Buang air besar cair lebih sering dari biasanya.",,1,,,,,,
integer,id3B290,For how many days did (s)he have diarrhoea?,Berapa lama (Hari) almarhum/ah mengalami diare?,Less than 1 day= “0”. Use 1 week = 7 days to determine the number of weeks,"Kurang dari 1 Hari = ""0"". Gunakan 1 minggu = 7 Hari untuk menentukan jumlah minggu","(selected(${isChild}, '1') or selected(${isAdult}, '1')) and selected(${id3B280}, 'yes')",1,,,,,,
integer,id3B292,How many stools did the baby or child have on the day that loose liquid stools were most frequent?,"Ketika diare paling parah, berapa kali buang air besar dalam sehari?",Enter “999“ if this information is not known.,Enter “999“ if this information is not known.,"(selected(${isChild}, '1')) and selected(${id3B280}, 'yes')",1,,,,,,
integer,id3B294,How many days before death did the frequent loose or liquid stools start?,"Berapa lama (hari) sebelum meninggal, almarhum/ah mulai Buang air besar sering atau cair? ",Less than 1 day= “0”.  Enter “999“ if this information is not known.,"Kurang dari 1 hari = ""0"". Enter “999“ if this information is not known.","(selected(${isChild}, '1')) and selected(${id3B280}, 'yes')",1,,,,,,
select_one YES_NO_DK_REF,id3B296,Did the frequent loose or liquid stools continue until death?,Apakah Buang air besar sering atau cair terjadi terus menerus hingga almarhum/ah meninggal?,,,"(selected(${isChild}, '1')) and selected(${id3B280}, 'yes')",1,,,,,,
select_one YES_NO_DK_REF,id3B300,At any time during the final illness was there blood in the stools?,Apakah ada darah dalam tinja?,,,"selected(${id3B280}, 'yes')",1,,,,,,
select_one YES_NO_DK_REF,id3B305,Was there blood in the stool up until death?,Apakah ada darah dalam tinja hingga almarhum/ah meninggal?,,,"(selected(${isChild}, '1') or selected(${isAdult}, '1')) and selected(${id3B300}, 'yes')",1,,,,,,
select_one YES_NO_DK_REF,id3B310,Did (s)he vomit?,Apakah almarhum/ah mengalami muntah?,,,,1,,,,,,
integer,id3B315,For how many days before death did (s)he vomit?,Berapa lama(hari) almarhum/ah mengalami muntah?,Less than 1 day= “0”,"Kurang dari 1 hari = ""0""","selected(${id3B310}, 'yes')",1,,,,,,
select_one YES_NO_DK_REF,id3B320,Did (s)he vomit blood?,Apakah almarhum/ah muntah berwarna merah segar (seperti darah)?,,,"selected(${id3B310}, 'yes')",1,,,,,,
select_one YES_NO_DK_REF,id3B325,Was the vomit black?,Apakah muntahnya berwarna kehitaman?,,,"(selected(${isChild}, '1') or selected(${isAdult}, '1')) and selected(${id3B310}, 'yes')",1,,,,,,
select_one YES_NO_DK_REF,id3B330,Did (s)he have any abdominal problem?,Apakah almarhum/ah mengalami nyeri perut?,"Explain to the respondent that even if the answer is ""no"" some more questions will be asked, just to make sure no important detail has been missed.",,,1,,,,,,
select_one YES_NO_DK_REF,id3B340,Did (s)he have severe abdominal pain?,Apakah almarhum/ah mengalami nyeri perut yang berat?,,,"selected(${isChild}, '1') or selected(${isAdult}, '1')",1,,,,,,
integer,id3B350,For how many days before death did (s)he have severe abdominal pain?,Berapa lama (hari) almarhum/ah mengalami nyeri perut yang berat?,,,"(selected(${isChild}, '1') or selected(${isAdult}, '1')) and selected(${id3B340}, 'yes')",1,,,,,,
select_one select_100,id3B355,Was the pain in the upper or lower abdomen?,Apakah nyerinya dibagian atas atau bawah perut?,,,"(selected(${isChild}, '1') or selected(${isAdult}, '1')) and selected(${id3B340}, 'yes')",1,,,,,,
select_one YES_NO_DK_REF,id3B360,Did (s)he have a more than usually protruding abdomen?,Apakah perut almarhum/ah terlihat/teraba kembung/bengkak dan kencang?,,,,1,,,,,,
integer,id3B370,For how many days did (s)he have a more than usually protruding abdomen?,Berapa lama (hari) perut almarhum/ah terlihat/teraba menggembung dan kencang?,Less than 1 day= “0”. Use 1 week = 7 days to determine the number of weeks,"Kurang dari 1 Hari = ""0"". Gunakan 1 minggu = 7 Hari untuk menentukan jumlah minggu","(selected(${isChild}, '1') or selected(${isAdult}, '1')) and selected(${id3B360}, 'yes')",1,,,,,,
select_one select_103,id3B375,How rapidly did (s)he develop the protruding abdomen?,Seberapa cepat proses penggembungan perutnya?,,,"(selected(${isChild}, '1') or selected(${isAdult}, '1')) and selected(${id3B360}, 'yes')",1,,,,,,
select_one YES_NO_DK_REF,id3B380,Did (s)he have any mass in the abdomen?,Apakah ada benjolan di perut almarhum/ah?,,,"selected(${isChild}, '1') or selected(${isAdult}, '1')",1,,,,,,
integer,id3B390,For how many days before death did (s)he have a mass in the abdomen?,Berapa lama (hari) ada benjolan di perut almarhum/ah?,Less than 1 day= “0”. 1 week= 7 days. 1 month=4 weeks,"Kurang dari 1 Hari = ""0"". 1 minggu = 7 Hari. 1 bulan = 4 minggu","(selected(${isChild}, '1') or selected(${isAdult}, '1')) and selected(${id3B380}, 'yes')",1,,,,,,
select_one YES_NO_DK_REF,id3B400,Did (s)he have a severe headache?,Apakah almarhum/ah mengalami sakit kepala berat?,,,"(selected(${isChild}, '1') or selected(${isAdult}, '1'))",1,,,,,,
select_one YES_NO_DK_REF,id3B405,Did (s)he have a stiff neck during illness that led to death?,Apakah almarhum/ah mengalami kaku kuduk pada leher?,,,"(selected(${isChild}, '1') or selected(${isAdult}, '1'))",1,,,,,,
integer,id3B407,For how many days before death did (s)he have stiff neck?,Berapa lama (hari) almarhum/ah mengalami kaku kuduk dileher?,Less than 1 day= “0”. 1 week= 7 days. 1 month=4 weeks,"Kurang dari 1 Hari = ""0"". 1 minggu = 7 Hari. 1 bulan = 4 minggu","(selected(${isChild}, '1') or selected(${isAdult}, '1')) and selected(${id3B405}, 'yes')",1,,,,,,
select_one YES_NO_DK_REF,id3B409,Did (s)he have a painful neck during the illness that led to death?,Apakah almarhum/ah mengalami nyeri yang berat dileher?,,,"(selected(${isChild}, '1') or selected(${isAdult}, '1'))",1,,,,,,
integer,id3B410,For how many days before death did (s)he have a painful neck?,Berapa lama (hari) almarhum/ah mengalami nyeri yang berat dileher?,Less than 1 day= “0”. 1 week= 7 days. 1 month=4 weeks,"Kurang dari 1 Hari = ""0"". 1 minggu = 7 Hari. 1 bulan = 4 minggu","(selected(${isChild}, '1') or selected(${isAdult}, '1')) and selected(${id3B409}, 'yes')",1,,,,,,
select_one YES_NO_DK_REF,id3B420,Did (s)he have mental confusion?,Apakah almarhum/ah mengalami gangguan mental?,,,"(selected(${isChild}, '1') or selected(${isAdult}, '1'))",1,,,,,,
integer,id3B430,For how many months did (s)he have mental confusion?,Berapa lama(bulan) almarhum/ah mengalami gangguan mental?,Less than 1 day= “0”. Use 1 month= 30 days to determine the number of months,"Kurang dari 1 Hari = ""0"". Gunakan 1 Bulan = 28 Hari untuk menentukan jumlah Bulan","(selected(${isChild}, '1') or selected(${isAdult}, '1')) and selected(${id3B420}, 'yes')",1,,,,,,
select_one YES_NO_DK_REF,id3B440,Was (s)he unconscious for more than 24 hours before death?,Apakah almarhum/ah mengalami penurunan kesadaran lebih dari 24 jam sebelum meninggal?,,,,1,,,,,,
integer,id3B445,How many hours before death did unconsciousness start?,Berapa lama (jam) sebelum meninggal almarhum/ah mengalami penurunan kesadaran?,"The question needs input in hours but the respondent may not know exactly and so it may be easier to ask 'how long' and then convert the duration in hours. (Less than 1 hour = ""0"")","Pertanyaan membutuhkan jawaban dalam jam tapi responden mungkin tidak tahu pasti maka akan lebih mudah untuk bertanya 'Berapa lama' dan kemudian ubah durasinya dalam jam. (Kurang dari 1 Jam = ""0"")","(selected(${isChild}, '1')) and selected(${id3B440}, 'yes')",1,,,,,,
select_one YES_NO_DK_REF,id3B450,"Did the unconsciousness start suddenly, quickly (at least within a single day)?","Apakah proses terjadinya penurunan kesadaran terjadi secara tiba-tiba, cepat (kurang dari 1 hari)?",,,"(selected(${isChild}, '1') or selected(${isAdult}, '1')) and selected(${id3B440}, 'yes')",1,,,,,,
select_one YES_NO_DK_REF,id3B455,Did the unconsciousness continue until death?,Apakah almarhum/ah mengalami penurunan kesadaran terus menerus hingga meninggal?,,,"(selected(${isChild}, '1') or selected(${isAdult}, '1')) and selected(${id3B440}, 'yes')",1,,,,,,
select_one YES_NO_DK_REF,id3B460,Did (s)he have convulsions?,Apakah almarhum/ah mengalami kejang?,,,,1,,,,,,
select_one YES_NO_DK_REF,id3B465,Did (s)he experience any generalized convulsions or fits during the illness that led to death?,Apakah almarhum/ah mempunyai riwayat kejang di seluruh tubuh selama sakit menjelang kematiannya?,,,"(selected(${isChild}, '1')) and selected(${id3B460}, 'yes')",1,,,,,,
integer,id3B470,For how many minutes did the convulsions last?,Berapa lama (menit) terjadinya kejang?,"Less than 1 minute = ""0"". Use 1 hour=60 minutes to determine the number of hours","Kurang dari 1 menit = ""0"". Gunakan 1 Jam = 60 menit untuk menentukan jumlah jam","(selected(${isChild}, '1') or selected(${isAdult}, '1')) and selected(${id3B460}, 'yes')",1,,,,,,
select_one YES_NO_DK_REF,id3B480,Did (s)he become unconscious immediately after the convulsion?,Apakah almarhum/ah menjadi tidak sadar sesaat setelah mengalami kejang?,,,"(selected(${isChild}, '1') or selected(${isAdult}, '1')) and selected(${id3B460}, 'yes')",1,,,,,,
select_one YES_NO_DK_REF,id3B490,Did (s)he have any urine problems?,Apakah almarhum/ah mengalami masalah dalam buang air kecil?,"Explain to the respondent that even if the answer is ""no"" some more questions will be asked, just to make sure no important detail has been missed.",,"(selected(${isChild}, '1') or selected(${isAdult}, '1'))",1,,,,,,
select_one YES_NO_DK_REF,id3B500,Did (s)he pass no urine at all?,Apakah almarhum/ah tidak bisa buang air kecil?,,,"selected(${isChild}, '1') or selected(${isAdult}, '1')",1,,,,,,
select_one YES_NO_DK_REF,id3B510,Did (s)he go to urinate more often than usual?,Apakah almarhum/ah buang air kecil lebih sering dari biasanya?,,,"selected(${isChild}, '1') or selected(${isAdult}, '1')",1,,,,,,
select_one YES_NO_DK_REF,id3B520,During the final illness did (s)he ever pass blood in the urine?,Selama sakit terakhirnya apakah almarhum/ah pernah terlihat ada darah dalam air seninya?,,,"selected(${isChild}, '1') or selected(${isAdult}, '1')",1,,,,,,
select_one YES_NO_DK_REF,id3B530,Did (s)he have any skin problems?,Apakah almarhum/ah mengalami masalah kulit?,"Explain to the respondent that even if the answer is ""no"" some more questions will be asked, just to make sure no important detail has been missed.",,,1,,,,,,
select_one YES_NO_DK_REF,id3B535,Did (s)he have sores?,Apakah almarhum/ah memiliki borok atau bisul?,,,"selected(${isChild}, '1') or selected(${isAdult}, '1')",1,,,,,,
select_one YES_NO_DK_REF,id3B537,Did the sores have clear fluid or pus?,Apakah Borok atau bisul mengeluarkan cairan bening atau nanah?,,,"(selected(${isChild}, '1') or selected(${isAdult}, '1')) and selected(${id3B535}, 'yes')",1,,,,,,
select_one YES_NO_DK_REF,id3B540,"Did (s)he have any ulcers, abscess or sores anywhere except on the feet?","Apakah almarhum/ah mempunyai luka, abses atau bisul dimana saja kecuali dikaki?",,,"selected(${isChild}, '1') or selected(${isAdult}, '1')",1,,,,,,
select_one YES_NO_DK_REF,id3B542,Did (s)he have an ulcer (pit) on the foot?,Apakah almarhum/ah mempunyai luka (bisul) di kaki?,,,"selected(${isChild}, '1') or selected(${isAdult}, '1')",1,,,,,,
select_one YES_NO_DK_REF,id3B544,Did the ulcer ooze pus?,Apakah luka (bisul) tersebut mengeluarkan nanah?,,,"(selected(${isChild}, '1') or selected(${isAdult}, '1')) and selected(${id3B542}, 'yes')",1,,,,,,
integer,id3B546,For how many days did the ulcer ooze pus?,Berapa lama (hari) luka tersebut mengeluarkan nanah?,Less than 1 day= “0”,"Kurang dari 1 Hari = ""0""","(selected(${isChild}, '1') or selected(${isAdult}, '1')) and selected(${id3B544}, 'yes')",1,,,,,,
select_one YES_NO_DK_REF,id3B550,"Did (s)he have any ulcers, abscess or sores on the feet that were not also on other parts of the body?","Apakah almarhum/ah mempunyai luka, abses atau bisul hanya dikaki dan tidak ada ditempat lain dari tubuh?",,,"(selected(${isChild}, '1') or selected(${isAdult}, '1')) and selected(${id3B542}, 'yes')",1,,,,,,
select_one YES_NO_DK_REF,id3B560,"During the illness that led to death, did (s)he have any skin rash?","Selama sakit yang menyebabkan kematiannya, apakah almarhum/ah menderita bintik-bintik merah (ruam) dikulit?",,,,1,,,,,,
integer,id3B570,For how many days did (s)he have the skin rash?,Berapa lama (hari) almarhum/ah mengalami bintik-bintik merah (ruam) dikulit?,Less than 1 day= “0”. Use 1 week=7 days to determine the number of weeks,"Kurang dari 1 Hari = ""0"". Gunakan 1 minggu = 7 Hari untuk menentukan jumlah minggu","(selected(${isChild}, '1') or selected(${isAdult}, '1')) and selected(${id3B560}, 'yes')",1,,,,,,
select_multiple select_135,id3B575,Where was the rash?,Dimana lokasi bintik-bintik merah tersebut?,,,"(selected(${isChild}, '1') or selected(${isAdult}, '1')) and selected(${id3B560}, 'yes')",1,,,,,,
select_one YES_NO_DK_REF,id3B580,Did (s)he have measles rash (use local term)?,Apakah almarhum/ah mengalami bintik-bintik merah (Campak)?,,,"(selected(${isChild}, '1') or selected(${isAdult}, '1')) and selected(${id3B560}, 'yes')",1,,,,,,
select_one YES_NO_DK_REF,id3B590,Did (s)he ever have shingles or herpes zoster?,Apakah almarhum/ah pernah menderita herpes zoster/cacar monyet/lilitan?,,,"(selected(${isChild}, '1') or selected(${isAdult}, '1')) and selected(${id3B560}, 'yes')",1,,,,,,
select_one YES_NO_DK_REF,id3B592,"During the illness that led to death, did her/his skin flake off in patches?","Selama sakit yang menyebabkan kematian, apakah almarhum/ah kulitnya mengelupas?",,,"selected(${isChild}, '1')",1,,,,,,
select_one YES_NO_DK_REF,id3B594,"During the illness that led to death, did he/she have areas of the skin that turned black?","Selama sakit yang menyebabkan kematiannya, apakah almarhum/ah mengalami perubahan warna kulit menjadi kehitaman?",,,"selected(${isNeonatal}, '1') or selected(${isChild}, '1')",1,,,,,,
select_one YES_NO_DK_REF,id3B596,"During the illness that led to death, did (s)he bleed from anywhere?","Selama sakit yang menyebabkan kematiannya, apakah almarhum/ah mengalami perdarahan? ",,,,1,,,,,,
select_one YES_NO_DK_REF,id3B600,"Did (s)he bleed from the nose, mouth or anus?","Apakah perdarahan keluar dari hidung, mulut atau anus?",,,"(selected(${isChild}, '1') or selected(${isAdult}, '1')) and selected(${id3B596}, 'yes')",1,,,,,,
select_one YES_NO_DK_REF,id3B610,Did (s)he have noticeable weight loss?,Apakah almarhum/ah mengalami penurunan berat badan?,,,"(selected(${isChild}, '1') or selected(${isAdult}, '1'))",1,,,,,,
select_one YES_NO_DK_REF,id3B620,Was (s)he severely thin or wasted?,Apakah almarhum/ah terlihat sangat kurus?,,,"(selected(${isChild}, '1') or selected(${isAdult}, '1')) and selected(${id3B610}, 'yes')",1,,,,,,
select_one YES_NO_DK_REF,id3B630,"During the illness that led to death, did s/he have a whitish rash inside the mouth or on the tongue?",Apakah ada luka/bercak putih dilidah atau dimulut almarhum/ah?,,,"(selected(${isChild}, '1') or selected(${isAdult}, '1'))",1,,,,,,
select_one YES_NO_DK_REF,id3B640,Did (s)he have stiffness of the whole body or was unable to open the mouth?,Apakah almarhum/ah mengalami kaku pada seluruh tubuh atau tidak dapat membuka mulut?,,,"(selected(${isChild}, '1') or selected(${isAdult}, '1'))",1,,,,,,
select_one YES_NO_DK_REF,id3B650,Did (s)he have puffiness of the face?,Apakah almarhum/ah kelihatan pucat diwajahnya?,,,"(selected(${isChild}, '1') or selected(${isAdult}, '1'))",1,,,,,,
integer,id3B652,For how many days did (s)he have puffiness of the face?,Berapa lama (hari) almarhum/ah mengalami pucat diwajahnya?,Less than 1 day= “0”. Use 1 month= 7 days or 1 month=4 weeks to determine the number of months,"Kurang dari 1 Hari = ""0"". Gunakan 1 Bulan = 7 Hari atau 1 Bulan = 4 minggu untuk menentukan jumlah Bulan","(selected(${isChild}, '1') or selected(${isAdult}, '1')) and selected(${id3B650}, 'yes')",1,,,,,,
select_one YES_NO_DK_REF,id3B654,"During the illness that led to death, did (s)he have swelling in the armpits?","Selama sakit yang menyebabkan kematian, apakah almarhum/ah mengalami pembengkakan di ketiak?",,,"(selected(${isChild}, '1') or selected(${isAdult}, '1'))",1,,,,,,
select_one YES_NO_DK_REF,id3B656,"During the illness that led to death, did (s)he have swollen legs or feet?","Selama sakit yang menyebabkan kematian, apakah almarhum/ah mengalami pembengkakan dikaki??",,,"(selected(${isChild}, '1') or selected(${isAdult}, '1'))",1,,,,,,
integer,id3B658,How many days did the swelling last?,Berapa lama (hari) pembengkakan terjadi?,Less than 1 day= “0”. Use 1 week=7 days to determine the number of weeks,"Kurang dari 1 Hari = ""0"". Gunakan 1 minggu = 7 Hari untuk menentukan jumlah minggu","(selected(${isChild}, '1') or selected(${isAdult}, '1')) and selected(${id3B656}, 'yes')",1,,,,,,
select_one YES_NO_DK_REF,id3B660,Did (s)he have both feet swollen?,Apakah almarhum/ah mengalami pembengkakan dikedua kakinya?,,,"(selected(${isChild}, '1') or selected(${isAdult}, '1'))",1,,,,,,
select_one YES_NO_DK_REF,id3B665,Did (s)he have general puffiness all over hi(s)her body?,Apakah almarhum/ah mengalami pembengkakan diseluruh tubuhnya?,,,"(selected(${isChild}, '1') or selected(${isAdult}, '1'))",1,,,,,,
select_one YES_NO_DK_REF,id3B670,Did (s)he have any lumps?,Apakah almarhum/ah mempunyai benjolan?,,,"(selected(${isChild}, '1') or selected(${isAdult}, '1'))",1,,,,,,
select_one YES_NO_DK_REF,id3B680,Did (s)he have any lumps or lesions in the mouth?,Apakah almarhum/ah mengalami benjolan atau luka di mulut?,,,"(selected(${isChild}, '1') or selected(${isAdult}, '1'))",1,,,,,,
select_one YES_NO_DK_REF,id3B690,Did (s)he have any lumps on the neck?,Apakah almarhum/ah mempunyai benjolan dileher?,,,"(selected(${isChild}, '1') or selected(${isAdult}, '1'))",1,,,,,,
select_one YES_NO_DK_REF,id3B700,Did (s)he have any lumps on the armpit?,Apakah almarhum/ah mempunya benjolan diketiak?,,,"(selected(${isChild}, '1') or selected(${isAdult}, '1'))",1,,,,,,
select_one YES_NO_DK_REF,id3B710,Did (s)he have any lumps on the groin?,Apakah almarhum/ah mempunya benjolan di selangkangan?,,,"(selected(${isChild}, '1') or selected(${isAdult}, '1'))",1,,,,,,
select_one YES_NO_DK_REF,id3B720,Did she have any swelling or lump in the breast?,Apakah almarhumah mengalami pembengkakan atau benjolan di payudaranya?,,,"(selected(${isChild}, '1') or selected(${isAdult}, '1'))",1,,,,,,
select_one YES_NO_DK_REF,id3B722,Did she have any ulcers (pits) in the breast?,Apakah almarhumah mempunyai luka di payudaranya?,,,"(selected(${isChild}, '1') or selected(${isAdult}, '1'))",1,,,,,,
select_one YES_NO_DK_REF,id3B724,Was (s)he in any way paralysed?,Apakah almarhum/ah mengalami kelumpuhan?,,,"(selected(${isChild}, '1') or selected(${isAdult}, '1'))",1,,,,,,
select_one YES_NO_DK_REF,id3B730,Did s(he have paralysis of only one side of the body?,Dibagian mana tubuh almarhum/ah mengalami kelumpuhan? ,,,"(selected(${isChild}, '1') or selected(${isAdult}, '1')) and selected(${id3B724}, 'yes')",1,,,,,,
select_multiple select_161,id3B731,Which were the limbs or body parts paralysed?,Dibagian mana tubuh almarhum/ah mengalami kelumpuhan? ,,,"(selected(${isChild}, '1') or selected(${isAdult}, '1')) and selected(${id3B724}, 'yes')",1,,,,,,
select_one YES_NO_DK_REF,id3B732,Did (s)he have difficulty swallowing?,Apakah almarhum/ah mengalami kesulitan menelan?,,,"(selected(${isChild}, '1') or selected(${isAdult}, '1'))",1,,,,,,
integer,id3B734,For how many days before death did (s)he have difficulty swallowing?,Berapa lama (hari) almarhum/ah mengalami sulit menelan?,Less than 1 day=“0”. Use 1 month=30 days or 1 month=4 weeks to determine the number of months,"Kurang dari 1 Hari = ""0"". Gunakan 1 Bulan = 28 Hari atau 1 bulan = 4 minggu untuk menentukan jumlah Bulan","(selected(${isChild}, '1') or selected(${isAdult}, '1')) and selected(${id3B732}, 'yes')",1,,,,,,
select_one select_164,id3B740,"Was the difficulty with swallowing with solids, liquids, or both?","Apakah almarhum/ah mengalami kesulitan menelan makanan padat, cair atau keduanya?",,,"(selected(${isChild}, '1') or selected(${isAdult}, '1')) and selected(${id3B732}, 'yes')",1,,,,,,
select_one YES_NO_DK_REF,id3B745,Did (s)he have pain upon swallowing?,Apakah almarhum/ah mengalami nyeri saat menelan?,,,"(selected(${isChild}, '1') or selected(${isAdult}, '1'))",1,,,,,,
select_one YES_NO_DK_REF,id3B750,Did (s)he have yellow discoloration of the eyes?,Apakah almarhum/ah mengalami bagian putih mata berubah menjadi kuning?,,,,1,,,,,,
integer,id3B755,For how many days did (s)he have the yellow discoloration?,Berapa lama (hari) almarhum/ah mengalami bagian putih mata berubah menjadi kuning?,Less than 1 day=“0”. Use 1 month=30 days or 1 month=4 weeks to determine the number of months,"Kurang dari 1 Hari = ""0"". Gunakan 1 Bulan = 28 Hari atau 1 bulan = 4 minggu untuk menentukan jumlah Bulan","(selected(${isChild}, '1') or selected(${isAdult}, '1')) and selected(${id3B750}, 'yes')",1,,,,,,
select_one YES_NO_DK_REF,id3B760,Did her/his hair change in color to a reddish or yellowish color?,Apakah almarhum/ah mengalami perubahan warna rambut menjadi kemerahan atau kekuningan?,,,"(selected(${isChild}, '1') or selected(${isAdult}, '1'))",1,,,,,,
select_one YES_NO_DK_REF,id3B770,"Did (s)he look pale (thinning/lack of blood) or have pale palms, eyes or nail beds?","Apakah almarhum/ah kelihatan pucat (lemah/kurang darah) atau terlihat pucat pada telapak tangan, mata atau bantalan kukunya?",,,"(selected(${isChild}, '1') or selected(${isAdult}, '1'))",1,,,,,,
select_one YES_NO_DK_REF,id3B780,Did (s)he have sunken eyes?,Apakah almarhum/ah mempunyai mata yang cekung?,,,"(selected(${isChild}, '1'))",1,,,,,,
select_one YES_NO_DK_REF,id3B790,Did (s)he drink a lot more water than usual?,Apakah almarhum/ah minum air lebih banyak dari biasanya?,,,"(selected(${isChild}, '1') or selected(${isAdult}, '1'))",1,,,,,,
end group,,,,,,,,,,,,,
begin group,pregnancy_women,Signs and symptoms associated with pregnancy and women,Gejala dan tanda yang berhubungan dengan kehamilan dan Persalinan,,,"(selected(${isAdult}, '1')) and ${id1A110} = 'female'",,,,,,,
select_one YES_NO_DK_REF,id3B798,Did she ever have a period or menstruate?,Apakah almarhumah pernah haid atau menstruasi?,"Ask for period and menstruation, and also mention the content of the subquestions already (excessive quantity or little quantity of bleeding, or irregular vaginal bleeding). If anything is mentioned select yes.",Tanyakan tentang haid dan menstruasi serta juga sebutkan jumlah perdarahannya atau perdarahan dari vagina yang tidak biasa. Jika disebutkan salah satunya maka pilih Ya. ,,1,,,,,,
select_one YES_NO_DK_REF,id3B800,Did she have excessive vaginal bleeding in between menstrual periods?,Apakah almarhumah mengalami banyak perdarahan dari vagina selama menstruasi/haid?,Important is the excessive quantity of blood,,"selected(${id3B798}, 'yes')",1,,,,,,
select_one YES_NO_DK_REF,id3B810,Did her menstrual period stop naturally because of menopause?,Apakah almarhumah berhenti haid/menstruasi secara normal karena menopause?,"If woman was under 40, do not ask and just click ‘No’.","If woman was under 40, do not ask and just click ‘No’.","selected(${id3B798}, 'yes')",1,,,,,,
select_one YES_NO_DK_REF,id3B820,Did she have vaginal bleeding after cessation of menstruation?,Apakah almarhumah mengalami perdarahan dari vagina setelah periode haid/menstruasi selesai?,"If woman was under 40, do not ask and just click ‘No’.","If woman was under 40, do not ask and just click ‘No’.","selected(${id3B798}, 'yes')",1,,,,,,
select_one YES_NO_DK_REF,id3B830,Was there excessive vaginal bleeding in the week prior to death?,Apakah almarhumah mengalami perdarahan dari vagina satu minggu menjelang kematiannya?,Important is the excessive quantity of blood,,"selected(${id3B798}, 'yes')",1,,,,,,
select_one YES_NO_DK_REF,id3B840,At the time of death was her period overdue?,Pada saat kematiannya apakah periode haid/menstrusi almarhumah terlambat?,,,"selected(${id3B798}, 'yes')",1,,,,,,
integer,id3B850,For how many weeks had her period been overdue?,Berapa lama (minggu) periode haid/menstruasi almarhumah terlambat?,,,"selected(${id3B840}, 'yes')",1,,,,,,
select_one YES_NO_DK_REF,id3C105,Did she have a sharp pain in her abdomen shortly before death?,Apakah almarhumah mengalami nyeri yang tajam pada perutnya sebelum meninggal?,,,,1,,,,,,
select_one YES_NO_DK_REF,id3C110,Was she pregnant at the time of death?,Apakah almarhumah sedang hamil ketika meninggal?,,,,1,,,,,,
select_one YES_NO_DK_REF,id3C120,"Did she die within 6 weeks of delivery, abortion or miscarriage?",Berapa bulan usia kehamilannya?,,,"not(selected(${id3C110}, 'yes'))",1,,,,,,
integer,id3C125,For how many months was she pregnant?,,Important is the distinction beween early and late pregnancy (threshold is 6 months),,"(selected(${id3C110}, 'yes') or selected(${id3C120},'yes'))",,,,,,,
select_one YES_NO_DK_REF,id3C135,"Please confirm: When she died, she was NEITHER pregnant NOR had recently been pregnant NOR had recently delivered when she died - is that right?","Pastikan : tanyakan apakah almarhumah TIDAK hamil atau baru-baru ini TIDAK hamil atau melahirkan ketika almarhumah meninggal, apakah BETUL?","""Recently"" here means 6 weeks. This questions serves to confirm that no maternal death is missed. ",,${id3C110} = 'no' and ${id3C120} = 'no',1,,,,,,
begin group,group_maternal,,,,,"not(selected(${id3C135}, 'yes'))",,,,,,,
select_one YES_NO_DK_REF,id3C200,Did she die within 24 hours after delivery?,Apakah almarhumah meninggal kurang dari 24 jam setelah melahirkan?,,,,1,,,,,,
select_one YES_NO_DK_REF,id3C210,"Did she die during labour, and before delivery?",Apakah almarhumah meninggal selama proses persalinan dan sebelum melahirkan?,Labor is the period of time by which contractions are less than 10 minutes apart.,Persalinan adalah waktu dimana kontraksi muncul kurang dari 10 menit.,,1,,,,,,
select_one YES_NO_DK_REF,id3C212,Did she die after delivering a baby?,Apakah almarhumah meninggal setelah melahirkan bayi?,,,"selected(${id3C210},'no')",1,,,,,,
select_one YES_NO_DK_REF,id3C213,Did she give birth to a live baby (within 6 weeks of her death)?,Apakah almarhumah melahirkan bayinya dengan sehat dalam waktu 6 minggu sebelum meninggal?,The important aspect is if the baby was alive. ,,,1,,,,,,
select_one YES_NO_DK_REF,id3C215,Did she die during or after a multiple pregnancy?,Apakah almarhumah meninggal selama atau setelah melahirkan bayi kembar?,,,,1,,,,,,
select_one YES_NO_DK_REF,id3C220,Was she breastfeeding the child in the days before death?,Apakah almarhumah menyusui anaknya dihari sebelum almarhumah meninggal?,,,,1,,,,,,
integer,id3C230,"How many births, including stillbirths, did she/the mother have before this baby?",Sebelum kelahiran neonatal (almarhum/ah) berapa kali ibu melahirkan termasuk yang lahir mati?,,,,1,,,,,,
select_one YES_NO_DK_REF,id3C240,Had she had any previous Caesarean section?,Apakah almarhum pernah mengalami operasi sesar sebelumnya?,,,,1,,,,,,
select_one YES_NO_DK_REF,id3C260,"During pregnancy, did she suffer from high blood pressure?","Selama kehamilan, apakah almarhumah menderita darah tinggi?",,,,1,,,,,,
select_one YES_NO_DK_REF,id3C270,Did she have foul smelling vaginal discharge during pregnancy or after delivery?,Apakah keluar cairan vagina yang berbau selama hamil atau setelah proses persalinan?,,,,1,,,,,,
select_one YES_NO_DK_REF,id3C280,"During the last 3 months of pregnancy, did she suffer from convulsions?","selama 3 bulan terakhir kehamilan, apakah ibu mengalami kejang?",,,,1,,,,,,
select_one YES_NO_DK_REF,id3C290,During the last 3 months of pregnancy did she suffer from blurred vision?,"Selama 3 bulan terakhir kehamilan, apakah ibu mengalami pandangan kabur?",,,,1,,,,,,
select_one YES_NO_DK_REF,id3C310,Did she have excessive bleeding during pregnancy before labour started?,Apakah almarhumah mengalami perdarahan yang banyak selama hamil sebelum melahirkan?,,,,1,,,,,,
select_one YES_NO_DK_REF,id3C320,Was there vaginal bleeding during the first 6 months of pregnancy?,Apakah ada perdarahan dari vagina selama 6 bulan awal usia kehamilan?,,,"selected(${id3C310}, 'yes')",1,,,,,,
select_one YES_NO_DK_REF,id3C330,Was there vaginal bleeding during the last 3 months of pregnancy but before labour started?,Apakah ada perdarahan dari vagina saat 3 bulan terakhir kehamilan sebelum melahirkan?,Make sure the respondent understands that it is important that this bleeding happened before birth,,"selected(${id3C310}, 'yes')",1,,,,,,
select_one YES_NO_DK_REF,id3C340,Did she have excessive bleeding during labour or delivery?,Apakah almarhumah mengalami perdarahan yang banyak saat persalinan atau melahirkan?,Here the excessive quantity of blood DURING birth is what we ask for,,,1,,,,,,
select_one YES_NO_DK_REF,id3C350,Did she have excessive bleeding after delivery or abortion?,Apakah almarhumah mengalami perdarahan yang banyak setelah melahirkan atau keguguran?,Here the excessive quantity of blood AFTER birth is what we ask for,,,1,,,,,,
select_one YES_NO_DK_REF,id3C360,Was the placenta completely delivered?,Apakah almarhumah melahirkan plasenta secara utuh (lengkap)?,,,,1,,,,,,
select_one YES_NO_DK_REF,id3C365,Did she deliver or try to deliver an abnormally positioned baby?,Apakah almarhumah melahirkan bayi dengan posisi yang tidak normal (bukan kepala yang keluar terlebih dahulu)?,"Enquire the respondent about his/hers understanding of what is an abnormally positioned baby; if unclear or wrong, explain that it refers to babys' whose first body part exiting the vagina is not the head.","Membutuhkan pemahaman responden tentang posisi bayi yang abnormal; jika tidak jelas atau salah, jelaskan yaitu bagian anggota tubuh bayi yang pertama keluar vagina bukan kepala bayi.",,1,,,,,,
integer,id3C370,For how many hours was she in labour?,Berapa lama (jam) almarhumah menjalani persalinan?,Less than 1 hour= “0”,"Kurang dari 1 Jam = ""0""",,1,,,,,,
select_one YES_NO_DK_REF,id3C380,Did she attempt to terminate the pregnancy?,Apakah almarhumah mencoba untuk mengakhiri kehamilan (menggugurkan kandungan)?,,,,1,,,,,,
select_one YES_NO_DK_REF,id3C390,Did she recently have a pregnancy that ended in an abortion (spontaneous or induced)?,Apakah almarhumah mengalami keguguran dalam waktu dekat sebelum meninggal (spontan atau ada pencetusnya)?,,,"not(selected(${id3C213}, 'yes')) ",1,,,,,,
select_one YES_NO_DK_REF,id3C393,Did she die during an abortion?,Apakah almarhumah meninggal saat mengalami keguguran?,,,"selected(${id3C390}, 'yes')",1,,,,,,
select_one YES_NO_DK_REF,id3C395,Did she die within 6 weeks of having an abortion?,Apakah almarhumah meninggal dalam waktu 6 minggu setelah keguguran?,,,"selected(${id3C390}, 'yes')",1,,,,,,
select_one select_208,id3C400,Where did she give birth?,Dimana almarhumah melahirkan?,,,,1,,,,,,
select_one YES_NO_DK_REF,id3C430,Did she receive professional assistance during the delivery?,Apakah almarhumah dibantu petugas kesehatan selama persalinan?,"Explain to the respondent what is meant by a professional assistance: delivery attended by a medical professional (doctor, nurse or midwife).","Jelaskan kepada respondent arti dari petugas terlatih : persalinan yang dilakukan oleh petugas kesehatan (Dokter, perawat, bidan)",,1,,,,,,
select_one YES_NO_DK_REF,id3C440,Did she have an operation to remove her uterus shortly before death?,Apakah almarhumah menjalani operasi untuk mengangkat rahimnya baru-baru ini sebelum meninggal?,,,,1,,,,,,
begin group,id3C445,How did the mother deliver her baby?,Apakah jenis persalinannya?,,,,1,,,,,,
select_one YES_NO_DK_REF,id3C450,"Was the delivery normal vaginal, without forceps or vacuum?","Apakah persalinan normal melalui vagina, tanpa forcep atau vakum?",,,,1,,,,,,
select_one YES_NO_DK_REF,id3C460,"Was the delivery vaginal, with forceps or vacuum?",Apakah persalinan normal (vagina) dengan menggunakan forcep atau vakum?,,,"not(selected(${id3C450}, 'yes'))",1,,,,,,
select_one YES_NO_DK_REF,id3C470,Was the delivery a Caesarean section?,Apakah persalinannya dengan operasi sesar?,,,"not(selected(${id3C450}, 'yes')) and not(selected(${id3C460}, 'yes'))",1,,,,,,
end group,,,,,,,,,,,,,
select_one YES_NO_DK_REF,id3C480,Was the baby born more than one month early?,Apakah bayi (almarhum/ah) lahir 1 bulan lebih awal?,,,,1,,,,,,
end group,,,,,,,,,,,,,
end group,,,,,,,,,,,,,
begin group,neonatal_child,"Neonatal and child history, signs and symptoms",Gejala dan Tanda yang ditemukan pada periode terakhir sakitnya Neonatal dan Anak (Almarhum/Ah),,,,,,,,,,
integer,id3D070,How old was the baby when the fatal illness started?,Berapa usia bayi (almarhum/ah) saat mulai terjadinya sakit?,"The answer could be in months or days, but for data entry convert in days. Less than 24 hours = 0 days","Jawaban mungkin dalam bulan atau hari, tapi untuk data entry laporkan dalam hari. kurang dari 24 jam = 0 hari","(selected(${isNeonatal}, '1'))",1,,,,,,
integer,id3D090,How many years old was the child when the fatal illness started?,Berapa usia anak (almarhum/ah) saat mulai terjadinya sakit?,,,"(selected(${isChild}, '1'))",1,,,,,,
begin group,neonatal_childA,,,,,"(selected(${isNeonatal}, '1') or selected(${isChild}, '1'))",,,,,,,
select_one YES_NO_DK_REF,id3D100,Was the child part of a multiple  birth?,Apakah neonatal lahir kembar?,"If two or more children are born at the same time, it is counted as a multiple birth, even if one or more of the babies are born dead.",Jika dua atau lebih anak dilahirkan dalam waktu yang sama maka dihitung sebagai kembar walaupun salah satunya atau lebih lahir mati,,1,,,,,,
select_one select_219,id3D102,"Was the child the first, second, or later in the birth order?",Urutan kelahiran keberapa neonatal (almarhum/ah) dari saudara kembarnya?,,,"selected(${id3D100}, 'yes')",1,,,,,,
select_one YES_NO_DK_REF,id3D104,Is the mother still alive?,Apakah ibu neonatal (almarhum/ah) masih hidup?,"If mother is present at the interview, select 'yes' without asking the question aloud.","If mother is present at the interview, select 'yes' without asking the question aloud.",,1,,,,,,
select_one select_221,id3D106,Did the mother die during or after the delivery?,Apakah ibu neonatal (almarhum/ah) meninggal pada proses persalinan atau setelah proses persalinan?,,,"selected(${id3D104}, 'no')",1,,,,,,
integer,id3D108a,How many months after the delivery did the mother die?,Berapa hari atau bulan setelah proses persalinan ibu neonatal (almarhum/ah) meninggal?,"The respondent may reply in months and days. Enter the number of monts and days given. The sum of the number of months and days you enter should reflect the time interval given by the respondent. If the interval was less then one month, enter '0' here","Responden mungkin akan menjawab dalam bulan atau hari. Untuk data entry laporkan dalam hari. (kurang dari 24 jam = 0 hari, 1 bulan = 28 hari untuk menentukan jumlah bulan)","selected(${id3D106}, 'after_delivery')",1,,,,,,
integer,id3D108b,How many days after the delivery did the mother die?,Berapa hari atau bulan setelah proses persalinan ibu neonatal (almarhum/ah) meninggal?,,"Responden mungkin akan menjawab dalam bulan atau hari. Untuk data entry laporkan dalam hari. (kurang dari 24 jam = 0 hari, 1 bulan = 28 hari untuk menentukan jumlah bulan)","selected(${id3D106}, 'after_delivery')",1,,,,,,
select_one select_223,id3D155,Where was the deceased born?,Dimana almarhum/ah dilahirkan?,Read the question and slowly read the first 5 choices.   Respondent should hear all 5 choices and then respond.,Baca pertanyaan dengan perlahan lalu sebutkan 5 pilihan pertama. Responden harus medengar 4 pilihan lalu memberikan tanggapan.,,1,,,,,,
select_one YES_NO_DK_REF,id3D165,Did the mother receive professional assistance during the delivery?,apakah ibu neonatal (almarhum/ah) menerima bantuan petugas medis selama persalinan?,"Explain to the respondent what is meant by a professional assistance: delivery attended by a medical professional (doctor, nurse or midwife).","Jelaskan kepada respondent arti dari petugas terlatih : persalinan yang dilakukan oleh petugas kesehatan (Dokter, perawat, bidan)",,1,,,,,,
select_one YES_NO_DK_REF,id3D180,"At birth, was the baby of usual size?",Apakah ukuran neonatal saat lahir normal? ,"Show photos, explain to the respondent that even if the aswer is ""no"" some more questions will be asked, just to make sure no important detail has been missed.",Tunjukkan Gambar,,1,,,,,,
select_one YES_NO_DK_REF,id3D190,"At birth, was the baby smaller than usual, (weighing under 2.5 kg)?",Apakah ukuran neonatal saat lahir lebih kecil dari normal (kurang dari 2.5 kg)?,Show photos.,Tunjukkan Gambar,,1,,,,,,
select_one YES_NO_DK_REF,id3D200,"At birth, was the baby larger than usual, (weighing over 4.5 kg)?",Apakah ukuran neonatal saat lahir lebih besar dari normal (lebih dari 4.5 kg) ?,Show photos.,Tunjukkan Gambar,"not(selected(${id3D190}, 'yes'))",1,,,,,,
integer,id3D201,What was the weight (in grammes) of the deceased at birth?,Berapa berat badan lahir neonatal saat dilahirkan (gram)?,"Respondents may give the answer in kilograms.  For the data entry, convert to grammes.",Responden mungkin akan menjawab dalam kilogram. Untuk data entry ubah menjadi gram.,,1,,,,,,
integer,id3D210,How many months long was the pregnancy before the child was born?,Pada usia kehamilan berapakah neonatal (almarhum/ah) lahir?,,,,1,,,,,,
select_one YES_NO_DK_REF,id3D215,"Were there any complications in the late part of the pregnancy (defined as the last 3 months, before labour)?","Selama 3 bulan terakhir kehamilan, apakah ibu mengalami komplikasi? ",,,,1,,,,,,
select_one YES_NO_DK_REF,id3D221,Were there any complications during labour or delivery?,Apakah ada komplikasi  saat proses persalinan?,,,,1,,,,,,
select_one YES_NO_DK_REF,id3D230,"Was any part of the baby physically abnormal at time of delivery? (for example: body part too large or too small, additional growth on body)?","Apakah neontal (almarhum/ah) memiliki cacat bawaan lahir? (contoh : bagian tubuh terlalu besar atau terlalu kecil, pertumbuhan tambahan pada tubuh)","Explain to the respondent that even if the answer is ""no"" some more questions will be asked, just to make sure no important detail has been missed.",,,1,,,,,,
select_one YES_NO_DK_REF,id3D240,Did the baby/ child have a swelling or defect on the back?,Apakah neonatal (almarhum/ah) mengalami pembengkakkan atau kelainan dipunggung?,,,,1,,,,,,
select_one YES_NO_DK_REF,id3D241,Did the baby/ child have a very large head?,Apakah neonatal (almarhum/ah) memiliki ukuran kepala yang sangat besar?,,,,1,,,,,,
select_one YES_NO_DK_REF,id3D242,Did the baby/ child have a very small head?,Apakah neonatal (almarhum/ah) memiliki ukuran kepala yang sangat kecil?,,,"not(selected(${id3D241}, 'yes'))",1,,,,,,
end group,,,,,,,,,,,,,
begin group,neonatal_childB,,,,,"(selected(${isNeonatal}, '1'))",,,,,,,
select_one YES_NO_DK_REF,id3D251,Did the baby stop moving in the womb before labour started?,Apakah neonatal (almarhum/ah) sudah tidak bergerak sewaktu didalam kandungan?,,,,1,,,,,,
integer,id3D251a,How many days before labour did you or the mother last feel the baby move? (maybe the repondent or health worker had examined the mother),Berapa jam atau hari sebelum persalinan gerakan janin masih dirasakan?,,,"selected(${id3D251}, 'yes')",1,,,,,,
integer,id3D251b,How many hours before labour did you or the mother last feel the baby move? (maybe the repondent or health worker had examined the mother),Berapa jam atau hari sebelum persalinan gerakan janin masih dirasakan?,,,"selected(${id3D251}, 'yes')",1,,,,,,
select_one YES_NO_DK_REF,id3D253,Was the baby born 24 hours or more after the water broke?,Apakah neonatal (almarhum/ah) lahir dalam 24 jam atau lebih setelah ketuban pecah?,,,,1,,,,,,
select_one YES_NO_DK_REF,id3D254,Was the liquor foul smelling?,Apakah air ketubannya berbau?,,,,1,,,,,,
begin group,id3D256,How was the baby delivered?,,,,,,,,,,,
select_one YES_NO_DK_REF,id3D258,"Was the delivery normal vaginal, without forceps or vacuum?","Apakah persalinan normal melalui vagina, tanpa forcep atau vakum?",,,,,,,,,,
select_one YES_NO_DK_REF,id3D259,"Was the delivery vaginal, with forceps or vacuum?",Apakah persalinan normal (vagina) dengan menggunakan forcep atau vakum?,,,"not(selected(${id3D258}, 'yes'))",,,,,,,
select_one YES_NO_DK_REF,id3D260,Was the delivery a Caesarean section?,Apakah persalinannya dengan operasi sesar?,,,"not(selected(${id3D258}, 'yes')) and not(selected(${id3D259}, 'yes'))",,,,,,,
end group,,,,,,,,,,,,,
select_one YES_NO_DK_REF,id3D261,Did you/the mother receive any vaccinations since reaching adulthood including during this pregnancy?,Apakah ibu mendapatkan imunisasi sejak remaja termasuk saat kehamilan ini?,,,,1,,,,,,
integer,id3D263,How many doses?,Berapa kali ibu mendapatkan suntikan TT?,,,"selected(${id3D261}, 'yes')",1,,,,,,
select_one YES_NO_DK_REF,id3D265,Did the mother receive tetanus toxoid (TT) vaccine?,Apakah Ibu mendapatkan suntikan TT?,,,"selected(${id3D261}, 'yes')",1,,,,,,
integer,id3D267,"How many births, including stillbirths, did the baby's mother have before this baby?",Sebelum kelahiran neonatal (almarhum/ah) berapa kali ibu melahirkan termasuk yang lahir mati?,,,,1,,,,,,
select_one YES_NO_DK_REF,id3D269,"During the last 3 months of pregnancy, labour or delivery, did the baby's mother suffer from high blood pressure?","Selama 3 bulan terakhir kehamilan, apakah ibu mengalami tekanan darah tinggi?",,,,1,,,,,,
select_one YES_NO_DK_REF,id3D271,Did the baby's mother have foul smelling vaginal discharge during pregnancy or after delivery?,Apakah keluar cairan vagina yang berbau selama hamil atau setelah proses persalinan?,,,,1,,,,,,
select_one YES_NO_DK_REF,id3D273,"During the last 3 months of pregnancy, labour or delivery, did the baby's mother suffer from convulsions?","selama 3 bulan terakhir kehamilan, apakah ibu mengalami kejang?",,,,1,,,,,,
select_one YES_NO_DK_REF,id3D275,During the last 3 months of pregnancy did the baby's mother suffer from blurred vision?,"Selama 3 bulan terakhir kehamilan, apakah ibu mengalami pandangan kabur?",,,,1,,,,,,
select_one YES_NO_DK_REF,id3D276,Did the baby's mother have vaginal bleeding during the last 3 months of pregnancy but before labour started?,"Selama 3 bulan terakhir kehamilan, apakah ibu mengalami perdarahan pervaginam?",,,,1,,,,,,
select_one YES_NO_DK_REF,id3D277,"Did the baby's bottom, feet, arm or hand come out of the vagina before its head?","Bagian tubuh bayi manakah yang keluar terlebih dahulu? (bokong, kaki, tangan)",,,,1,,,,,,
select_one YES_NO_DK_REF,id3D278,Was the umbilical cord wrapped more than once around the neck of the child at birth?,Apakah terdapat lilitan tali pusat lebih dari satu pada leher saat lahir? ,,,,1,,,,,,
select_one YES_NO_DK_REF,id3D280,Was the baby blue in colour at birth?,Apakah bayi lahir biru?,,,,1,,,,,,
select_one YES_NO_DK_REF,id3D285,Did the baby ever cry?,Apakah bayi sempat menangis saat lahir?,,,,1,,,,,,
select_one YES_NO_DK_REF,id3D290,"Did the baby cry immediately after birth, even if only a little bit?",Apakah bayi menangis sewaktu dilahirkan walaupun sebentar atau lemah?,,,"selected(${id3D285}, 'yes') or selected(${id3D285}, 'dk')",1,,,,,,
integer,id3D292,How many minutes after birth did the baby first cry?,Berapa lama (menit) setelah lahir bayi mulai menangis?,,,"selected(${id3D290}, 'yes')",1,,,,,,
select_one YES_NO_DK_REF,id3D294,Did the baby stop being able to cry?,Apakah bayi tidak bisa berhenti menangis?,,,"selected(${id3D285}, 'yes') or selected(${id3D285}, 'dk')",1,,,,,,
integer,id3D296,How many hours before death did the baby stop crying?,Berapa lama (jam) sebelum meninggal bayi berhenti menangis?,,,"selected(${id3D294}, 'yes')",1,,,,,,
select_one YES_NO_DK_REF,id3D298,Did the baby ever move?,Apakah bayi sempat bergerak?,,,,1,,,,,,
select_one YES_NO_DK_REF,id3D299,Did the baby ever breathe?,Apakah bayi sempat bernafas?,,,,1,,,,,,
select_one YES_NO_DK_REF,id3D300,"Did the baby breathe immediately after birth, even a little?",Apakah  bayi sempat bernafas walaupun hanya sebentar?,,,"not(selected(${id3D299}, 'no'))",1,,,,,,
select_one YES_NO_DK_REF,id3D310,Was the baby given assistance to breathe at birth?,Apakah bayi mendapatkan bantuan pernafasan saat lahir?,,,,1,,,,,,
select_one YES_NO_DK_REF,id3D320,"If the baby didn't show any sign of life, was it born dead?","Jika bayi tidak menunjukkan adanya tanda-tanda kehidupan, apakah bayi lahir sudah mati?",,,"(selected(${id3D285}, 'no')) and (selected(${id3D298}, 'no')) and (selected(${id3D299}, 'no'))",1,,,,,,
select_one YES_NO_DK_REF,id3D325,Were there any bruises or signs of injury on child's body after the birth?,Apakah terdapat tanda cedera atau patah tulang saat neonatal dilahirkan?,,,"selected(${id3D320}, 'yes')",1,,,,,,
select_one YES_NO_DK_REF,id3D330,"Was the dead baby macerated, that is, showed signs of decay?","Apakah kulit neonatal mengalamai maserasi, menunjukkan tanda pembusukan?","If the deceased is ascertained to be a stillbirth, proceed straight with the injury section.",Jika almarhum/ah telah dipastikan lahir mati maka lanjutkan ke bagian cedera.,"selected(${id3D320}, 'yes')",1,,,,,,
select_one YES_NO_DK_REF,id3D340,Was the baby able to suckle or bottle-feed within the first 24 hours after birth?,,,,"not(selected(${id3D320}, 'yes'))",,,,,,,
select_one YES_NO_DK_REF,id3D345,Did the baby stop suckling?,Apakah neonatal berhenti menyusu atau menghisap susu botol?,,,"not(selected(${id3D320}, 'yes'))",1,,,,,,
integer,id3D350,How many days after birth did the baby stop suckling?,Berapa lama (hari) setelah neonatal lahir berhenti menyusu atau menghisap botol?,,,"selected(${id3D345}, 'yes')",1,,,,,,
select_one YES_NO_DK_REF,id3D360,Did the baby have convulsions starting within the first 24 hours of life?,Apakah neonatal mengalami kejang dimulai dalam 24 jam pertama kelahiran?,,,"not(selected(${id3D320}, 'yes'))",1,,,,,,
select_one YES_NO_DK_REF,id3D370,Did the baby have convulsions starting more than 24 hours after birth?,Apakah neonatal mengalami kejang dimulai lebih dari 24 jam pertama kelahiran?,,,"not(selected(${id3D360}, 'yes')) and not(selected(${id3D320}, 'yes'))",1,,,,,,
select_one YES_NO_DK_REF,id3D380,"Did the baby's body become stiff, with the back arched backwards?",Apakah neonatal mengalami kaku dan badan melengkung ke belakang?,,,"not(selected(${id3D320}, 'yes'))",1,,,,,,
end group,,,,,,,,,,,,,
select_one YES_NO_DK_REF,id3D390,"During the illness that led to death, did the baby have a bulging or raised fontanelle?","Selama sakit yang menyebabkan kematiannya, apakah bayi mengalami penonjolan ubun-ubun?",Show photo,Tunjukkan Gambar,"(selected(${isNeonatal}, '1') or selected(${isChild}, '1')) and ${id3D320}!='yes'",1,,,,,,
select_one YES_NO_DK_REF,id3D400,"During the illness that led to death, did the baby have a sunken fontanelle?","Selama sakit yang meyebabkan kematian, apakah bayi mengalami ubun-ubun cekung?",Show photo,Tunjukkan Gambar,"(selected(${isNeonatal}, '1') or selected(${isChild}, '1')) and ${id3D320} !='yes' and ${id3D390} != 'yes'",1,,,,,,
begin group,neonatal_childC,,,,,"(selected(${isNeonatal}, '1')) and ${id3D320}!='yes'",,,,,,,
select_one YES_NO_DK_REF,id3D410,"Did the baby become unresponsive or unconscious soon after birth, within less than 24 hours?","Apakah bayi mengalami penurunan kesadaran sesaat setelah lahir, kurang dari 24 jam?",,,,1,,,,,,
select_one YES_NO_DK_REF,id3D420,Did the baby become unresponsive or unconscious more than 24 hours after birth?,"Apakah bayi mengalami penurunan kesadaran sesaat setelah lahir, lebih dari 24 jam?",,,"not(selected(${id3D410}, 'yes'))",1,,,,,,
select_one YES_NO_DK_REF,id3D430,"During the illness that led to death, did the baby become cold to touch?",Apakah bayi terasa dingin ketika disentuh?,,,,1,,,,,,
select_one YES_NO_DK_REF,id3D435,"During the illness that led to death, did the baby become lethargic, after a period of normal activity?","Selama sakit yang menyebabkan kematiannya, apakah bayi menjadi lesu setelah periode aktivitas normal?",,,,1,,,,,,
select_one YES_NO_DK_REF,id3D440,Did the baby have redness or discharge from the umbilical cord stump?,Apakah bayi tampak kemerahan atau keluar cairan dari tali pusarnya?,,,,1,,,,,,
select_one YES_NO_DK_REF,id3D445,"During the illness that led to death, did the baby have skin ulcer(s) or pits?","Selama sakit yang menyebabkan kematiannya, apakah bayi mempunyai ulkus atau lubang dikulit?",,,,1,,,,,,
select_one YES_NO_DK_REF,id3D450,"During the illness that led to death, did the baby have yellow skin, palms (hand) or soles (foot)?","Selama sakit yang menyebabkan kematiannya, apakah bayi mengalami perubahan warna kulit menjadi kuning pada tangan, kaki?",,,,1,,,,,,
select_one YES_NO_DK_REF,id3D455,Did the baby or infant appear to be healthy and then just die suddenly?,Apakah bayi tampak sehat lalu tiba-tiba meninggal?,,,,1,,,,,,
end group,,,,,,,,,,,,,
select_one YES_NO_DK_REF,id3D600,"Before the illness that led to death, was the baby/the child growing normally?","Sebelum sakit yang menyebabkan kematian, apakah bayi atau anak tumbuh secara normal?",,,"(selected(${isChild}, '1')) and ${id3D320} !='yes'",1,,,,,,
end group,,,,,,,,,,,,,
begin group,injuries_accidents,History of injuries/accidents,Riwayat Cedera,,,,,,,,,,
select_one YES_NO_DK_REF,id3E100,Did (s)he suffer from any injury or accident that led to her/his death?,Apakah almarhum/ah mederita cedera atau kecelakaan yang menyebabkan kematiannya?,,,,1,,,,,,
begin group,injuries_accidents_yes,,,,,${id3E100} = 'yes',,,,,,,
select_one YES_NO_DK_REF,id3E102,Was the injury intentionally inflicted by someone else?,Apakah cedera tersebut dilakukan oleh orang lain dengan sengaja?,,,,1,,,,,,
select_one YES_NO_DK_REF,id3E104,Was (s)he injured by a fire arm?,Apakah almarhum/ah mengalami cedera oleh senjata api?,,,"selected(${id3E102}, 'yes')",1,,,,,,
select_one YES_NO_DK_REF,id3E106,"Was (s)he stabbed, cut or pierced?","Apakah almarhum/ah mengalami cedera ditikam, dipotong atau ditusuk?",,,"selected(${id3E102}, 'yes')",1,,,,,,
select_one YES_NO_DK_REF,id3E108,Was (s)he strangled?,Apakah almarhum/ah mengalami cedera dicekik?,,,"selected(${id3E102}, 'yes')",1,,,,,,
select_one YES_NO_DK_REF,id3E111,Was (s)he injured by a blunt force?,Apakah almarhum/ah mengalami cedera oleh benda tumpul?,,,"selected(${id3E102}, 'yes')",1,,,,,,
select_one YES_NO_DK_REF,id3E112,Was (s)he injured by burns?,Apakah almarhum/ah mengalami cedera oleh luka bakar?,,,"selected(${id3E102}, 'yes')",1,,,,,,
select_one YES_NO_DK_REF,id3E113,Do you think (s)he committed suicide?,Menurut anda (responden) apakah almarhum/ah bunuh diri?,,,"(selected(${isChild}, '1') or selected(${isAdult}, '1'))",1,,,,,,
select_one YES_NO_DK_REF,id3E115,Was it a road traffic accident?,Apakah almarhum/ah mengalami kecelakaan lalu lintas?,,,,1,,,,,,
select_one select_292,id3E120,What was her/his role in the road traffic accident?,Sebagai apakah almarhum/ah saat terjadi kecelakaan lalu lintas?,,,"selected(${id3E115}, 'yes')",1,,,,,,
select_one select_293,id3E170,What was the counterpart that was hit during the road traffic accident?,Apakah yang ditabrak oleh almarhum/ah saat terjadi kecelakaan lalu lintas?,,,"selected(${id3E115}, 'yes')",1,,,,,,
select_one YES_NO_DK_REF,id3E310,Was (s)he injured in a fall?,Apakah almarhum/ah mengalami cedera karena jatuh?,,,,1,,,,,,
select_one YES_NO_DK_REF,id3E320,Did (s)he die of drowning?,Apakah almarhum/ah meninggal karena tenggelam?,,,,1,,,,,,
select_one YES_NO_DK_REF,id3E330,Did (s)he suffer from accidental burns?,Apakah almarhum/ah menderita luka bakar?,This includes accidents and cases where it is unkown if it was an accident or whether there was intentional violence,,,1,,,,,,
select_one YES_NO_DK_REF,id3E335,Was (s)he accidentally injured by a blunt force?,Apakah almarhum/ah mengalami cedera oleh benda tumpul?,This includes accidents and cases where it is unkown if it was an accident or whether there was intentional violence,,,1,,,,,,
select_one YES_NO_DK_REF,id3E340,Was (s)he accidentally injured by a plant/animal/insect that led to her/his death?,Apakah almarhum/ah mengalami cedera oleh tanaman/ hewan/ serangga yang menyebabkan kematiannya?,This includes accidents and cases where it is unkown if it was an accident or whether there was intentional violence,,,1,,,,,,
select_one select_299,id3E400,What was the plant/animal/insect?,Apakah jenis tanaman/ binatang/ serangga?,,,"selected(${id3E340}, 'yes')",1,,,,,,
select_one YES_NO_DK_REF,id3E500,Was (s)he injured by a force of nature?,Apakah almarhum/ah mengalami cedera karena bencana alam?,,,,1,,,,,,
select_one YES_NO_DK_REF,id3E510,Was there any poisoning?,Apakah almarhum/ah mengalami keracunan?,This includes accidents and cases where it is unkown if it was an accident or whether there was intentional violence,,,1,,,,,,
select_one YES_NO_DK_REF,id3E530,Was it electrocution?,Apakah almarhum/ah tersengat aliran listrik?,This includes accidents and cases where it is unkown if it was an accident or whether there was intentional violence,,,1,,,,,,
select_one YES_NO_DK_REF,id3E520,Was (s)he subject to violence/assault?,Apakah almarhum/ah mengalami kekerasan atau penyerangan?,,,,1,,,,,,
end group,,,,,,,,,,,,,
end group,,,,,,,,,,,,,
begin group,risk_factors,Risk factors,Faktor Resiko,,,"(selected(${isAdult}, '1'))",,,,,,,
select_one YES_NO_DK_REF,id3F100,Did (s)he drink alcohol?,Apakah almarhum/ah minum alkohol?,,,,1,,,,,,
select_one YES_NO_DK_REF,id3F110,"Did (s)he smoke tobacco (cigarette, cigar, pipe, etc.)?","Apakah almarhum/ah menghisap tembakau (rokok,pipa, lainnya?",,,,1,,,,,,
select_one select_306,id3F120,What kind of tobacco did (s)he use ?,Apakah jenis tembakau yang almarhum/ah pakai?,,,"selected(${id3F110}, 'yes')",1,,,,,,
integer,id3F130,How many cigarettes did (s)he smoke daily?,Berapa batang rokok yang dikonsumsi almarhum/ah dalam sehari?,,,"selected(${id3F110}, 'yes')",1,,,,,,
end group,,,,,,,,,,,,,
begin group,health_service_utilization,Health service utilisation,Pengobatan dan Pelayanan Kesehatan pada episode sakit terakhir,,,,,,,,,,
select_one YES_NO_DK_REF,id3G110,Did (s)he receive any treatment for the illness that led to death?,Apakah almarhum/ah menerima perawatan selama sakit yang menyebabkan kematiannya?,,,,1,,,,,,
select_one YES_NO_DK_REF,id3G120,Did (s)he receive oral rehydration salts?,Apakah almarhum/ah menerima cairan rehidrasi (oralit),,,"selected(${id3G110}, 'yes')",1,,,,,,
select_one YES_NO_DK_REF,id3G130,Did (s)he receive (or need) intravenous fluids (drip) treatment?,Apakah almarhum/ah menerima atau membutuhkan perawatan infus?,,,"selected(${id3G110}, 'yes')",1,,,,,,
select_one YES_NO_DK_REF,id3G140,Did (s)he receive (or need) a blood transfusion?,Apakah almarhum/ah menerima atau membutuhkan transfusi darah?,,,"selected(${id3G110}, 'yes')",1,,,,,,
select_one YES_NO_DK_REF,id3G150,Did (s)he receive (or need) treatment/food through a tube passed through the nose?,Apakah almarhum/ah menerima atau membutuhkan makanan melalui alat melalui hidungnya?,,,"selected(${id3G110}, 'yes')",1,,,,,,
select_one YES_NO_DK_REF,id3G160,Did (s)he receive (or need) injectable antibiotics?,Apakah almarhum/ah menerima atau membutuhkan suntikan antibiotik?,,,"selected(${id3G110}, 'yes')",1,,,,,,
select_one YES_NO_DK_REF,id3G165,Did (s)he receive (or need) antiretroviral therapy (ART)?,Apakah almarhum/ah menerima atau membutuhkan ART (Anti Retroviral Therapy)?,,,"selected(${id3G110}, 'yes')",1,,,,,,
select_one YES_NO_DK_REF,id3G170,Did (s)he have (or need) an operation for the illness?,Apakah almarhum/ah menjalani atau membutuhkan operasi selama sakitnya?,,,"selected(${id3G110}, 'yes')",1,,,,,,
select_one YES_NO_DK_REF,id3G180,Did (s)he have the operation within 1 month before death?,Apakah almarhum/ah menjalani operasi dalam 1 bulan menjelang kematiannya?,,,"(selected(${isChild}, '1') or selected(${isAdult}, '1')) and selected(${id3G170}, 'yes')",1,,,,,,
select_one YES_NO_DK_REF,id3G190,Was (s)he discharged from hospital very ill?,Apakah almarhum/ah masih sakit saat keluar rumah sakit?,,,"selected(${id3G110}, 'yes')",1,,,,,,
select_one YES_NO_DK_REF,id3H100,Has (s)he received immunization?,Apakah almarhum/ah mendapatkan imunisasi?,,,"(selected(${isNeonatal}, '1') or selected(${isChild}, '1'))",1,,,,,,
select_one YES_NO_DK_REF,id3H110,Do you have the child's vaccination card?,Apakah anda memiliki kartu vaksinasi almarhum/ah?,,,"(selected(${isNeonatal}, '1') or selected(${isChild}, '1')) and selected(${id3H100}, 'yes')",1,,,,,,
select_one YES_NO_DK_REF,id3H120,Can I see the vaccination card (note the vaccines the child received)?,Bolehkah saya melihat kartu vaksinasi tersebut dan mencatat jenis vaksinasi yang telah didapat oleh anak (almarhum/ah)?,"Only fill in the vaccination sheet if the respondent has the vaccination card at the present moment during the VA interview; the interviewer should fill in the vaccination sheet, not the respondent.",Hanya diisi dikertas vaksinasi jika responden membawanya saat wawancara. Pewawancara harus mengisi dikertas vaksinasi bukan responden.,"(selected(${isNeonatal}, '1') or selected(${isChild}, '1')) and selected(${id3H110}, 'yes')",1,,,,,,
text,id3H125,Note vaccines here,,,,,,,,,,,
select_one YES_NO_DK_REF,id3H130,Was care sought outside the home while (s)he had this illness?,Apakah mencari perawatan dari luar rumah saat almarhum/ah sakit?,,,,1,,,,,,
select_one select_322,id3H140,Where or from whom did you seek care?,Dimana atau dari siapa anda mencari perawatan tersebut?,,,"selected(${id3H130}, 'yes')",1,,,,,,
text,id3H150,"Record the name and address of any hospital, health center or clinic where care was sought","Catat nama dan alamat dari rumah sakit, puskesmas atau klinik saat menerima perawatan tersebut",,,"selected(${id3H130}, 'yes')",1,,,,,,
select_one YES_NO_DK_REF,id3H160,Did a health care worker tell you the cause of death?,Apakah petugas kesehatan mengatakan penyebab kematian almarhum/ah?,,,,1,,,,,,
text,id3H170,What did the health care worker say?,Apakah yang dikatakan oleh petugas kesehatan tersebut?,,,"selected(${id3H160}, 'yes')",1,,,,,,
select_one YES_NO_DK_REF,id3H180,Do you have any health records that belonged to the deceased?,Apakah anda mempunya catatan kesehatan milik almarhum/ah?,,,,1,,,,,,
select_one YES_NO_DK_REF,id3H190,Can I see the health records?,Bolehkah saya melihat catatan kesehatan tersebut?,,,"selected(${id3H180}, 'yes')",1,,,,,,
date,id3H200,Record the date of the most recent (last) visit,Catat tanggal pada kunjungan terbaru,,,"selected(${id3H190}, 'yes')",1,,,,,,
date,id3H210,Record the date of the last but one (second last) visit,Catat tanggal pada dua kunjungan terbaru,,,"selected(${id3H190}, 'yes')",1,,,,,,
date,id3H220,Record the date of the last note on the health records,Catat tanggal saat membuat catatan terakhir ,,,"selected(${id3H190}, 'yes')",1,,,,,,
decimal,id3H230,Record the weight (in kilogrammes) written at the most recent (last) visit,Catat berat badan (dalam kilogram) yang ditulis pada kunjungan terbaru ,(enter e.g. 3.5),,"selected(${id3H190}, 'yes')",1,,,,,,
decimal,id3H240,Record the weight (in kilogrammes) written at the last but one (second last) visit,Catat berat badan (dalam kilogram) yang ditulis pada dua kunjungan terbaru ,,,"selected(${id3H190}, 'yes')",1,,,,,,
text,id3H250,Transcribe the last note on the health records,Menuliskan catatan terakhir pada catatan kesehatan,,,"selected(${id3H190}, 'yes')",1,,,,,,
select_one YES_NO_DK_REF,id3H330,Has the deceased’s (biological) mother ever been tested for HIV?,Apakah ibu almarhum/ah pernah diperiksa test HIV?,,,"(selected(${isNeonatal}, '1') or selected(${isChild}, '1'))",1,,,,,,
select_one YES_NO_DK_REF,id3H340,Was the HIV test ever positive?,Apakah hasilnya positif?,,,"(selected(${isNeonatal}, '1') or selected(${isChild}, '1')) and selected(${id3H330}, 'yes')",1,,,,,,
select_one YES_NO_DK_REF,id3H350,Has the deceased’s (biological) mother ever been told she had HIV/AIDS by a health worker?,Apakah ibu almarhum pernah dikatakan menderita HIV/AIDS oleh petugas kesehatan?,,,"(selected(${isNeonatal}, '1') or selected(${isChild}, '1'))",1,,,,,,
end group,,,,,,,,,,,,,
end group,,,,,,,,,,,,,
,,,,,,,,,,,,,
,,,,,,,,,,,,,
begin group,group4,Background and context,Latar Belakang dan Konteks,,,,,field-list,,,,,
select_one YES_NO_DK_REF,id4A100,"In the final days before death, did s/he travel to a hospital or health facility?","Dihari terakhir menjelang kematiannya, apakah almarhum/ah datang ke rumah sakit atau Fasilitas kesehatan?",,,,1,,,,,,
select_one YES_NO_DK_REF,id4A110,Did (s)he use motorised transport to get to the hospital or health facility?,Apakah almarhum/ah menggunakan transportasi roda dua atau empat menuju ke rumah sakit atau fisilitas kesehatan?,,,"selected(${id4A100}, 'yes')",1,,,,,,
select_one YES_NO_DK_REF,id4A120,Were there any problems during admission to the hospital or health facility?,Apakah ada masalah saat pendaftaran di rumah sakit atau fasilitas kesehatan?,,,"selected(${id4A100}, 'yes')",1,,,,,,
select_one YES_NO_DK_REF,id4A130,"Were there any problems with the way (s)he was treated (medical treatment, procedures, interpersonal attitudes, respect, dignity) in the hospital or health facility?","Apakah ada masalah saat almarhum/ah dirawat (Perawatan medis, prosedur, sikap interpersonal, rasa hormat, martabat) didalam rumah sakit atau fasilitas kesehatan?",,,"selected(${id4A100}, 'yes')",1,,,,,,
select_one YES_NO_DK_REF,id4A140,"Were there any problems getting medications, or diagnostic tests in the hospital or health facility?",Apakah ada masalah saat mendapatkan pengobatan atau saat dilakukan pemeriksaan di rumah sakit atau fasilitas kesehatan?,,,"selected(${id4A100}, 'yes')",1,,,,,,
select_one YES_NO_DK_REF,id4A150,Does it take more than 2 hours to get to the nearest hospital or health facility from the deceased's household?,Apakah membutuhkan waktu lebih dari 2 jam untuk membawa almarhum/ah menuju rumah sakit atau fasilitas kesehatan terdekat?,,,,1,,,,,,
select_one YES_NO_DK_REF,id4A160,"In the final days before death, were there any doubts about whether medical care was needed?","Dihari terakhir menjelang kematiannya, adakah keraguan tentang pengobatan yang diperlukan?",,,,1,,,,,,
select_one YES_NO_DK_REF,id4A170,"In the final days before death, was traditional medicine used?","Dihari terakhir menjelang kematiannya, apakah almarhum/ah mendapatkan pengobatan tradisional?",,,,1,,,,,,
select_one YES_NO_DK_REF,id4A180,"In the final days before death, did anyone use a telephone or cell phone to call for help?","Dihari terakhir menjelang kematiannya, adakah seseorang yang menelpon untuk memanggil bantuan?",,,,1,,,,,,
select_one YES_NO_DK_REF,id4A190,"Over the course of illness, did the total costs of care and treatment prohibit other household payments?","Selama menjalani pengobatan penyakit, apakah total pembiayaan pengobatan tersebut menyebabkan gangguan pada pembiayaan rumah tangga?",,,,1,,,,,,
end group,,,,,,,,,,,,,
,,,,,,,,,,,,,
,,,,,,,,,,,,,
,,,,,,,,,,,,,
begin group,group5,Optional open narrative,Tambahan Penjelasan Terbuka (Cerita),,,,,field-list,,,,,
text,id5A100,NARRATIVE DESCRIPTION,Penjelasan Narasi,,,,,multiline,,,,,
end group,,,,,,,,,,,,,
,,,,,,,,,,,,,
,,,,,,,,,,,,,
begin group,group6,Death certificate,Surat Keterangan Kematian,,,,,field-list,,,,,
select_one YES_NO_DK_REF,id6H260,Was a death certificate issued?,Dimana akte kematian tersebut dikeluarkan?,,,,1,,,,,,
select_one YES_NO_DK_REF,id6H270,Can I see the death certificate?,Bolehkah saya melihat akte kematian tersebut?,Fill in the following questions only if you are shown the copy of the certificate.  Do not fill in just based on oral statements.,Fill in the following questions only if you are shown the copy of the certificate.  Do not fill in just based on oral statements.,"selected(${id6H260}, 'yes')",1,,,,,,
text,id6H280,Record the immediate cause of death from the certificate (line 1a),Catat penyebab langsung kematian dari akte kematian (baris 1a),"An antecedent cause is the one that caused the one on the line above, e.g. diabetes mellitus may be an antecedent cause to kidney disease.",Penyebab awal adalah penyebab yang bisa menyebabkan sakit pada baris diatasnya. Contoh: Diabetes melitus bisa menjadi penyebab awal untuk penyakit ginjal.,"selected(${id6H270}, 'yes')",1,,,,,,
text,id6H280a,Duration (Ia):,Duration:,,,"selected(${id6H270}, 'yes')",,,,,,,
text,id6H290,Record the first antecedent cause of death from the certificate  (line 1b),Catat penyebab pertama kematian dari akte kematian (baris 1b),"For all following lines, add duration, if stated.","For all following lines, add duration, if stated.","selected(${id6H270}, 'yes')",,,,,,,
text,id6H290a,Duration (Ib):,Duration:,,,"selected(${id6H270}, 'yes')",,,,,,,
text,id6H300,Record the second antecedent cause of death from the certificate (line 1c),Catat penyebab kedua kematian dari akte kematian (baris 1c),,,"selected(${id6H270}, 'yes')",,,,,,,
text,id6H300a,Duration (Ic):,Duration:,,,"selected(${id6H270}, 'yes')",,,,,,,
text,id6H310,Record the third antecedent cause of death from the certificate (line 1d),Catat penyebab kematian ketiga dari akte kematian (baris 1d),,,"selected(${id6H270}, 'yes')",,,,,,,
text,id6H310a,Duration (Id):,Duration:,,,"selected(${id6H270}, 'yes')",,,,,,,
text,id6H320,Record the contributing cause(s) of death from the certificate (part 2),Catat penyebab lain yang berkontribusi/berperan terhadap kematian dari akte kematian (bagian 2),,,"selected(${id6H270}, 'yes')",,,,,,,
text,id6H320a,Duration (part2):,Duration:,,,"selected(${id6H270}, 'yes')",,,,,,,
end group,,,,,,,,,,,,,
