Variable,Data type,Threshold values,1st level question,2nd level question,3rd level question,4th level question,AGE_65-Plus,AGE_50-64,AGE_15-49,AGE_5_14Y,AGE_1_4Y,AGE1_11M,AGE_U28d,MALE,FEMALE,FEMALE 12-14Y,Notes for translators and interviewers,
1A,Section,,Information on the deceased ,,,,,,,,,,,,,,Important information for assessing cause of death and defining skip pattern.,
1A100,Text,,What was the name of the deceased?,,,,1,1,1,1,1,1,1,1,1,1,,
1A110,Single select,Male/Female,Was the deceased female or male?,,,,1,1,1,1,1,1,1,1,1,1,This can be derived from a general question about the sex of the deceased. Either male or female must be selected for every case. , 
1A110A,Calculated (Y/N/DNK),,Was the deceased male?,Male,,,1,1,1,1,1,1,1,1,1,1,,
1A110B,Calculated (Y/N/DNK),,Was the deceased female?,Female,,,1,1,1,1,1,1,1,1,1,1,,
1A200,Yes/No/DontKnow=1/0/9,,Is date of birth known?,,,,1,1,1,1,1,1,1,1,1,1," A reliable estimate of age at death must be  obtained for every case. This can either be calculated from known dates of birth and death, or reported as a known age at death. There is no point in proceeding beyond this point if sex and age at death cannot be determined. ",
1A210,Date,,,When was the deceased born?,,,1,1,1,1,1,1,1,1,1,1,,
1A220,Yes/No/DontKnow=1/0/9,,Is date of death known?,,,,1,1,1,1,1,1,1,1,1,1,,
1A230,Date,,,When did (s)he die?,,,1,1,1,1,1,1,1,1,1,1,,
1A240,Number [years],[0-130],,How many years old was (s)he at death?,,,1,1,1,1,1,1,1,1,1,1,,
1A250,Number [months],[0-12],,How many months old was (s)he at death?,,,1,1,1,1,1,1,1,1,1,1,,
1A260,Number [days],[0-31],,How many days old was (s)he at death?,,,1,1,1,1,1,1,1,1,1,1,,
1A260A,Calculated (Y/N/DNK),65+ years,,Was (s)he aged 65 years or over at death?,,,1,0,0,0,0,0,0,1,1,0,This can be derived from a general question about the age of the deceased at the time of death. Select this for someone aged 65 years or over at death.,
1A260B,Calculated (Y/N/DNK),50-64 years,,Was (s)he aged 50 to 64 years at death?,,,0,1,0,0,0,0,0,1,1,0,This can be derived from a general question about the age of the deceased at the time of death. Select this for someone aged 50 to 64 years at death.,
1A260C,Calculated (Y/N/DNK),15-49 years,,Was (s)he aged 15-49 years at death?,,,0,0,1,0,0,0,0,1,1,0,This can be derived from a general question about the age of the deceased at the time of death. Select this for someone aged 15-49 years at death.,
1A260D,Calculated (Y/N/DNK),5-14 years,,Was (s)he aged 5 to 14 years at death?,,,0,0,0,1,0,0,0,1,1,1,This can be derived from a general question about the age of the deceased at the time of death. Select this for someone aged 5 to 14 years at death.,
1A260E,Calculated (Y/N/DNK),1-4 years,,Was (s)he aged 1 to 4 years at death?,,,0,0,0,0,1,0,0,1,1,0,This can be derived from a general question about the age of the deceased at the time of death. Select this for someone aged 1 to 4 years at death.,
1A260F,Calculated (Y/N/DNK),1-11 months,,Was (s)he aged 1 to 11 months at death?,,,0,0,0,0,0,1,0,1,1,0,This can be derived from a general question about the age of the deceased at the time of death. Select this for someone aged 1 to 11 months at death.,
1A260G,Calculated (Y/N/DNK),≤28 days,,Was (s)he aged 28 days or less at death?,,,0,0,0,0,0,0,1,1,1,0,This can be derived from a general question about the age of the deceased at the time of death. Select this for someone aged 28 days or less at death.,
1A260H,Calculated (Y/N/DNK),≤24 hours,,Did the baby die within 24 hours of birth?,,,0,0,0,0,0,0,1,1,1,0,This can be derived from a general question about the age of a baby at the time of death. Select this for a baby who died within 24 hours of being born.,
1A260I,Calculated (Y/N/DNK),>24h to 48 hours,,Did baby die more than 24 hours after but less than 48 hours from birth?,,,0,0,0,0,0,0,1,1,1,0,This can be derived from a general question about the age of a baby at the time of death. Select this for a baby who died more than 24 hours but less than 48 hours of being born.,
1A260J,Calculated (Y/N/DNK),>48 hours to 6 days,,Did baby die more than 48 hours from birth but within the first week of life?,,,0,0,0,0,0,0,1,1,1,0,"This can be derived from a general question about the age of a baby at the time of death. Select this for a baby who died more than 48 hours after being born, but within the first week of life.",
1A260K,Calculated (Y/N/DNK),7 to 28 days,,"Did baby die after first week, but within first 28 days?",,,0,0,0,0,0,0,1,1,1,0,"This can be derived from a general question about the age of a baby at the time of death. Select this for a baby who died after the first week of life, but within the first month.",
1A260L,Calculated (Y/N/DNK),12 to 19 years and female,,Was this a woman aged 12 to 19 years at death?,,,0,0,1,1,0,0,0,0,1,1,This can be derived from a general question about the age of a woman who died. Select this category for a woman aged 12 to 19 years at death.,
1A260M,Calculated (Y/N/DNK),20 to 34 years and female,,Was this a woman aged 20-34 years at death?,,,0,0,1,0,0,0,0,0,1,0,This can be derived from a general question about the age of a woman who died. Select this category for a woman aged 20 to 34 years at death.,
1A260N,Calculated (Y/N/DNK),35 to 49 years and female,,Was this a woman aged 35-49 years at death?,,,0,0,1,0,0,0,0,0,1,0,This can be derived from a general question about the age of a woman who died. Select this category for a woman aged 35 to 49 years at death.,
1A400,Yes/No/DontKnow=1/0/9,,Was this a woman who died more than 42 days but less than 1 year after being pregnant or delivering a baby?,,,,0,0,1,1,0,0,0,0,1,1,Select this for a woman who died more than 42 days but less than 1 year after being pregnant or delivering a baby.,
1A500,Single select,Citizen by birth/Naturalized citizen/Alien/ DNK,What was her/his citizenship/nationality?,,,,1,1,1,1,1,1,1,1,1,1,Record the citizenship or nationality of the person who died.,
1A500A,Calculated (Y/N/DNK),Citizen by birth ,Was (s)he a citizen by birth?,,,,1,1,1,1,1,1,1,1,1,1,,
1A500B,Calculated (Y/N/DNK),Naturalized citizen,Was (s)he a naturalized citizen?,,,,1,1,1,1,1,1,1,1,1,1,,
1A500C,Calculated (Y/N/DNK),Alien,Was (s)he a foreign national?,,,,1,1,1,1,1,1,1,1,1,1,,
1A510,Text,,What was her/his ethnicity?,,,,1,1,1,1,1,1,1,1,1,1,"Record the ethnicity of the person who died, using locally accepted ethnic groups.",
1A520,Text,,What was her/his place of birth?,,,,1,1,1,1,1,1,1,1,1,1,Record her/his place of birth (country/province/village).,
1A530,Text,,What was her/his place of usual residence?,,,,1,1,1,1,1,1,1,1,1,1,Record her/his place of usual residence (country/province/village)..,
1A540,Text,,What was her/his place of normal residence 1 to 5 years before death?,,,,1,1,1,1,1,1,0,1,1,1,Record her/his place of normal residence 1 to 5 years before death (country/province/village)..,
1A550,Text,,Where did death occur?,,,,1,1,1,1,1,1,1,1,1,1,Record where the death occurred (country/province/village)..,
1A560,Single select,Hospital/Other health facility/home/other/DNK,What was the site of death?,,,,1,1,1,1,1,1,1,1,1,1,Record the site of the death.,
1A560A,Calculated (Y/N/DNK),Hospital ,Did (s)he die in a hospital?,,,,1,1,1,1,1,1,1,1,1,1,,
1A560B,Calculated (Y/N/DNK),Other health facility,Did (s)he die in another health facility?,,,,1,1,1,1,1,1,1,1,1,1,,
1A560C,Calculated (Y/N/DNK),Home ,Did (s)he die at home?,,,,1,1,1,1,1,1,1,1,1,1,,
1A560D,Calculated (Y/N/DNK),Other,Did (s)he die in another place?,,,,1,1,1,1,1,1,1,1,1,1,,
1A600,Single select,Single/Married/Divorced/Widowed/Too young/DNK,What was her/his marital status?,,,,1,1,1,1,0,0,0,1,1,1,Record the marital status of the person who died.,
1A600A,Calculated (Y/N/DNK),Single,Was the deceased single?,,,,1,1,1,1,0,0,0,1,1,1,,
1A600B,Calculated (Y/N/DNK),Married,Was the deceased married?,,,,1,1,1,1,0,0,0,1,1,1,,
1A600C,Calculated (Y/N/DNK),Divorced,Was the deceased divorced?,,,,1,1,1,1,0,0,0,1,1,1,,
1A600D,Calculated (Y/N/DNK),Widowed,Was the deceased widowed?,,,,1,1,1,1,0,0,0,1,1,1,,
1A600E,Calculated (Y/N/DNK),Too young,Was the deceased too young to be married?,,,,1,1,1,1,0,0,0,1,1,1,,
1A610,Date,,What was the date of marriage?,,,,1,1,1,1,0,0,0,1,1,1,"Record the date of marriage, for a married person.",
1A620,Text,,What was the name of the father?,,,,1,1,1,1,1,1,1,1,1,1,Record the father's name of the person who died.,
1A630,Text,,What was the name of the mother?,,,,1,1,1,1,1,1,1,1,1,1,Record the mother's name of the person who died.,
1A640,Single select,No formal education/Primary/Secondary/Higher/DNK,What was her/his highest level of schooling?,,,,1,1,1,1,1,0,0,1,1,1,Record the highest level of schooling for the person who died.,
1A640A,Calculated (Y/N/DNK),No formal education,Did (s)he have no formal education?,,,,1,1,1,1,1,0,0,1,1,1,,
1A640B,Calculated (Y/N/DNK),Primary,Was her/his highest level of schooling primary school?,,,,1,1,1,1,1,0,0,1,1,1,,
1A640C,Calculated (Y/N/DNK),Secondary,Was her/his highest level of schooling secondary school?,,,,1,1,1,1,1,0,0,1,1,1,,
1A640D,Calculated (Y/N/DNK),Higher,Was her/his highest level of schooling higher than secondary school?,,,,1,1,1,1,1,0,0,1,1,1,,
1A650,Yes/No/DontKnow=1/0/9,,Was (s)he able to read and write?,,,,1,1,1,1,0,0,0,1,1,1,Record the literacy status of the person who died.,
1A660,Single select,Mainly employed/Mainly unemployed/Home-maker/Student/Pension/Other/DNK,What was her/his economic activity status in year prior to death?,,,,1,1,1,1,0,0,0,1,1,1,"Record the main economic activity of the person who died, before they became ill.",
1A660A,Calculated (Y/N/DNK),Mainly employed,Was (s)he mainly employed in the year prior to death?,,,,1,1,1,1,0,0,0,1,1,1,,
1A660B,Calculated (Y/N/DNK),Mainly unemployed,Was (s)he mainly unemployed in the year prior to death?,,,,1,1,1,1,0,0,0,1,1,1,,
1A660C,Calculated (Y/N/DNK),Home-maker,Was (s)he working as a home.-maker in the year prior to death?,,,,1,1,1,1,0,0,0,1,1,1,,
1A660D,Calculated (Y/N/DNK),Student,Was (s)he a student in the year prior to death?,,,,1,1,1,1,0,0,0,1,1,1,,
1A660E,Calculated (Y/N/DNK),Pension,Did (s)he live on a pension in the year prior to death?,,,,1,1,1,1,0,0,0,1,1,1,,
1A660F,Calculated (Y/N/DNK),Other,Did (s)he have another economic activity in the year prior to death?,,,,1,1,1,1,0,0,0,1,1,1,,
1A670,Text,,"What was her/his occupation, that is, what kind of work did (s)he mainly do?",,,,1,1,1,1,0,0,0,1,1,1,Record the occupation of the person who died.,
1A7,Section,,Vital registration and certification,,,,,,,,,,,,,,These data allow linkage to vital registration ,
1A700,Text,,Death registration number/certificate,,,,1,1,1,1,1,1,1,1,1,1,Record the death registration number or certificate number.,
1A710,Date,,Date of registration      ,,,,1,1,1,1,1,1,1,1,1,1,Record the date of registering the death.,
1A720,Text, ,Place of registration                                   ,,,,1,1,1,1,1,1,1,1,1,1,Record the place of registering the death indicating the province/county/city/village and whether this was an urban or rural region. ,
1A730,Text,,National identification number of deceased,,,,1,1,1,1,1,1,1,1,1,1,"Record the National identification number of deceased, if available.",
2A,Section,,Information on the respondent,,,,,,,,,,,,,,This information is relevant to quality assurance.,
2A100,Text,,Name of VA respondent,,,,1,1,1,1,1,1,1,1,1,1,Record the name of VA respondent.,
2A110,Single select,Parent/Child/Other family/Friend/Health worker/Official/Other,Relationship of respondent to deceased,,,,1,1,1,1,1,1,1,1,1,1,Record the relationship of the VA respondent to the deceased.,
2A110A,Calculated (Y/N/DNK),Parent ,Is the respondent a parent of the deceased?,,,,1,1,1,1,1,1,1,1,1,1,,
2A110B,Calculated (Y/N/DNK),Child,Is the respondent a child of the deceased?,,,,1,1,1,1,1,1,1,1,1,1,,
2A110C,Calculated (Y/N/DNK),Other family,Is the respondent another family member of the deceased?,,,,1,1,1,1,1,1,1,1,1,1,,
2A110D,Calculated (Y/N/DNK),Friend,Is the respondent a friend of the deceased?,,,,1,1,1,1,1,1,1,1,1,1,,
2A110E,Calculated (Y/N/DNK),Health worker,Is the respondent a health worker?,,,,1,1,1,1,1,1,1,1,1,1,,
2A110F,Calculated (Y/N/DNK),Official,Is the respondent a public official?,,,,1,1,1,1,1,1,1,1,1,1,,
2A110G,Calculated (Y/N/DNK),Other,Is the respondent in any other kind of relationship to the deceased?,,,,1,1,1,1,1,1,1,1,1,1,,
2A115,Yes/No/DontKnow=1/0/9,,Did the respondent live with the deceased in the period leading to her/his death?,,,,1,1,1,1,1,1,1,1,1,1,Record whether the respondent lived with the deceased.,
2A120,Text,,Name of VA interviewer,,,,1,1,1,1,1,1,1,1,1,1,Record the name of VA interviewer.,
2A130,Time,,Time at start of interview,,,,1,1,1,1,1,1,1,1,1,1,,
2A140,Date,,Date of interview,,,,1,1,1,1,1,1,1,1,1,1,,
3A,Section,,Medical history associated with final illness,,,,,,,,,,,,,,,
3A100,Yes/No/DontKnow=1/0/9,,Was there any diagnosis of Tuberculosis?,,,,1,1,1,1,1,1,0,1,1,1,"This reflects a diagnosis of tuberculosis made at some kind of medical facility, which may pre-date the deceased's final illness.",
3A110,Yes/No/DontKnow=1/0/9,,Was there any diagnosis of HIV/AIDS?,,,,1,1,1,1,1,1,0,1,1,1,"This reflects a diagnosis of HIV or AIDS (including a positive HIV test) made at some kind of medical facility, which may pre-date the deceased's final illness.",
3A120,Yes/No/DontKnow=1/0/9,,Did (s)he have a recent positive test for malaria?,,,,1,1,1,1,1,1,0,1,1,1,This reflects a positive test for malaria within a week of death.,
3A130,Yes/No/DontKnow=1/0/9,,Did (s)he have a recent negative test for malaria?,,,,1,1,1,1,1,1,0,1,1,1,This reflects a negative test for malaria within a week of death.,
3A140,Yes/No/DontKnow=1/0/9,,Was there any diagnosis of Measles?,,,,1,1,1,1,1,1,0,1,1,1,"This reflects a diagnosis of measles made at some kind of medical facility, within a month of death.",
3A150,Yes/No/DontKnow=1/0/9,,Was there any diagnosis of High Blood pressure?,,,,1,1,1,1,0,0,0,1,1,1,"This reflects a diagnosis of hypertension, and may include long-term anti-hypertensive medication, which may pre-date the deceased's final illness. If the hypertension was only diagnosed during pregnancy, this should not be selected.",
3A160,Yes/No/DontKnow=1/0/9,,Was there any diagnosis of heart disease?,,,,1,1,1,1,1,1,0,1,1,1,"This reflects a diagnosis of heart disease made at some kind of medical facility, which may pre-date the deceased's final illness.",
3A170,Yes/No/DontKnow=1/0/9,,Was there any diagnosis of diabetes?,,,,1,1,1,1,1,1,0,1,1,1,"This reflects a diagnosis of diabetes made at some kind of medical facility, which may pre-date the deceased's final illness.",
3A180,Yes/No/DontKnow=1/0/9,,Was there any diagnosis of asthma?,,,,1,1,1,1,1,1,0,1,1,1,"This reflects a diagnosis of asthma made at some kind of medical facility, which may pre-date the deceased's final illness.",
3A190,Yes/No/DontKnow=1/0/9,,Was there any diagnosis of epilepsy?,,,,1,1,1,1,1,1,0,1,1,1,"This reflects a diagnosis of epilepsy made at some kind of medical facility, which may pre-date the deceased's final illness.",
3A200,Yes/No/DontKnow=1/0/9,,Was there any diagnosis of cancer?,,,,1,1,1,1,1,0,0,1,1,1,"This reflects a diagnosis of cancer made at some kind of medical facility, which may pre-date the deceased's final illness.",
3A210,Yes/No/DontKnow=1/0/9,,Was there any diagnosis of Chronic Obstructive Pulmonary Disease (COPD)?,,,,1,1,1,0,0,0,0,1,1,0,"This reflects a diagnosis of chronic obstructive pulmonary disease (COPD) made at some kind of medical facility, which may pre-date the deceased's final illness.",
3A220,Yes/No/DontKnow=1/0/9,,Was there any diagnosis of dementia?,,,,1,1,1,0,0,0,0,1,1,0,"This reflects a diagnosis of dementia made at some kind of medical facility, which may pre-date the deceased's final illness.",
3A230,Yes/No/DontKnow=1/0/9,,Was there any diagnosis of depression?,,,,1,1,1,0,0,0,0,1,1,0,"This reflects a diagnosis of clinical depression, which may have been relevant to the final illness.",
3A240,Yes/No/DontKnow=1/0/9,,Was there any diagnosis of stroke?,,,,1,1,1,1,0,0,0,1,1,1,"This reflects a diagnosis of stroke made at some kind of medical facility, which may pre-date the deceased's final illness.",
3A250,Yes/No/DontKnow=1/0/9,,Was there any diagnosis of sickle cell disease?,,,,1,1,1,1,1,1,0,1,1,1,"This reflects a diagnosis of sickle cell disease made at some kind of medical facility, which may pre-date the deceased's final illness.",
3A260,Yes/No/DontKnow=1/0/9,,Was there any diagnosis of kidney disease?,,,,1,1,1,1,1,0,0,1,1,1,"This reflects a diagnosis of kidney disease made at some kind of medical facility, which may pre-date the deceased's final illness.",
3A270,Yes/No/DontKnow=1/0/9,,Was there any diagnosis of liver disease?,,,,1,1,1,1,0,0,0,1,1,1,"This reflects a diagnosis of liver disease made at some kind of medical facility, which may pre-date the deceased's final illness.",
3A280,Yes/No/DontKnow=1/0/9,,Did (s)he die during the wet season?,,,,1,1,1,1,1,1,1,1,1,1,"Select one of these according to local conditions, with wet season covering months of usual rainfall and immediate aftermath, and dry season covering months with no or very little expected rainfall.",
3A290,Yes/No/DontKnow=1/0/9,,Did (s)he die during the dry season?,,,,1,1,1,1,1,1,1,1,1,1,"Select one of these according to local conditions, with wet season covering months of usual rainfall and immediate aftermath, and dry season covering months with no or very little expected rainfall.",
3A300,Number [weeks],[0-999],For how long was (s)he ill before (s)he died?,,,,1,1,1,1,1,1,1,1,1,1,This reflects the time period that the deceased started feeling ill with onset of symptoms until the time of death.,
3A300A,Calculated (Y/N/DNK),< 3 weeks,Was (s)he ill for less than 3 weeks before death?,,,,1,1,1,1,1,1,1,1,1,1,Select this if the final illness lasted less than 3 weeks.,
3A300B,Calculated (Y/N/DNK), ≥ 3 weeks,Was (s)he ill for 3 weeks or more before death?,,,,1,1,1,1,1,1,1,1,1,1,Select this if the final illness lasted 3 weeks or more.,
3A310,Yes/No/DontKnow=1/0/9,,Did (s)he die suddenly?,,,,1,1,1,1,1,1,1,1,1,1,"Select this either if the final illness lasted less than a day, or if the final illness seemed to be progressing well and death was not expected.",
3B,Section,,General signs and symptoms associated with final illness,,,,,,,,,,,,,,,
3B100,Yes/No/DontKnow=1/0/9,,Did (s)he have a fever?,,,,1,1,1,1,1,1,1,1,1,1,Select this if there were any signs of fever during the final illness.,
3B110,Number [weeks],[0-99],,For how long did (s)he have a fever?,,,1,1,1,1,1,1,0,1,1,1,"This reflects the period of time that the deceased had fever during the final illness, continuously or on and off.",
3B110A,Calculated (Y/N/DNK),< 2 weeks,,Did (s)he have fever for less than 2 weeks before death?,,,1,1,1,1,1,1,0,1,1,1,Select this is if the fever lasted less than 2 weeks.,
3B110B,Calculated (Y/N/DNK), ≥ 2 weeks,,Did (s)he have fever for 2 weeks or more before death?,,,1,1,1,1,1,1,0,1,1,1,Select this if the fever lasted 2 weeks or more.,
3B120,Yes/No/DontKnow=1/0/9,,,Did (s)he have night sweats?,,,1,1,1,1,1,0,0,1,1,1,"If the ""any fever"" indicator is selected, select this one if the deceased particularly experienced heavy night sweats.",
3B130,Yes/No/DontKnow=1/0/9,,Did (s)he have a cough?,,,,1,1,1,1,1,1,1,1,1,1,Select this if there was any cough during the final illness.,
3B140,Number [weeks],[0-99],,For how long did (s)he have a cough?,,,1,1,1,1,1,1,0,1,1,1,This reflects the duration of cough during the final illness.,
3B140A,Calculated (Y/N/DNK),< 3 weeks,,Did (s)he have a cough for less than 3 weeks before death?,,,1,1,1,1,1,1,0,1,1,1,Select this if the cough lasted less than 3 weeks.,
3B140B,Calculated (Y/N/DNK),≥ 3 weeks,,Did (s)he have a cough for 3 weeks or more before death?,,,1,1,1,1,1,1,0,1,1,1,Select this if the cough lasted 3 weeks or more.,
3B150,Yes/No/DontKnow=1/0/9,,,"Was the cough productive, with sputum?",,,1,1,1,1,1,0,0,1,1,1,"If the ""any cough"" indicator is selected, select this one if the deceased regularly coughed up sputum or mucus.",
3B160,Yes/No/DontKnow=1/0/9,,,Did (s)he cough up blood?,,,1,1,1,1,1,0,0,1,1,1,"If the ""any cough"" indicator is selected, select this one if the deceased coughed up blood.",
3B170,Yes/No/DontKnow=1/0/9,,,Did (s)he make a whooping sound when coughing?,,,0,0,0,0,1,1,1,1,1,0,"If the ""any cough"" indicator is selected, select this one if the deceased experienced paroxysms of coughing associated with the characteristic whooping sound of pertussis. Ideally imitate a whoop as it is difficult to describe. Maybe have a audio recording with you.",
3B180,Yes/No/DontKnow=1/0/9,,Did (s)he have any breathing problem?,,,,1,1,1,1,1,1,1,1,1,1,Select this if there were any problems of breathing during the final illness (before the moment of death).,
3B190,Yes/No/DontKnow=1/0/9,,,Did (s)he have fast breathing?,,,1,1,1,1,1,1,1,1,1,1,"If the ""any breathing problem"" indicator is selected, select this one if the deceased was an infant or child who was breathing much faster than normal.",
3B200,Weeks,[0-99],,,For how long did (s)he have fast breathing?,,1,1,1,1,1,1,1,1,1,1,This reflects the time period that the deceased suffered from breathing much faster than normal during the final illness.,
3B200A,Calculated (Y/N/DNK),< 2 weeks,,,Did (s)he have fast breathing for less than 2 weeks?,,1,1,1,1,1,1,1,1,1,1,Select this if the fast breathing lasted for less than 2 weeks.,
3B200B,Calculated (Y/N/DNK), ≥ 2 weeks,,,Did (s)he have fast breathing for 2 weeks or more?,,1,1,1,1,1,1,0,1,1,1,Select this if the fast breathing lasted for 2 weeks or more.,
3B210,Yes/No/DontKnow=1/0/9,,,Did (s)he have breathlessness?,,,1,1,1,1,1,1,1,1,1,1,Select this if the deceased had difficulty breathing and was out of breath during the final illness.,
3B220,Weeks,[0-99],,,For how long did (s)he have breathlessness?,,1,1,1,1,1,1,1,1,1,1,This reflects the time period during the final illness that the deceased had difficulty breathing.,
3B220A,Calculated (Y/N/DNK),< 2 weeks,,,Did (s)he have breathlessness for less than 2 weeks?,,1,1,1,1,1,1,1,1,1,1,Select this if the breathlessness lasted for less than 2 weeks.,
3B220B,Calculated (Y/N/DNK),≥ 2 weeks,,,Did (s)he have breathlessness for 2 weeks or more?,,1,1,1,1,1,1,0,1,1,1,Select this if the breathlessness lasted for 2 weeks or more.,
3B230,Yes/No/DontKnow=1/0/9,,,,Was (s)he unable to carry out daily routines due to breathlessness?,,1,1,1,1,1,1,0,1,1,1,"If the ""any breathing problem"" indicator is selected, select this one if the deceased found it particularly difficult to breathe when physically active, e.g. walking, going up steps.",
3B240,Yes/No/DontKnow=1/0/9,,,,Was (s)he breathless while lying flat?,,1,1,1,1,1,0,0,1,1,1,"If the ""any breathing problem"" indicator is selected, select this one if the deceased found it particularly difficult to breathe even when lying down to rest.",
3B250,Yes/No/DontKnow=1/0/9,,,Did you see the lower chest wall/ribs being pulled in as the child breathed?,,,0,0,0,1,1,1,1,1,1,1,If the lower ribs of chest wall on both sides of the chest are pulled in when the child breathes in.,
3B260,Yes/No/DontKnow=1/0/9,,,Did (s)he have noisy breathing (grunting or wheezing)?,,,1,1,1,1,1,1,1,1,1,1,"If the ""any breathing problem"" indicator is selected, select this one if the deceased was making wheezing sounds as they breathed (or grunting sounds on breathing in small babies).",
3B270,Yes/No/DontKnow=1/0/9,,Did (s)he have severe chest pain?,,,,1,1,1,1,1,0,0,1,1,1,"Select this for older children or adults who were experiencing severe pain in their chests, making other activities impossible.",
3B280,Yes/No/DontKnow=1/0/9,,Did (s)he have diarrhoea?,,,,1,1,1,1,1,1,1,1,1,1,Select this if there was any diarrhoea during the final illness.,
3B290,Weeks,[0-99],,For how long did (s)he have diarrhoea?,,,1,1,1,1,1,1,0,1,1,1,This reflects the time period during which the deceased suffered from diarrhoea.,
3B290A,Calculated (Y/N/DNK),acute < 2 wks.,,Did (s)he have diarrhoea for less than 2 weeks?,,,1,1,1,1,1,1,0,1,1,1,Select this if the diarrhoea lasted for less than 2 weeks.,
3B290B,Calculated (Y/N/DNK),persistent 2-4 wks.,,Did (s)he have diarrhoea for 2 to 4 weeks?,,,1,1,1,1,1,1,0,1,1,1,"Select this if the diarrhoea lasted for 2 to 4 weeks, not necessarily every day.",
3B290C,Calculated (Y/N/DNK),recurrent ≥ 4 wk.,,Did (s)he have diarrhoea for 4 weeks or more?,,,1,1,1,1,1,1,0,1,1,1,"Select this if the diarrhoea lasted more than 4 weeks, not necessarily every day.",
3B300,Yes/No/DontKnow=1/0/9,,,At any time during the final illness was there blood in the stools?,,,1,1,1,1,1,1,1,1,1,1,"If the ""any diarrhoea"" indicator is selected, select this one if the diarrhoea contained blood.",
3B310,Yes/No/DontKnow=1/0/9,,Did (s)he vomit?,,,,1,1,1,1,1,1,1,1,1,1,Select this if there was any vomiting during the final illness.,
3B320,Yes/No/DontKnow=1/0/9,,,"Did (s)he vomit ""coffee grounds"" or bright red/blood?",,,1,1,1,1,1,1,1,1,1,1,"If the ""any vomiting"" indicator is selected, select this one if the vomit contained blood.  The point is to identify if there was any bleeding of the upper gastrointestinal tract.  Whereas strong and acute bleeding might show as fresh or coagulated blood, less strong bleeding would expose the blood some time to gastric acid, and then it would look like ground coffee (particles of a size between 0.5-2 mm of black or dark brown colour).  In local languages there may be other analogies to describe this kind of presentation of blood.",
3B330,Yes/No/DontKnow=1/0/9,,Did (s)he have any abdominal problem?,,,,1,1,1,1,1,1,0,1,1,1,Select this if any abdominal problem has been present.,
3B340,Yes/No/DontKnow=1/0/9,,,Did (s)he have severe abdominal pain?,,,1,1,1,1,1,0,0,1,1,1,"If the ""any abdominal problem"" indicator is selected, select this one if severe abdominal pain was present during the final illness.",
3B350,Weeks,[0-99],,,For how long before death did (s)he have severe abdominal pain?,,1,1,1,1,1,0,0,1,1,1,This reflects the time period during the final illness that the deceased suffered from severe abdominal pain.,
3B350A,Calculated (Y/N/DNK),< 2 weeks,,,Did (s)he have severe abdominal pain for less than 2 weeks?,,1,1,1,1,1,0,0,1,1,1,Select this if the severe abdominal pain lasted for less than 2 weeks.,
3B350B,Calculated (Y/N/DNK), ≥ 2 weeks,,,Did (s)he have severe abdominal pain for 2 weeks or more?,,1,1,1,1,1,0,0,1,1,1,Select this if the severe abdominal pain lasted for 2 weeks or more.,
3B360,Yes/No/DontKnow=1/0/9,,,Did (s)he have a more than usually protruding abdomen?,,,1,1,1,1,1,1,1,1,1,1,"Select this if there is abnormal distension or protrusion of the abdomen. The word abdomen sounds like medical language, and for interviews in English another term might be used to reflect the wording used by the local population, e.g. belly. The best wording here will always depend on the  local language. ",
3B370,Weeks,[0-99],,,For how long did (s)he have a more than usually protruding abdomen?,,1,1,1,1,1,1,0,1,1,1,This reflects the time period during the final illness in which the deceased had a more than usual protruding abdomen. The best wording would depend on the local language.,
3B370A,Calculated (Y/N/DNK),< 2 weeks,,,Did (s)he have a more than usually protruding abdomen for less than 2 weeks?,,1,1,1,1,1,1,0,1,1,1,Select this if the more than usually protruding abdomen lasted for less than 2 weeks.,
3B370B,Calculated (Y/N/DNK), ≥ 2 weeks,,,Did (s)he have a more than usually protruding abdomen for 2 weeks or more?,,1,1,1,1,1,1,0,1,1,1,Select this if the more than usually protruding abdomen lasted for 2 weeks or more.,
3B380,Yes/No/DontKnow=1/0/9,,,Did (s)he have any mass in the abdomen?,,,1,1,1,1,1,1,0,1,1,1,"If the ""any abdominal problem"" indicator is selected, select this one if there was mass in the abdomen during the final illness. The abdominal mass would present  as a localized enlargement/swelling in the abdominal area.",
3B390,Weeks,[0-99],,,For how long did (s)he have the lump inside the abdomen?,,1,1,1,1,1,1,0,1,1,1,This reflects the time period during the final illness in which the deceased had a lump inside the abdomen.,
3B390A,Calculated (Y/N/DNK),< 2 weeks,,,Did (s)he have a lump inside the abdomen for less than 2 weeks?,,1,1,1,1,1,1,0,1,1,1,Select this if the lump inside the abdomen lasted for less than 2 weeks.,
3B390B,Calculated (Y/N/DNK), ≥ 2 weeks,,,Did (s)he have a lump inside the abdomen for 2 weeks or more?,,1,1,1,1,1,1,0,1,1,1,Select this if the lump inside the abdomen lasted for 2 weeks or more.,
3B400,Yes/No/DontKnow=1/0/9,,Did (s)he have a severe headache?,,,,1,1,1,1,1,0,0,1,1,1,Select this if headache was present during the final illness.,
3B405,Yes/No/DontKnow=1/0/9,,Did (s)he have a stiff or painful neck?,,,,1,1,1,1,1,1,0,1,1,1,Select this if neck stiffness was present in the final illness. This can be characterised by a difficulty in moving the neck.,
3B410,Number [weeks],[0-99],,For how long did (s)he have a stiff or painful neck?,,,1,1,1,1,1,1,0,1,1,1,This reflects the time period during the final illness during which the deceased suffered from neck pain or stiffness.,
3B410A,Calculated (Y/N/DNK),< 1 week,,Did (s)he have a stiff or painful neck for less than 1 week?,,,1,1,1,1,1,1,0,1,1,1,Select this if the stiff or painful neck lasted for less than 1 week.,
3B410B,Calculated (Y/N/DNK), ≥ 1 week,,Did (s)he have a stiff or painful neck for 1 week or more?,,,1,1,1,1,1,1,0,1,1,1,Select this if the stiff or painful neck lasted for 2 weeks or more.,
3B420,Yes/No/DontKnow=1/0/9,,Did (s)he have mental confusion?,,,,1,1,1,0,0,0,0,1,1,0,"This reflects a diagnosis of memory loss or confusion made at some kind of medical facility, or cognitive problems which were evident to the respondent, which may pre-date the deceased's final illness.",
3B430,Number [months],[0-99],,For how long did (s)he have mental confusion? ,,,1,1,1,0,0,0,0,1,1,0,"This reflects the period of time lasting the symptoms of mental confusion (e.g. loss of orientation, memory loss, loss of ability to focus attention, hallucinations, paranoia, aggressive behaviour).",
3B430A,Calculated (Y/N/DNK),≥ 3 months,,Did (s)he have mental confusion for 3 months or more?,,,1,1,1,0,0,0,0,1,1,0,Select this if the mental confusion lasted for 3 months or more.,
3B440,Yes/No/DontKnow=1/0/9,,Was (s)he unconscious for more than 24 hours before death?,,,,1,1,1,1,1,1,0,1,1,1,"Select this if there was a coma or unconsciousness for at least the final 24 hours before death, or at an earlier stage of the final illness (possibly with return of consciousness).",
3B450,Yes/No/DontKnow=1/0/9,,,"Did the unconsciousness start suddenly, quickly (at least within a single day)?",,,1,1,1,1,1,1,0,1,1,1,This reflects the way the deceased became unconscious.,
3B460,Yes/No/DontKnow=1/0/9,,Did (s)he have convulsions?,,,,1,1,1,1,1,1,1,1,1,1,Select this if there were convulsions or fits during the final illness. It should NOT be selected for fits at a much earlier time (in which case consider a possible earlier diagnosis of epilepsy) and should NOT be selected for fits that were only seen during pregnancy (in which case see separate indicator).,
3B470,Number [minutes],[0-60],,For how long did the convulsions last?,,,1,1,1,1,1,1,0,1,1,1,This reflects the approximate duration in minutes of convulsion episodes suffered by the deceased.  ,
3B470A,Calculated (Y/N/DNK),< 10 minutes,,Did the convulsions last for less than 10 minutes?,,,1,1,1,1,1,1,0,1,1,1,Select this if the convulsions lasted for less than 10 minutes.,
3B470B,Calculated (Y/N/DNK),≥ 10 minutes,,Did the convulsions last for 10 minutes or more?,,,1,1,1,1,1,1,0,1,1,1,Select this if the convulsions lasted for 10 minutes or more.,
3B480,Yes/No/DontKnow=1/0/9,,,Did (s)he become unconscious immediately after the convulsion?,,,1,1,1,1,1,1,0,1,1,1,"If the ""any convulsions or fits"" indicator is selected, select this one if the person became unconscious immediately after the convulsions.",
3B490,Yes/No/DontKnow=1/0/9,,Did (s)he have any urine problems?,,,,1,1,1,1,1,1,0,1,1,1,Select this if there was any problem relating to urine during the final illness.,
3B500,Yes/No/DontKnow=1/0/9,,,Did (s)he pass no urine at all?,,,1,1,1,1,1,1,0,1,1,1,"Select this if ""any urine problem"" is selected and there was no urine produced during at least part of the final illness.",
3B510,Yes/No/DontKnow=1/0/9,,,Did (s)he go to urinate more often than usual?,,,1,1,1,1,1,0,0,1,1,1,"Select this if ""any urine problem"" is selected and urination was much more frequent than normal during the final illness.",
3B520,Yes/No/DontKnow=1/0/9,,,During the final illness did (s)he ever pass blood in the urine?,,,1,1,1,1,1,1,0,1,1,1,"Select this if ""any urine problem"" is selected and the urine contained blood at any time during the final illness.",
3B530,Yes/No/DontKnow=1/0/9,,Did (s)he have any skin problems?,,,,1,1,1,1,1,1,1,1,1,1,Select this if there was any skin problem during the final illness.,
3B540,Yes/No/DontKnow=1/0/9,,,"Did (s)he have any ulcers, abscess or sores anywhere except on the feet?",,,1,1,1,1,1,1,1,1,1,1,"If the ""any skin problem"" indicator is selected, select this one if there were any ulcers or lesions on the skin, except specifically on the feet.",
3B550,Yes/No/DontKnow=1/0/9,,,"Did (s)he have any ulcers, abscess or sores on the feet that were not also on other parts of the body?",,,1,1,1,1,1,1,1,1,1,1,"If the ""any skin problem"" indicator is selected, select this one if there were any ulcers or lesions exclusively on the feet.",
3B560,Yes/No/DontKnow=1/0/9,,,"During the illness that led to death, did (s)he have any skin rash?",,,1,1,1,1,1,1,1,1,1,1,"If the ""any skin problem"" indicator is selected, select this one if there was any kind of skin rash anywhere on the body, which was not specifically described as measles or herpes zoster (shingles).",
3B570,Weeks,[0-99],,,For how long did (s)he have the skin rash?,,1,1,1,1,1,0,0,1,1,1,"This reflects the time period during which the deceased had a skin rash, independent of the type of skin rash.",
3B570A,Calculated (Y/N/DNK),< 1 week,,,Did (s)he have the skin rash for less than 1 week?,,1,1,1,1,1,0,0,1,1,1,Select this if the skin rash lasted less than 1 week.,
3B570B,Calculated (Y/N/DNK),≥ 1 week,,,Did (s)he have the skin rash for 1 week or more?,,1,1,1,1,1,0,0,1,1,1,Select this if the skin rash lasted 1 week or more,
3B580,Yes/No/DontKnow=1/0/9,,,,Did (s)he have measles rash?,,1,1,1,1,1,1,1,1,1,1,"If the ""any skin problem"" indicator is selected, select this one if the skin problem was described as measles rash.",
3B590,Yes/No/DontKnow=1/0/9,,,,Did (s)he ever have shingles or herpes zoster?,,1,1,1,1,1,0,0,1,1,1,"If the ""any skin problem"" indicator is selected, select this one if the skin problem was described as herpes zoster or shingles.",
3B600,Yes/No/DontKnow=1/0/9,,"Did (s)he bleed from the nose, mouth or anus?",,,,1,1,1,1,1,1,0,1,1,1,"Select this if there was bleeding from the mouth, nose or anus during the final illness.",
3B610,Yes/No/DontKnow=1/0/9,,Did (s)he have noticeable weight loss?,,,,1,1,1,1,1,1,0,1,1,1,Select this if weight loss occurred during the final illness.,
3B620,Yes/No/DontKnow=1/0/9,,,Was (s)he severely thin or wasted?,,,1,1,1,1,1,1,0,1,1,1,"Select this if ""any weight loss"" is selected and the extent of the weight loss was sufficiently serious to amount to severe wasting.",
3B630,Yes/No/DontKnow=1/0/9,,Did (s)he have mouth sores or white patches in the mouth or on the tongue?,,,,1,1,1,1,1,1,0,1,1,1,Select this if oral candidiasis (white spots in the mouth) was present during the final illness.,
3B640,Yes/No/DontKnow=1/0/9,,Did (s)he have stiffness of the whole body or was unable to open the mouth?,,,,1,1,1,1,1,1,0,1,1,1,"Select this if there was either rigidity of the body (limbs, neck, etc. not able to move) or if it was not possible to open the mouth (lockjaw) during the final illness.",
3B650,Yes/No/DontKnow=1/0/9,,Did (s)he have swelling (puffiness) of the face?,,,,1,1,1,1,1,0,0,1,1,1,Select this if there was facial swelling during the final illness.,
3B660,Yes/No/DontKnow=1/0/9,,Did (s)he have both feet swollen?,,,,1,1,1,1,1,0,0,1,1,1,"Select this if both feet or ankles or legs were swollen during the final illness - but NOT if only one was swollen, for example following an accident.",
3B670,Yes/No/DontKnow=1/0/9,,Did (s)he have any lumps?,,,,1,1,1,1,1,1,0,1,1,1,"Select this if there was any localised lump or lesion on any part of the body, either at the time of death, or surgically removed prior to death.",
3B680,Yes/No/DontKnow=1/0/9,,,Did (s)he have any lumps or lesions in the mouth?,,,1,1,1,1,1,1,0,1,1,1,"Select this is ""any localised lump or lesion"" is selected and the lump or lesion was located in the mouth.",
3B690,Yes/No/DontKnow=1/0/9,,,Did (s)he have any lumps on the neck?,,,1,1,1,1,1,1,0,1,1,1,"Select this is ""any localised lump or lesion"" is selected and the lump or lesion was located in the neck.",
3B700,Yes/No/DontKnow=1/0/9,,,Did (s)he have any lumps on the armpit?,,,1,1,1,1,1,1,0,1,1,1,"Select this is ""any localised lump or lesion"" is selected and the lump or lesion was located in the armpit(s).",
3B710,Yes/No/DontKnow=1/0/9,,,Did (s)he have any lumps on the groin?,,,1,1,1,1,1,0,0,1,1,1,"Select this is ""any localised lump or lesion"" is selected and the lump or lesion was located in the groin or genitals.",
3B720,Yes/No/DontKnow=1/0/9,,,Did she have an ulcer or swelling in the breast?,,,1,1,1,0,0,0,0,0,1,0,"Select this is ""any localised lump or lesion"" is selected and the lump or lesion was located in the breast - only applies to adult females.",
3B730,Yes/No/DontKnow=1/0/9,,Did (s)he have paralysis of one side of the body?,,,,1,1,1,1,0,0,0,1,1,1,Select this if there was some degree of paralysis or weakness on one side of the body - possibly affecting the face (maybe causing difficulties in swallowing or talking) or arms/hands or legs/feet.,
3B740,Yes/No/DontKnow=1/0/9,,Did (s)he have difficulty or pain while swallowing liquids?,,,,1,1,1,1,0,0,0,1,1,1,Select this if there was difficulty or pain in swallowing liquids during the final illness.,
3B750,Yes/No/DontKnow=1/0/9,,Did (s)he have yellow discoloration of the eyes?,,,,1,1,1,1,1,1,0,1,1,1,Select this if the white parts of the deceased's eyes had turned distinctly yellow in colour (and possibly yellow soles of the feet for small babies).,
3B760,Yes/No/DontKnow=1/0/9,,Did her/his hair colour change to reddish or yellowish?,,,,1,1,1,1,1,0,0,1,1,1,Select this if there was an abnormal change in hair colour - possibly becoming reddish or paler - during the final illness.,
3B770,Yes/No/DontKnow=1/0/9,,"Did (s)he look pale (thinning/lack of blood) or have pale palms, eyes or nail beds?",,,,1,1,1,1,1,0,0,1,1,1,"Select this if either blood test results indicated anaemia or low haemoglobin levels, or if the person was unusually pale (inner eyelids, palms of hands, soles of feet) during the final illness.",
3B780,Yes/No/DontKnow=1/0/9,,Did (s)he have sunken eyes?,,,,0,0,0,0,1,1,0,1,1,0,Select this if the eyes were unusually sunken into the face during the final illness.,
3B790,Yes/No/DontKnow=1/0/9,,Did (s)he drink a lot more water than usual?,,,,1,1,1,1,1,0,0,1,1,1,Select this if the person drank a lot more water than usual during the final illness.,
3B800,Yes/No/DontKnow=1/0/9,,Did she have excessive vaginal bleeding in between menstrual periods?,,,,0,0,1,1,0,0,0,0,1,1,Select this for a woman aged 12-50 years who had vaginal bleeding in between menstrual periods.,
3B810,Yes/No/DontKnow=1/0/9,,Did her vaginal bleeding stopped naturally during menopause?,,,,1,1,1,0,0,0,0,0,1,0,Select this for a woman (probably aged 40 years or over) whose normal vaginal bleeding (menstrual periods) had stopped naturally.,
3B820,Yes/No/DontKnow=1/0/9,,Did she have vaginal bleeding after menopause?,,,,1,1,1,0,0,0,0,0,1,0,"Select this for a woman (probably aged 40 years or over) whose normal vaginal bleeding had stopped naturally, but who later experienced further vaginal bleeding (not menstrual periods).",
3C,Section,,Signs and symptoms associated with pregnancy,,,,,,,,,,,,,,,
3C100,Single select Yes/No/DontKnow=1/0/9,"only one of the questions 3C100-130 can be answered with ""yes""","Was she neither pregnant, nor delivered, within 6 weeks of her death?",,,,0,0,1,0,0,0,0,0,1,1,Select this for a woman aged 12-50 years who was reported not to have been pregnant or to have delivered within 6 weeks of her death,
3C110,Single select Yes/No/DontKnow=1/0/9,"only one of the questions 3C100-130 can be answered with ""yes""",Was she pregnant at the time of death?,,,,0,0,1,0,0,0,0,0,1,1,"Select this for a woman aged 12-50 years who was reported to have been pregnant at the time of her death. This means that a foetus, either at an early stage of pregnancy or nearer full term, remained inside her body at the time of death. This includes a woman who dies undelivered during labour.",
3C120,Single select Yes/No/DontKnow=1/0/9,"only one of the questions 3C100-130 can be answered with ""yes""",Did she die within 6 weeks of giving birth?,,,,0,0,1,0,0,0,0,0,1,1,"Select this for a woman aged 12-50 years who was reported to have delivered a baby within 6 weeks of her death. This means one or more potentially viable babies, born either dead or alive, were delivered in the previous 6 weeks.",
3C130,Single select Yes/No/DontKnow=1/0/9,"only one of the questions 3C100-130 can be answered with ""yes""",Did she die within 6 weeks of a pregnancy that lasted less than 6 months?,,,,0,0,1,0,0,0,0,0,1,1,"Select this for a woman aged 12-50 years who was reported to have been at an early stage (first 6 months) of pregnancy within 6 weeks of her death, but the pregnancy had ended in a spontaneous or induced abortion at a stage before the foetus was viable.",
3C200,Yes/No/DontKnow=1/0/9,,,Did she die within 24 hours after delivery?,,,0,0,1,0,0,0,0,0,1,1,Select this for a woman aged 12-50 years who was reported to have delivered a baby and then died within 24 hours of the delivery.,
3C210,Yes/No/DontKnow=1/0/9,,,"Did she die during labour, but undelivered?",,,0,0,1,0,0,0,0,0,1,1,"Select this for a woman aged 12-50 years who was reported to have been pregnant at the time of her death, who had gone into labour, and who died before a baby was delivered.",
3C220,Yes/No/DontKnow=1/0/9,,,Was she breastfeeding at death?,,,0,0,1,0,0,0,0,0,1,1,Select this for a woman aged 12-50 years who was reported to have been breast-feeding her youngest child at the time of her final illness.,
3C230,Number [births],[0-99],,"How many births, including stillbirths, did she/the mother have before this baby?",,,0,0,1,0,0,0,0,0,1,1,Record the number of births this woman had before the present one (twins count as one birth in this context),
3C230A,Calculated (Y/N/DNK),0 (first pregnancy),,Was this the woman's first pregnancy?,,,0,0,1,0,0,0,0,0,1,1,Select this for a woman aged 12-50 years who was reported to have been pregnant for the first time.,
3C230B,Calculated (Y/N/DNK),≥4 (4 or more previous pregnancies),,"Did she have four or more births, including stillbirths, before this pregnancy?",,,0,0,1,0,0,0,0,0,1,1,"Select this for a woman aged 12-50 years who before any current pregnancy had 4 (including stillbirths) or more pregnancies, or who died during her current pregnancy, or within 6 weeks of her current pregnancy ending.",
3C240,Yes/No/DontKnow=1/0/9,,,Did she have any previous Caesarean section?,,,0,0,1,0,0,0,0,0,1,1,Select this for a woman aged 12-50 years who had delivered a baby by Caesarean section in any of her previous pregnancies.,
3C250,Yes/No/DontKnow=1/0/9,,,Did she die during or after a multiple pregnancy?,,,0,0,1,0,0,0,0,0,1,1,"Select this for a woman aged 12-50 years who died while pregnant with twins (or triplets, etc.) or within 6 weeks of a multiple pregnancy ending.",
3C260,Yes/No/DontKnow=1/0/9,,,"During pregnancy, did she suffer from high blood pressure?",,,0,0,1,0,0,0,0,0,1,1,Select this for a woman aged 12-50 years who was diagnosed with high blood pressure specifically during her pregnancy.,
3C270,Yes/No/DontKnow=1/0/9,,,Did she have foul smelling vaginal discharge during pregnancy or after delivery?,,,0,0,1,0,0,0,0,0,1,1,"Select this for a woman aged 12-50 years who was known to have had a foul-smelling vaginal discharge, either during pregnancy, or  after delivery.",
3C280,Yes/No/DontKnow=1/0/9,,,"During the last 3 months of pregnancy, did she suffer from convulsions?",,,0,0,1,0,0,0,0,0,1,1,Select this for a woman aged 12-50 years who was known to have had fits specifically during her pregnancy.,
3C290,Yes/No/DontKnow=1/0/9,,,During the last 3 months of pregnancy did she suffer from blurred vision?,,,0,0,1,0,0,0,0,0,1,1,Select this for a woman aged 12-50 years who was known to have had blurred vision specifically during her pregnancy.,
3C300,Yes/No/DontKnow=1/0/9,,,"Did she give birth to a live, healthy baby within 6 weeks of death?",,,0,0,1,0,0,0,0,0,1,1,"Select this for a woman aged 12-50 years who was reported to have delivered a live, healthy baby within 6 weeks of her death.",
3C310,Yes/No/DontKnow=1/0/9,,,Was there excessive vaginal bleeding during pregnancy or after delivery?,,,0,0,1,0,0,0,0,0,1,1,Select this for a woman aged 12-50 years who experienced excessive vaginal bleeding around pregnancy and delivery.,
3C320,Yes/No/DontKnow=1/0/9,,,,Was there vaginal bleeding during the first 6 months of pregnancy?,,0,0,1,0,0,0,0,0,1,1,Select this for a woman aged 12-50 years with excessive vaginal bleeding during the first 6 months of pregnancy.,
3C330,Yes/No/DontKnow=1/0/9,,,,Was there vaginal bleeding during the last 3 months of pregnancy but before labour started?,,0,0,1,0,0,0,0,0,1,1,Select this for a woman aged 12-50 years who had excessive vaginal bleeding before labour started.,
3C340,Yes/No/DontKnow=1/0/9,,,,Was there excessive vaginal bleeding during labour?,,0,0,1,0,0,0,0,0,1,1,Select this for a woman aged 12-50 years who had excessive vaginal bleeding during labour.,
3C350,Yes/No/DontKnow=1/0/9,,,,Was there excessive vaginal bleeding after delivering the baby?,,0,0,1,0,0,0,0,0,1,1,Select this for a woman aged 12-50 years who had excessive vaginal bleeding after the delivery of a baby.,
3C360,Yes/No/DontKnow=1/0/9,,,Was the placenta not completely delivered?,,,0,0,1,0,0,0,0,0,1,1,"Select this for a woman aged 12-50 years who was known to have had problems delivering her placenta after her baby was born, with part or all of the placenta remaining inside.",
3C365,Yes/No/DontKnow=1/0/9,,,Did she deliver or try to deliver an abnormally positioned baby?,,,0,0,1,0,0,0,0,0,1,1,"Select this for a woman aged 12-50 years who had recently delivered or tried to deliver an abnormally positioned baby, e.g. a breech presentation.",
3C370,Yes/No/DontKnow=1/0/9,,,Was she in labour for unusually long (more than 24 hours)?,,,0,0,1,0,0,0,0,0,1,1,"Select this for a woman aged 12-50 years who was known to have had well-established labour for 24 hours or more, irrespective of the final outcome of that labour.",
3C380,Yes/No/DontKnow=1/0/9,,,Did she attempt to terminate the pregnancy?,,,0,0,1,0,0,0,0,0,1,1,"Select this for a woman aged 12-50 years who was known to have been recently pregnant and had attempted, with or without succeeding, to terminate her pregnancy.",
3C390,Yes/No/DontKnow=1/0/9,,,Did she recently have a pregnancy that ended in an abortion (spontaneous or induced)?,,,0,0,1,0,0,0,0,0,1,1,"Select this for a woman aged 12-50 years who was known to have been recently pregnant and had the pregnancy terminated, via a spontaneous abortion or an induced abortion.",
3C400,Yes/No/DontKnow=1/0/9,,,Did she give birth in a health facility?,,,0,0,1,0,0,0,0,0,1,1,Select this for a woman aged 12-50 years who was delivered or delivered recently at a health facility. This question is repeated for neonatal deaths with a slightly different wording.,
3C410,Yes/No/DontKnow=1/0/9,,,Did she give birth at home?,,,0,0,1,0,0,0,0,0,1,1,Select this for a  woman aged 12-50 years who was delivered or delivered recently at home or on the way to another place.  This question is repeated for neonatal deaths with a slightly different wording.,
3C420,Yes/No/DontKnow=1/0/9,,,"Did she give birth elsewhere, e.g. on the way to a facility?",,,0,0,1,0,0,0,0,0,1,1,"Select this for a woman aged 12-50 years who was delivered or delivered recently somewhere other than a health facility or at home, for example while travelling to seek care.  This question is repeated for neonatal deaths with a slightly different wording.",
3C430,Yes/No/DontKnow=1/0/9,,,Did she receive professional assistance during the delivery?,,,0,0,1,0,0,0,0,0,1,1,"Select this for a woman aged 12-50 years who had delivered recently and been attended by a medical professional (doctor, nurse or midwife).",
3C440,Yes/No/DontKnow=1/0/9,,,Did she have an operation to remove her uterus shortly before death?,,,0,0,1,0,0,0,0,0,1,1,"Select this for a woman aged 12-50 years who had a hysterectomy, probably as an emergency obstetric intervention, shortly before she died.",
3C450,Yes/No/DontKnow=1/0/9,,,Did she have a normal vaginal delivery?,,,0,0,1,0,0,0,0,0,1,1,"Select this for a woman aged 12-50 who had a normal delivery, without the assistance of forceps/vacuum or through a caesarean section.",
3C460,Yes/No/DontKnow=1/0/9,,,"Did she have an assisted delivery, with forceps/vacuum?",,,0,0,1,0,0,0,0,0,1,1,Select this for a woman aged 12-50 years who had delivered recently with assistance by means of forceps or a vacuum device.,
3C470,Yes/No/DontKnow=1/0/9,,,Did she deliver by Caesarean section?,,,0,0,1,0,0,0,0,0,1,1,Select this for a woman aged 12-50 years who had delivered recently by means of a Caesarean section.,
3C480,Yes/No/DontKnow=1/0/9,,,Was the baby born more than one month early?,,,0,0,1,0,0,0,0,0,1,1,Select this for a woman age 12-50 years who delivered a baby a month or more before the expected date.,
3D,Section,,"Neonatal/child history, signs and symptoms",,,,,,,,,,,,,,,
3D100,Yes/No/DontKnow=1/0/9,,Was the child part of a multiple  birth?,,,,0,0,0,0,0,1,1,1,1,0,Select this for a baby who was born as one of a multiple pregnancy.,
3D110,Yes/No/DontKnow=1/0/9,,Was the child born in a complicated delivery?,,,,0,0,0,0,0,1,1,1,1,0,"Select this for a baby who was born in a complicated delivery, for example lasting a long time or needing special assistance.",
3D120,Yes/No/DontKnow=1/0/9,,Was the baby born 24 hours or more after the water broke?,,,,0,0,0,0,0,0,1,1,1,0,Select this for a neonate that was born more than 24 hours after the mother's waters broke.,
3D130,Yes/No/DontKnow=1/0/9,,Did the baby stop moving in the womb before labour started?,,,,0,0,0,0,0,0,1,1,1,0,Select this for a neonate if the mother could feel that her baby had stopped moving inside her womb before the time her labour began.,
3D140,Yes/No/DontKnow=1/0/9,,Was baby born in a normal vaginal delivery?,,,,0,0,0,0,0,0,1,1,1,0,Select this for a neonate who was born in a normal vaginal delivery.,
3D150,Yes/No/DontKnow=1/0/9,,Was baby born with forceps/vacuum?,,,,0,0,0,0,0,0,1,1,1,0,Select this for a neonate who was born with assistance by means of forceps or a vacuum device.,
3D160,Yes/No/DontKnow=1/0/9,,Was baby delivered by Caesarean section?,,,,0,0,0,0,0,0,1,1,1,0,Select this for a neonate who was born by means of a Caesarean section.,
3D170,Yes/No/DontKnow=1/0/9,,"Did the baby's bottom, feet, arm or hand come into the vagina before its head?",,,,0,0,0,0,0,0,1,1,1,0,"Select this for a neonate that was born from an abnormal (e.g. breech) position. The abnormally positioned baby may have been delivered through the vagina, or the abnormal position might have led to a Caesarean section. If it was a Caesarean birth, it doesn’t matter which part of the baby came out first through the abdomen.",
3D180,Yes/No/DontKnow=1/0/9,,Was the baby of abnormal size?,,,,0,0,0,0,0,1,1,1,1,0,Select this for a neonate or infant that seemed to be of abnormal size and weight at birth.,
3D190,Yes/No/DontKnow=1/0/9,,,"Was the baby smaller than normal, weighing under 2.5 kg?",,,0,0,0,0,0,1,1,1,1,0,"Select this for a neonate and child under 1 year of age that seemed very small, or was weighed and found to be less than 2.5 kg, at birth.",
3D200,Yes/No/DontKnow=1/0/9,,,"Was the baby larger than normal, weighing over 4.5 kg?",,,0,0,0,0,0,0,1,1,1,0,"Select this for a neonate that was too big for an uncomplicated deliver, or was weighed and found to be more than 4.5 kg, at birth.",
3D210,Number [weeks],[0-52],How many weeks was the pregnancy when the baby was born?,,,,0,0,0,0,0,1,1,1,1,0,This reflects the duration of the pregnancy from which the dead child was born. ,
3D210A,Calculated (Y/N/DNK),< 34 weeks ,Had the pregnancy lasted less than 34 weeks when the baby was born?,,,,0,0,0,0,0,1,1,1,1,0,Select this for a pregnancy which lasted for less than 34 weeks.,
3D210B,Calculated (Y/N/DNK),34-37 weeks,Had the pregnancy lasted between 34 and 37 weeks when the baby was born?,,,,0,0,0,0,0,1,1,1,1,0,Select this for a pregnancy which lasted between 34 and 37 weeks.,
3D210C,Calculated (Y/N/DNK),> 37 weeks,Had the pregnancy lasted more than 37 weeks when the baby was born?,,,,0,0,0,0,0,1,1,1,1,0,"Select this for a pregnancy which lasted more than 37 weeks, i.e. nearly or at full term for the birth.",
3D220,Yes/No/DontKnow=1/0/9,,Was the umbilical cord wrapped several times (more than once) around the neck of the child at birth?,,,,0,0,0,0,0,0,1,1,1,0,Select this for a neonate that was born with its cord wrapped several times (more than once) around its neck.,
3D230,Yes/No/DontKnow=1/0/9,,Did the baby/the child have any noticeable malformation?,,,,0,0,0,0,1,1,1,1,1,0,"Select this for a baby or young child who was born with obvious malformations of any kind - this may include diagnosed malformations of internal organs, for example heart defects.",
3D240,Yes/No/DontKnow=1/0/9,,,Did the baby/the child have a swelling/defect on the back?,,,0,0,0,0,1,1,1,1,1,0,"Select this if ""any congenital malformations"" is selected and there is any swelling or defect on the baby's back.",
3D250,Yes/No/DontKnow=1/0/9,,,Did the baby/the child have a very large head?,,,0,0,0,0,1,1,1,1,1,0,"Select this if ""any congenital malformations"" is selected and the baby was born with a very large head.",
3D260,Yes/No/DontKnow=1/0/9,,,Did the baby/the child have a very small head?,,,0,0,0,0,1,1,1,1,1,0,"Select this if ""any congenital malformations"" is selected and the baby was born with a very small head.",
3D270,Yes/No/DontKnow=1/0/9,,Was the baby/the child not growing normally?,,,,0,0,0,0,1,1,0,1,1,0,Select this for a baby or young child who did not seem to be growing and developing in a way that was normal for his or her age.,
3D280,Yes/No/DontKnow=1/0/9,,Was the baby blue in colour at birth?,,,,0,0,0,0,0,0,1,1,1,0,"Select this for a neonate who was blue in colour, cyanosed.",
3D290,Yes/No/DontKnow=1/0/9,,"Did the baby cry after birth, even if only a little bit?",,,,0,0,0,0,0,0,1,1,1,0,"Select this for a neonate who cried, even if just a little, after birth.",
3D300,Yes/No/DontKnow=1/0/9,,"Did the baby breathe after birth, even a little?",,,,0,0,0,0,0,0,1,1,1,0,Select this for a neonate who was able to breath after birth.,
3D310,Yes/No/DontKnow=1/0/9,,Was the baby given assistance to breathe at birth?,,,,0,0,0,0,0,0,1,1,1,0,Select this for a neonate who needed assistance to breath after birth.,
3D320,Yes/No/DontKnow=1/0/9,,"If the baby did not cry or breathe, was it born dead?",,,,0,0,0,0,0,0,1,1,1,0,"Select this for a neonate that never cried, moved or breathed after it was delivered - and so was stillborn.",
3D330,Yes/No/DontKnow=1/0/9,,,"Was the dead baby macerated, that is, showed signs of decay?",,,0,0,0,0,0,0,1,1,1,0,Select this for a stillborn baby whose skin was puffy or mushy.,
3D340,Yes/No/DontKnow=1/0/9,,Was the baby able to suckle or bottle-feed within the first 24 hours  after birth?,,,,0,0,0,0,0,0,1,1,1,0,Select this for a neonate who was healthy and feeding within the first 24 hours from birth.,
3D350,Yes/No/DontKnow=1/0/9,,,Did the baby stop suckling or bottle feeding 3 days after birth?,,,0,0,0,0,0,0,1,1,1,0,"Select this for a neonate who initially fed well, but stopped sucking 3 days or more after birth.",
3D360,Yes/No/DontKnow=1/0/9,,Did the baby have convulsions starting within the first day of life?,,,,0,0,0,0,0,0,1,1,1,0,Select this for a neonate who had convulsions in the first 24 hours after birth.,
3D370,Yes/No/DontKnow=1/0/9,,Did the baby have convulsions starting on the second day or later after birth?,,,,0,0,0,0,0,0,1,1,1,0,Select this for a neonate who had convulsions 48 hours or more after birth.,
3D380,Yes/No/DontKnow=1/0/9,,"Did the baby's body become stiff, with the back arched backwards?",,,,0,0,0,0,0,0,1,1,1,0,Select this for a neonate who became rigid and whose back was bent backwards.,
3D390,Yes/No/DontKnow=1/0/9,,Did the child have a bulging or raised fontanelle?,,,,0,0,0,0,0,1,1,1,1,0,Select this for a baby whose fontanelle (soft spot on top of the head) was raised or bulging during the final illness.,
3D400,Yes/No/DontKnow=1/0/9,,Did the child have a sunken fontanelle?,,,,0,0,0,0,0,1,1,1,1,0,Select this for a baby whose fontanelle (soft spot on top of the head) was sunken or depressed during the final illness.,
3D410,Yes/No/DontKnow=1/0/9,,Did the baby become unresponsive or unconscious soon after birth (within less than 24 hours)?,,,,0,0,0,0,0,0,1,1,1,0,Select this for a neonate who became unconscious or unresponsive after less than 24 hours from birth.,
3D420,Yes/No/DontKnow=1/0/9,,Did the baby become unresponsive or unconscious more than 1 day after birth?,,,,0,0,0,0,0,0,1,1,1,0,Select this for a neonate who became unconscious or unresponsive after more than 1 day from birth.,
3D430,Yes/No/DontKnow=1/0/9,,Did the baby become cold to the touch before it died?,,,,0,0,0,0,0,0,1,1,1,0,Select this for a neonate who felt very cold before death.,
3D440,Yes/No/DontKnow=1/0/9,,Did the baby have redness or discharge from the umbilical cord stump?,,,,0,0,0,0,0,0,1,1,1,0,Select this for a neonate who had red or pussy signs of infection around the umbilicus before death.,
3D450,Yes/No/DontKnow=1/0/9,,Did the baby have yellow palms or soles?,,,,0,0,0,0,0,0,1,1,1,0,Select this for a neonate who had yellowing of the skin of their palms or soles.,
3D460,Yes/No/DontKnow=1/0/9,,Did the mother NOT receive tetanus toxoid (TT) vaccine?,,,,0,0,0,0,0,0,1,1,1,0,Select this if the baby's mother had not been vaccinated against tetanus during or before her pregnancy.,
3D500,Number [births],[0-99],"How many births, including stillbirths, did the baby's mother have before this baby?",,,,0,0,0,0,0,0,1,1,1,0,Record the number of previous pregnancies for the neonate's mother,
3D500A,Calculated (Y/N/DNK),0 (first pregnancy),Was this baby born from the mother's first pregnancy?,,,,0,0,0,0,0,0,1,1,1,0,"Select this for a neonate who died, and who was born from the mother's first pregnancy.",
3D500B,Calculated (Y/N/DNK),≥4 (4 or more previous pregnancies),Did the mother have 4 or more births before this baby was born?,,,,0,0,0,0,0,0,1,1,1,0,"Select this for a neonate who died, and whose mother had had four or more previous pregnancies.",
3D510,Yes/No/DontKnow=1/0/9,,"During pregnancy, did the baby's mother suffer from high blood pressure?",,,,0,0,0,0,0,0,1,1,1,0,"Select this for a neonate who died, and whose mother was diagnosed with high blood pressure during her pregnancy.",
3D520,Yes/No/DontKnow=1/0/9,,Did the baby's mother have foul smelling vaginal discharge during pregnancy or after delivery?,,,,0,0,0,0,0,0,1,1,1,0,"Select this for a neonate who died, and whose mother was known to have had a foul-smelling vaginal discharge, either during pregnancy, or after delivery.",
3D530,Yes/No/DontKnow=1/0/9,,"During the last 3 months of pregnancy, did the baby's mother suffer from convulsions?",,,,0,0,0,0,0,0,1,1,1,0,"Select this for a neonate who died, and whose mother was known to have had fits specifically during her pregnancy.",
3D540,Yes/No/DontKnow=1/0/9,,During the last 3 months of pregnancy did the baby's mother suffer from blurred vision?,,,,0,0,0,0,0,0,1,1,1,0,"Select this for a neonate who died, and whose mother was known to have had blurred vision specifically during her pregnancy.",
3D550,Yes/No/DontKnow=1/0/9,,Did the baby's mother have vaginal bleeding during the last 3 months of pregnancy but before labour started?,,,,0,0,0,0,0,0,1,1,1,0,"Select this for a neonate who died, and whose mother had excessive vaginal bleeding before her labour started.",
3D560,Yes/No/DontKnow=1/0/9,,Was the child born in a health facility?,,,,0,0,0,0,0,0,1,1,1,0,Select this for a neonate who died after being delivered at a health facility.,
3D570,Yes/No/DontKnow=1/0/9,,Was the child born at home?,,,,0,0,0,0,0,0,1,1,1,0,Select this for a neonate who died after being delivered at home.,
3D580,Yes/No/DontKnow=1/0/9,,"Was the child born somewhere else, e.g. on the way to a facility?",,,,0,0,0,0,0,0,1,1,1,0,"Select this for a neonate who died after being delivered somewhere other than at a health facility or at home, for example while travelling to seek care.",
3D590,Yes/No/DontKnow=1/0/9,,Did the mother receive professional assistance during the delivery?,,,,0,0,0,0,0,0,1,1,1,0,"Select this for a neonate who died, and whose delivery was attended by a medical professional (doctor, nurse or midwife).",
3E,Section,,History of injuries/accidents,,,,,,,,,,,,,,,
3E100,Yes/No/DontKnow=1/0/9,,Did (s)he suffer from any injury or accident that led to her/his death?,,,,1,1,1,1,1,1,1,1,1,1,Select this if there was any kind of injury or accident associated with the final illness.,
3E110,Yes/No/DontKnow=1/0/9,,,Was it a road traffic accident?,,,1,1,1,1,1,1,1,1,1,1,"Select this if ""recent injury or accident"" is selected and it occurred in a road accident of some kind (e.g. as passenger, driver, cyclist, pedestrian).",
3E120,Yes/No/DontKnow=1/0/9,,,,Was (s)he injured as a pedestrian/walking?,,1,1,1,1,1,1,0,1,1,1,"Select this if ""recent injury or accident"" is selected and if ""road traffic accident"" is also selected and it occurred while the deceased was walking.",
3E130,Yes/No/DontKnow=1/0/9,,,,Was (s)he injured as an occupant of a car vehicle?,,1,1,1,1,1,1,1,1,1,1,"Select this if ""recent injury or accident"" is selected and if ""road traffic accident"" is also selected and it occurred while the deceased was inside a vehicle/car.",
3E140,Yes/No/DontKnow=1/0/9,,,,Was (s)he injured as an occupant of a bus or heavy transport vehicle?,,1,1,1,1,1,1,1,1,1,1,"Select this if ""recent injury or accident"" is selected and if ""road traffic accident"" is also selected and it occurred while the deceased was inside a vehicle (bus, heavy transport).",
3E150,Yes/No/DontKnow=1/0/9,,,,Was (s)he injured as a driver or passenger of a motorcycle?,,1,1,1,1,1,1,1,1,1,1,"Select this if ""recent injury or accident"" is selected and if ""road traffic accident"" is also selected and it occurred while the deceased was on a motorcycle either as the driver or a passenger.",
3E160,Yes/No/DontKnow=1/0/9,,,,Was (s)he injured as a pedal cyclist?,,1,1,1,1,1,0,0,1,1,1,"Select this if ""recent injury or accident"" is selected and if ""road traffic accident"" is also selected and it occurred while the deceased was riding a bike.",
3E170,Yes/No/DontKnow=1/0/9,,,,Do you know anything about the counter-part that was hit during the road traffic accident?,,1,1,1,1,1,1,1,1,1,1,Do you know anything about the counter-part that was hit during the road traffic accident?,
3E200,Yes/No/DontKnow=1/0/9,,,,,Was it a pedestrian?,1,1,1,1,1,1,1,1,1,1,Was it a pedestrian?,
3E210,Yes/No/DontKnow=1/0/9,,,,,Was it a stationary object?,1,1,1,1,1,1,1,1,1,1,Was it a stationary object?,
3E220,Yes/No/DontKnow=1/0/9,,,,,Was it a car vehicle?,1,1,1,1,1,1,1,1,1,1,Was it a car vehicle?,
3E230,Yes/No/DontKnow=1/0/9,,,,,Was it a bus or heavy transport vehicle?,1,1,1,1,1,1,1,1,1,1,Was it a bus or heavy transport vehicle?,
3E240,Yes/No/DontKnow=1/0/9,,,,,Was it a motorcycle?,1,1,1,1,1,1,1,1,1,1,Was it a motorcycle?,
3E250,Yes/No/DontKnow=1/0/9,,,,,Was it a pedal cycle?,1,1,1,1,1,1,1,1,1,1,Was it a pedal cycle?,
3E260,Yes/No/DontKnow=1/0/9,,,,,Was it something else?,1,1,1,1,1,1,1,1,1,1,Was it something else?,
3E300,Yes/No/DontKnow=1/0/9,,,Was (s)he Injured in a non-road transport accident?,,,1,1,1,1,1,1,1,1,1,1,"Select this if ""recent injury or accident"" is selected and it occurred in a road transport accident NOT on a road (boat, train, aeroplane, etc.).",
3E310,Yes/No/DontKnow=1/0/9,,,Was (s)he Injured in a fall?,,,1,1,1,1,1,1,1,1,1,1,"Select this if ""recent injury or accident"" is selected and it occurred as a result of falling (but NOT falling into water and drowning, and NOT falling into a fire and burning).",
3E320,Yes/No/DontKnow=1/0/9,,,Did (s)he die of drowning?,,,1,1,1,1,1,1,1,1,1,1,"Select this if ""recent injury or accident"" is selected and it occurred as a result of drowning in water.",
3E330,Yes/No/DontKnow=1/0/9,,,Did (s)he suffer from burns?,,,1,1,1,1,1,1,1,1,1,1,"Select this if ""recent injury or accident"" is selected and it occurred as a result of being burnt in a fire or otherwise exposed to extreme heat.",
3E340,Yes/No/DontKnow=1/0/9,,,Did (s)he suffer from any plant/ animal/insect bite or sting  that led to her/his death?,,,1,1,1,1,1,1,1,1,1,1,"Select this if ""recent injury or accident"" is selected and it occurred as a result of being bitten or stung by a poisonous animal (snake, scorpion, etc.).",
3E400,Yes/No/DontKnow=1/0/9,,,,Was it a dog?,,1,1,1,1,1,1,1,1,1,1,"Select this if ""recent injury or accident"" is selected and if ""animal/insect bite"" is selected and it occurred as a result of being bitten/attacked by a dog.",
3E410,Yes/No/DontKnow=1/0/9,,,,Was it a snake?,,1,1,1,1,1,1,1,1,1,1,"Select this if ""recent injury or accident"" is selected and if ""animal/insect bite"" is selected and it occurred as a result of being bitten/attacked by a snake.",
3E420,Yes/No/DontKnow=1/0/9,,,,Was it an insect?,,1,1,1,1,1,1,1,1,1,1,"Select this if ""recent injury or accident"" is selected and if ""animal/insect bite"" is selected and it occurred as a result of being bitten/stung by an insect.",
3E500,Yes/No/DontKnow=1/0/9,,,Was (s)he injured by a force of nature?,,,1,1,1,1,1,1,1,1,1,1,"Select this if ""recent injury or accident"" is selected and it occurred as a result of an external event (earthquake, volcano, flood, etc.).",
3E510,Yes/No/DontKnow=1/0/9,,,Was there any poisoning?,,,1,1,1,1,1,1,1,1,1,1,"Select this if ""recent injury or accident"" is selected and it occurred as a result of ingesting or being injected with some kind of poisonous material (weed killer, insecticide, non-prescribed drugs, etc.), but NOT as a result of a poisonous bite or sting.",
3E520,Yes/No/DontKnow=1/0/9,,,Was (s)he subject to violence/assault?,,,1,1,1,1,1,1,1,1,1,1,"Select this if ""recent injury or accident"" is selected and the injury occurred as a result of a deliberate action by another person, either as a personal attack or during a war or other outbreak of violence  - this can be selected in addition to one of the previous indicators about the mode of injury.",
3E530,Yes/No/DontKnow=1/0/9,,,Was the injury intentionally inflicted by someone else?,,,1,1,1,1,1,1,1,1,1,1,Select this if the deceased suffered from an injury intentionally infection by someone else.,
3E600,Yes/No/DontKnow=1/0/9,,,,Was (s)he injured by a fire arm?,,1,1,1,1,1,1,1,1,1,1,Select this if the deceased suffered from an injury caused by a fire arm (e.g. pistols and rifles).,
3E610,Yes/No/DontKnow=1/0/9,,,,"Was (s)he injured from a stab, cut or pierce?",,1,1,1,1,1,1,1,1,1,1,"Select this if the deceased suffered from a stab, cut or pierce wound.",
3E620,Yes/No/DontKnow=1/0/9,,,,Was (s)he injured by machinery?,,1,1,1,1,1,1,1,1,1,1,Select this if the deceased suffered from an injury caused by machines or parts of a machine.,
3E630,Yes/No/DontKnow=1/0/9,,,,Was (s)he struck by an animal or object?,,1,1,1,1,1,1,1,1,1,1,Select this if the deceased suffered from an injury caused by an animal or object thrown at them.,
3E700,Yes/No/DontKnow=1/0/9,,,Do you think (s)he committed suicide?,,,1,1,1,1,0,0,0,1,1,1,"Select this if ""recent injury or accident"" is selected and it is thought to have occurred as a result of a deliberate action by the person who died - this can be selected in addition to one of the previous indicators about the mode of injury.",
3F,Section,,Risk factors,,,,,,,,,,,,,,,
3F100,Yes/No/DontKnow=1/0/9,,Did (s)he drink alcohol?,,,,1,1,1,0,0,0,0,1,1,0,Select this if the person who died was a regular and sometimes excessive drinker of alcohol up to the time of the final illness.,
3F110,Yes/No/DontKnow=1/0/9,,"Did (s)he smoke tobacco (cigarette, cigar, pipe, etc.)?",,,,1,1,1,0,0,0,0,1,1,0,"Select this if the person who died was a regular smoker up to the time of the final illness. (make sure you ask for cigarette, cigar, pipe, etc. and not just ""smoking"").",
3G,Section,,Health service utilisation,,,,,,,,,,,,,,,
3G100,Yes/No/DontKnow=1/0/9,,Was (s)he adequately vaccinated?,,,,1,1,1,1,1,1,1,1,1,1,"Select this if the person who died had been adequately vaccinated in relation to their age - for a child this information may be available from a health card, but also directly from the VA respondent. ""Adequately vaccinated"" means that the person had received most of the vaccines appropriate for them.",
3G110,Yes/No/DontKnow=1/0/9,,Did (s)he receive any treatment for the illness that led to death?,,,,1,1,1,1,1,1,1,1,1,1,Select this if the person who died obtained treatment from a health facility during their final illness (either out-patient or admitted).,
3G120,Yes/No/DontKnow=1/0/9,,,Did (s)he receive oral rehydration salts?,,,1,1,1,1,1,1,1,1,1,1,"Select this if ""treatment for final illness"" is selected and the person who died had been given oral rehydration therapy during their final illness.",
3G130,Yes/No/DontKnow=1/0/9,,,Did (s)he receive (or need) intravenous fluids (drip) treatment?,,,1,1,1,1,1,1,1,1,1,1,"Select this if ""treatment for final illness"" is selected and the person who died had received treatment through an IV drip during their final illness.",
3G140,Yes/No/DontKnow=1/0/9,,,Did (s)he receive (or need) a blood transfusion?,,,1,1,1,1,1,1,1,1,1,1,"Select this if any blood transfusion was recommended, prescribed or received during the final illness. Do select it if a blood transfusion was prescribed, even if blood was not available or not affordable, and so was not actually given.",
3G150,Yes/No/DontKnow=1/0/9,,,Did (s)he receive (or need) treatment/food through a tube passed through the nose?,,,1,1,1,1,1,1,1,1,1,1,"Select this if ""treatment for final illness"" is selected and the person who died had received treatment through an IV drip during their final illness.",
3G160,Yes/No/DontKnow=1/0/9,,,Did (s)he receive (or need) injectable antibiotics?,,,1,1,1,1,1,1,1,1,1,1,"Select this if any intravenous (e.g. by drip or injection) or intramuscular (by injection) antibiotics were recommended, prescribed or taken during the final illness. Do select it if antibiotics were prescribed, even if they were not available or not affordable, and so were not actually taken.",
3G170,Yes/No/DontKnow=1/0/9,,,Did (s)he have (or need) an operation for the illness?,,,1,1,1,1,1,1,1,1,1,1,"Select this if ""treatment for final illness"" is selected and any surgical procedures were performed during the course of the final illness.",
3G180,Yes/No/DontKnow=1/0/9,,,,Did (s)he have the operation within 1 month before death?,,1,1,1,1,1,1,0,1,1,1,Select this if any surgical procedures were performed during the last month of the final illness.,
3G190,Yes/No/DontKnow=1/0/9,,,Was (s)he discharged from hospital very ill?,,,1,1,1,1,1,1,1,1,1,1,"Select this if the person had been admitted to hospital during the final illness, and was then sent home in the expectation that they would not recover.",
4,Section,,Background and context,,,,,,,,,,,,,,,
4A100,Yes/No/DontKnow=1/0/9,,"In the final days before death, did  (s)he travel to a hospital or health facility?",,,,1,1,1,1,1,1,1,1,1,1,"Select this if the person who died travelled to a hospital ( or health facility offering a 24-hour service) during the final illness.  The main concept is “hospital” which by definition is a 24/7 service. But in some countries there are smaller facilities which are not hospitals, but do offer 24/7 services, so those are included– but not lesser facilities which have no emergency service.",
4A110,Yes/No/DontKnow=1/0/9,,,Did  (s)he use motorised transport to get to the hospital or health facility?,,,1,1,1,1,1,1,1,1,1,1,"Select this if the person who died travelled to a hospital or health facility by means of motorised transport (car, truck, tractor, motorcycle, scooter or ambulance) during the final illness.",
4A120,Yes/No/DontKnow=1/0/9,,,Were there any problems during admission to the hospital or health facility?,,,1,1,1,1,1,1,1,1,1,1,"Select this if the person who died travelled to a hospital or health facility, and then had problems on arrival (delays, paperwork, queues, no staff).",
4A130,Yes/No/DontKnow=1/0/9,,,"Were there any problems with the way  (s)he was treated (medical treatment, procedures, inter-personal attitudes, respect, dignity) in the hospital or health facility?",,,1,1,1,1,1,1,1,1,1,1,"Select this if the person who died travelled to a hospital or health facility, and then had problems with how they were treated (medical treatment, procedures, inter-personal attitudes, respect, dignity).",
4A140,Yes/No/DontKnow=1/0/9,,,"Were there any problems getting medications,  or diagnostic tests in the hospital or health facility?",,,1,1,1,1,1,1,1,1,1,1,"Select this if the person who died travelled to a hospital or health facility, and then had problems obtaining essential items (drugs, medications or other prescriptions, blood products, and/or diagnostic tests such as lab tests and x-rays, either within the facility or needing to be bought elsewhere).",
4A150,Yes/No/DontKnow=1/0/9,,Does it take more than 2 hours to get to the nearest hospital or health facility from the deceased's household?,,,,1,1,1,1,1,1,1,1,1,1,Select this if the person who died lived in a household from where it would reasonably take more than 2 hours to reach the nearest 24-hour health facility by the means of transport available to the household members.,
4A160,Yes/No/DontKnow=1/0/9,,"In the final days before death, were there any doubts about whether medical care was needed?",,,,1,1,1,1,1,1,1,1,1,1,"Select this if there were doubts among those assisting in the final illness (family members, etc.) about whether the final illness was sufficiently serious to need treatment at a health facility.",
4A170,Yes/No/DontKnow=1/0/9,,"In the final days before death, was traditional medicine used?",,,,1,1,1,1,1,1,1,1,1,1,"Select this if a major part of treatment for the final illness was provided by any kind of traditional or alternative practitioner (herbal remedies, massages, drinks, foods, amulets, spells or blessings provided by traditional healers, witch doctors or shaman).",
4A180,Yes/No/DontKnow=1/0/9,,"In the final days before death, did anyone use a telephone or cell phone to call for help?",,,,1,1,1,1,1,1,1,1,1,1,"Select this if a telephone of any kind (working landline, or cell phone charged and with credit) was used by those assisting in the final 24 hours of the illness for example to call  for help or arrange transportation.",
4A190,Yes/No/DontKnow=1/0/9,,"Over the course of illness, did the total costs of care and treatment prohibit other household payments?",,,,1,1,1,1,1,1,1,1,1,1,"Select this if the total costs incurred in the final illness were sufficiently great to mean that other kinds of household expenses (food, fuel, travel, education etc.) could not be met, or caused debt or sale of household assets.",
5A,Section,,Optional open narrative,,,,,,,,,,,,,,,
5A100,Text,,Any comments that may provide additional information.,,,,1,1,1,1,1,1,1,1,1,1,Recording this information may be helpful to assess the diagnosis in cases where software assessment of the diagnosis may not deliver reliable results and physician review is necessary.   Its use is optional.,
