new_allele	func_group	imgt_allele	thresh	amplicon_length
IGHVF1-G1*01	IGHVF1-G1	IGHV3-72*01	1e-4	S1
IGHVF1-G2*01	IGHVF1-G2	IGHV3-73*01	1e-4	S1
IGHVF1-G2*02	IGHVF1-G2	IGHV3-73*02	1e-4	S1
IGHVF1-G3*01	IGHVF1-G3	IGHV3-49*02	1e-4	S1
IGHVF1-G3*02	IGHVF1-G3	IGHV3-49*01	1e-4	S1
IGHVF1-G3*03	IGHVF1-G3	IGHV3-49*05	1e-4	S1
IGHVF1-G3*04	IGHVF1-G3	IGHV3-49*03	1e-4	S1
IGHVF1-G3*05	IGHVF1-G3	IGHV3-49*04	1e-4	S1
IGHVF1-G4*01	IGHVF1-G4	IGHV3-15*07	0.001	S1
IGHVF1-G4*02	IGHVF1-G4	IGHV3-15*06	1e-4	S1
IGHVF1-G4*03	IGHVF1-G4	IGHV3-15*05	0.001	S1
IGHVF1-G4*04	IGHVF1-G4	IGHV3-15*04	0.001	S1
IGHVF1-G4*05	IGHVF1-G4	IGHV3-15*02	1e-4	S1
IGHVF1-G4*06	IGHVF1-G4	IGHV3-15*01	0.001	S1
IGHVF1-G4*07	IGHVF1-G4	IGHV3-15*01_A313T	0.001	S1
IGHVF1-G4*08	IGHVF1-G4	IGHV3-15*03	1e-4	S1
IGHVF1-G4*09	IGHVF1-G4	IGHV3-15*08	1e-4	S1
IGHVF2-G10*01	IGHVF2-G10	IGHV3-11*01	0.001	S1
IGHVF2-G10*02	IGHVF2-G10	IGHV3-11*04	0.001	S1
IGHVF2-G10*03	IGHVF2-G10	IGHV3-11*06	1e-4	S1
IGHVF2-G10*04	IGHVF2-G10	IGHV3-11*03	1e-4	S1
IGHVF2-G10*05	IGHVF2-G10	IGHV3-11*05	0.001	S1
IGHVF2-G11*01	IGHVF2-G11	IGHV3-21*07	1e-4	S1
IGHVF2-G11*02	IGHVF2-G11	IGHV3-21*05	0.001	S1
IGHVF2-G11*03	IGHVF2-G11	IGHV3-21*06	0.001	S1
IGHVF2-G11*04	IGHVF2-G11	IGHV3-21*04	0.001	S1
IGHVF2-G11*05	IGHVF2-G11	IGHV3-21*03	0.001	S1
IGHVF2-G11*06	IGHVF2-G11	IGHV3-21*01	0.001	S1
IGHVF2-G11*07	IGHVF2-G11	IGHV3-21*02	0.001	S1
IGHVF2-G12*01	IGHVF2-G12	IGHV3-48*03	0.001	S1
IGHVF2-G12*02	IGHVF2-G12	IGHV3-48*04	0.001	S1
IGHVF2-G12*03	IGHVF2-G12	IGHV3-48*01	0.001	S1
IGHVF2-G12*04	IGHVF2-G12	IGHV3-48*02	0.001	S1
IGHVF2-G13*01	IGHVF2-G13	IGHV3-35*02	1e-4	S1
IGHVF2-G14*01	IGHVF2-G14	IGHV3-30-3*02	1e-4	S1
IGHVF2-G14*02	IGHVF2-G14	IGHV3-30*04_C201T_G317A	0.001	S1
IGHVF2-G14*03	IGHVF2-G14	IGHV3-30*08	1e-4	S1
IGHVF2-G14*04	IGHVF2-G14	IGHV3-30*14	1e-4	S1
IGHVF2-G14*05	IGHVF2-G14	IGHV3-30*09	1e-4	S1
IGHVF2-G14*06	IGHVF2-G14	IGHV3-30-3*01	1e-4	S1
IGHVF2-G14*07	IGHVF2-G14	IGHV3-30*04/IGHV3-30-3*03	0.001	S1
IGHVF2-G14*08	IGHVF2-G14	IGHV3-30*17	1e-4	S1
IGHVF2-G14*09	IGHVF2-G14	IGHV3-30*16	0.001	S1
IGHVF2-G14*10	IGHVF2-G14	IGHV3-30*15	1e-4	S1
IGHVF2-G14*11	IGHVF2-G14	IGHV3-30*11	1e-4	S1
IGHVF2-G14*12	IGHVF2-G14	IGHV3-30*10	0.001	S1
IGHVF2-G14*13	IGHVF2-G14	IGHV3-30*01	1e-4	S1
IGHVF2-G14*14	IGHVF2-G14	IGHV3-30*07	0.001	S1
IGHVF2-G14*15	IGHVF2-G14	IGHV3-30*20	1e-4	S1
IGHVF2-G14*16	IGHVF2-G14	IGHV3-30*06	1e-4	S1
IGHVF2-G14*17	IGHVF2-G14	IGHV3-30*19	1e-4	S1
IGHVF2-G14*18	IGHVF2-G14	IGHV3-33*05	0.001	S1
IGHVF2-G14*19	IGHVF2-G14	IGHV3-30*03	5e-4	S1
IGHVF2-G14*20	IGHVF2-G14	IGHV3-30*18/IGHV3-30-5*01	1e-4	S1
IGHVF2-G14*21	IGHVF2-G14	IGHV3-30*12	1e-4	S1
IGHVF2-G14*22	IGHVF2-G14	IGHV3-30*05	1e-4	S1
IGHVF2-G14*23	IGHVF2-G14	IGHV3-30*13	1e-4	S1
IGHVF2-G14*24	IGHVF2-G14	IGHV3-30*02_G49A	0.001	S1
IGHVF2-G14*25	IGHVF2-G14	IGHV3-30*02_A275G	0.001	S1
IGHVF2-G14*26	IGHVF2-G14	IGHV3-30*02/IGHV3-30-5*02	0.001	S1
IGHVF2-G14*27	IGHVF2-G14	IGHV3-33*02	1e-4	S1
IGHVF2-G14*28	IGHVF2-G14	IGHV3-33*07	1e-4	S1
IGHVF2-G14*29	IGHVF2-G14	IGHV3-33*04	1e-4	S1
IGHVF2-G14*30	IGHVF2-G14	IGHV3-33*08	0.001	S1
IGHVF2-G14*31	IGHVF2-G14	IGHV3-33*03	1e-4	S1
IGHVF2-G14*32	IGHVF2-G14	IGHV3-33*01	1e-4	S1
IGHVF2-G14*33	IGHVF2-G14	IGHV3-33*06	0.001	S1
IGHVF2-G15*01	IGHVF2-G15	IGHV3-64*02	1e-4	S1
IGHVF2-G15*02	IGHVF2-G15	IGHV3-64*01	1e-4	S1
IGHVF2-G15*03	IGHVF2-G15	IGHV3-64*07	0.001	S1
IGHVF2-G15*04	IGHVF2-G15	IGHV3-64*04	1e-4	S1
IGHVF2-G15*05	IGHVF2-G15	IGHV3-64D*06	1e-4	S1
IGHVF2-G15*06	IGHVF2-G15	IGHV3-64D*08	1e-4	S1
IGHVF2-G15*07	IGHVF2-G15	IGHV3-64D*09	1e-4	S1
IGHVF2-G15*08	IGHVF2-G15	IGHV3-64*03	1e-4	S1
IGHVF2-G15*09	IGHVF2-G15	IGHV3-64*05	1e-4	S1
IGHVF2-G16*01	IGHVF2-G16	IGHV3-74*03	0.001	S1
IGHVF2-G16*02	IGHVF2-G16	IGHV3-74*01	1e-4	S1
IGHVF2-G16*03	IGHVF2-G16	IGHV3-74*02	1e-4	S1
IGHVF2-G17*01	IGHVF2-G17	IGHV3-66*04/IGHV3-66*01	1e-5	S1
IGHVF2-G17*02	IGHVF2-G17	IGHV3-66*02	1e-5	S1
IGHVF2-G17*03	IGHVF2-G17	IGHV3-66*02_G303A	1e-4	S1
IGHVF2-G17*04	IGHVF2-G17	IGHV3-53*03	1e-4	S1
IGHVF2-G17*05	IGHVF2-G17	IGHV3-53*05	1e-4	S1
IGHVF2-G17*06	IGHVF2-G17	IGHV3-53*02_C259T	0.001	S1
IGHVF2-G17*07	IGHVF2-G17	IGHV3-53*01	0.001	S1
IGHVF2-G17*08	IGHVF2-G17	IGHV3-53*02	0.001	S1
IGHVF2-G17*09	IGHVF2-G17	IGHV3-53*04	1e-4	S1
IGHVF2-G17*10	IGHVF2-G17	IGHV3-66*03	1e-5	S1
IGHVF2-G18*01	IGHVF2-G18	IGHV3-23*02	1e-4	S1
IGHVF2-G18*02	IGHVF2-G18	IGHV3-23*04	0.001	S1
IGHVF2-G18*03	IGHVF2-G18	IGHV3-23*01_G239T	0.001	S1
IGHVF2-G18*04	IGHVF2-G18	IGHV3-23D*01/IGHV3-23*01	0.001	S1
IGHVF2-G18*05	IGHVF2-G18	IGHV3-23*03	1e-4	S1
IGHVF2-G18*06	IGHVF2-G18	IGHV3-23*05	1e-4	S1
IGHVF2-G5*01	IGHVF2-G5	IGHV3-43D*04_G4A	1e-4	S1
IGHVF2-G5*02	IGHVF2-G5	IGHV3-43D*03	1e-4	S1
IGHVF2-G5*03	IGHVF2-G5	IGHV3-43D*04	1e-4	S1
IGHVF2-G5*04	IGHVF2-G5	IGHV3-43*01	1e-4	S1
IGHVF2-G5*05	IGHVF2-G5	IGHV3-43*02	1e-4	S1
IGHVF2-G6*01	IGHVF2-G6	IGHV3-20*01	1e-4	S1
IGHVF2-G6*02	IGHVF2-G6	IGHV3-20*04	1e-4	S1
IGHVF2-G7*01	IGHVF2-G7	IGHV3-9*04	1e-4	S1
IGHVF2-G7*02	IGHVF2-G7	IGHV3-9*03	1e-4	S1
IGHVF2-G7*03	IGHVF2-G7	IGHV3-9*01	0.001	S1
IGHVF2-G7*04	IGHVF2-G7	IGHV3-9*02	0.001	S1
IGHVF2-G8*01	IGHVF2-G8	IGHV3-13*02	1e-4	S1
IGHVF2-G8*02	IGHVF2-G8	IGHV3-13*03	0.001	S1
IGHVF2-G8*03	IGHVF2-G8	IGHV3-13*01_G290A_T300C	1e-4	S1
IGHVF2-G8*04	IGHVF2-G8	IGHV3-13*05	1e-4	S1
IGHVF2-G8*05	IGHVF2-G8	IGHV3-13*01	1e-4	S1
IGHVF2-G8*06	IGHVF2-G8	IGHV3-13*04	1e-4	S1
IGHVF2-G9*01	IGHVF2-G9	IGHV3-7*04	0.001	S1
IGHVF2-G9*02	IGHVF2-G9	IGHV3-7*01	0.001	S1
IGHVF2-G9*03	IGHVF2-G9	IGHV3-7*02	0.001	S1
IGHVF2-G9*04	IGHVF2-G9	IGHV3-7*03	0.001	S1
IGHVF2-G9*05	IGHVF2-G9	IGHV3-7*05	1e-4	S1
IGHVF3-G19*01	IGHVF3-G19	IGHV5-10-1*02	1e-4	S1
IGHVF3-G19*02	IGHVF3-G19	IGHV5-10-1*04	1e-4	S1
IGHVF3-G19*03	IGHVF3-G19	IGHV5-10-1*01	0.001	S1
IGHVF3-G19*04	IGHVF3-G19	IGHV5-10-1*03	0.001	S1
IGHVF3-G20*01	IGHVF3-G20	IGHV5-51*02	5e-4	S1
IGHVF3-G20*02	IGHVF3-G20	IGHV5-51*07	5e-4	S1
IGHVF3-G20*03	IGHVF3-G20	IGHV5-51*06	5e-4	S1
IGHVF3-G20*04	IGHVF3-G20	IGHV5-51*04	5e-4	S1
IGHVF3-G20*05	IGHVF3-G20	IGHV5-51*01	5e-4	S1
IGHVF3-G20*06	IGHVF3-G20	IGHV5-51*03	5e-4	S1
IGHVF4-G21*01	IGHVF4-G21	IGHV7-4-1*01	1e-5	S1
IGHVF4-G21*02	IGHVF4-G21	IGHV7-4-1*02	1e-4	S1
IGHVF4-G21*03	IGHVF4-G21	IGHV7-4-1*04	1e-4	S1
IGHVF4-G21*04	IGHVF4-G21	IGHV7-4-1*05	1e-4	S1
IGHVF5-G22*01	IGHVF5-G22	IGHV1-24*01	1e-4	S1
IGHVF5-G23*01	IGHVF5-G23	IGHV1-69-2*01	1e-4	S1
IGHVF5-G24*01	IGHVF5-G24	IGHV1-58*03	0.001	S1
IGHVF5-G24*02	IGHVF5-G24	IGHV1-58*01	1e-4	S1
IGHVF5-G24*03	IGHVF5-G24	IGHV1-58*02	1e-4	S1
IGHVF5-G25*01	IGHVF5-G25	IGHV1-45*03	1e-5	S1
IGHVF5-G25*02	IGHVF5-G25	IGHV1-45*01	1e-5	S1
IGHVF5-G25*03	IGHVF5-G25	IGHV1-45*02	1e-5	S1
IGHVF5-G26*01	IGHVF5-G26	IGHV1-69*02	0.001	S1
IGHVF5-G26*02	IGHVF5-G26	IGHV1-69*08	0.001	S1
IGHVF5-G26*03	IGHVF5-G26	IGHV1-69*10	0.001	S1
IGHVF5-G26*04	IGHVF5-G26	IGHV1-69*10_A54G	0.001	S1
IGHVF5-G26*05	IGHVF5-G26	IGHV1-69*20	1e-4	S1
IGHVF5-G26*06	IGHVF5-G26	IGHV1-69*09	0.001	S1
IGHVF5-G26*07	IGHVF5-G26	IGHV1-69*04	0.001	S1
IGHVF5-G26*08	IGHVF5-G26	IGHV1-69*04_T191C	0.001	S1
IGHVF5-G26*09	IGHVF5-G26	IGHV1-69*17	0.001	S1
IGHVF5-G26*10	IGHVF5-G26	IGHV1-69*06	0.001	S1
IGHVF5-G26*11	IGHVF5-G26	IGHV1-69*06_G240A	0.001	S1
IGHVF5-G26*12	IGHVF5-G26	IGHV1-69*19	1e-4	S1
IGHVF5-G26*13	IGHVF5-G26	IGHV1-69*18	0.001	S1
IGHVF5-G26*14	IGHVF5-G26	IGHV1-69*01_C26T	0.001	S1
IGHVF5-G26*15	IGHVF5-G26	IGHV1-69D*01/IGHV1-69*01	0.001	S1
IGHVF5-G26*16	IGHVF5-G26	IGHV1-69*14	0.001	S1
IGHVF5-G26*17	IGHVF5-G26	IGHV1-69*13	0.001	S1
IGHVF5-G26*18	IGHVF5-G26	IGHV1-69*05	0.001	S1
IGHVF5-G26*19	IGHVF5-G26	IGHV1-69*12	0.001	S1
IGHVF5-G26*20	IGHVF5-G26	IGHV1-69*16	1e-4	S1
IGHVF5-G26*21	IGHVF5-G26	IGHV1-69*11	1e-4	S1
IGHVF5-G26*22	IGHVF5-G26	IGHV1-69*15	0.001	S1
IGHVF5-G27*01	IGHVF5-G27	IGHV1-8*03	0.001	S1
IGHVF5-G27*02	IGHVF5-G27	IGHV1-8*01	1e-4	S1
IGHVF5-G27*03	IGHVF5-G27	IGHV1-8*02	0.001	S1
IGHVF5-G28*01	IGHVF5-G28	IGHV1-46*04	0.001	S1
IGHVF5-G28*02	IGHVF5-G28	IGHV1-46*03	0.001	S1
IGHVF5-G28*03	IGHVF5-G28	IGHV1-46*01	0.001	S1
IGHVF5-G28*04	IGHVF5-G28	IGHV1-46*02	1e-4	S1
IGHVF5-G29*01	IGHVF5-G29	IGHV1-2*07	1e-4	S1
IGHVF5-G29*02	IGHVF5-G29	IGHV1-2*04	1e-4	S1
IGHVF5-G29*03	IGHVF5-G29	IGHV1-2*02	0.001	S1
IGHVF5-G29*04	IGHVF5-G29	IGHV1-2*03	1e-4	S1
IGHVF5-G29*05	IGHVF5-G29	IGHV1-2*01	1e-4	S1
IGHVF5-G29*06	IGHVF5-G29	IGHV1-2*05	1e-4	S1
IGHVF5-G29*07	IGHVF5-G29	IGHV1-2*06	0.001	S1
IGHVF5-G30*01	IGHVF5-G30	IGHV1-18*04	0.001	S1
IGHVF5-G30*02	IGHVF5-G30	IGHV1-18*01	0.001	S1
IGHVF5-G30*03	IGHVF5-G30	IGHV1-18*03	1e-4	S1
IGHVF5-G31*01	IGHVF5-G31	IGHV1-3*05	0.001	S1
IGHVF5-G31*02	IGHVF5-G31	IGHV1-3*01	1e-5	S1
IGHVF5-G31*03	IGHVF5-G31	IGHV1-3*04	0.001	S1
IGHVF5-G31*04	IGHVF5-G31	IGHV1-3*02	1e-5	S1
IGHVF5-G31*05	IGHVF5-G31	IGHV1-3*03	1e-4	S1
IGHVF6-G32*01	IGHVF6-G32	IGHV2-26*04	1e-4	S1
IGHVF6-G32*02	IGHVF6-G32	IGHV2-26*03	1e-4	S1
IGHVF6-G32*03	IGHVF6-G32	IGHV2-26*01	1e-4	S1
IGHVF6-G32*04	IGHVF6-G32	IGHV2-26*02	1e-4	S1
IGHVF6-G33*01	IGHVF6-G33	IGHV2-5*08	0.001	S1
IGHVF6-G33*02	IGHVF6-G33	IGHV2-5*01	0.001	S1
IGHVF6-G33*03	IGHVF6-G33	IGHV2-5*02	5e-4	S1
IGHVF6-G33*04	IGHVF6-G33	IGHV2-5*09	1e-4	S1
IGHVF6-G33*05	IGHVF6-G33	IGHV2-5*05	0.001	S1
IGHVF6-G33*06	IGHVF6-G33	IGHV2-5*06	1e-4	S1
IGHVF6-G34*01	IGHVF6-G34	IGHV2-70*12	1e-4	S1
IGHVF6-G34*02	IGHVF6-G34	IGHV2-70*10	1e-4	S1
IGHVF6-G34*03	IGHVF6-G34	IGHV2-70D*14	1e-4	S1
IGHVF6-G34*04	IGHVF6-G34	IGHV2-70*16	1e-4	S1
IGHVF6-G34*05	IGHVF6-G34	IGHV2-70*17	1e-4	S1
IGHVF6-G34*06	IGHVF6-G34	IGHV2-70*04_A14G	1e-4	S1
IGHVF6-G34*07	IGHVF6-G34	IGHV2-70D*04/IGHV2-70*04	1e-4	S1
IGHVF6-G34*08	IGHVF6-G34	IGHV2-70*01	1e-4	S1
IGHVF6-G34*09	IGHVF6-G34	IGHV2-70*13	0.001	S1
IGHVF6-G34*10	IGHVF6-G34	IGHV2-70*11	1e-4	S1
IGHVF6-G34*11	IGHVF6-G34	IGHV2-70*15	1e-4	S1
IGHVF6-G34*12	IGHVF6-G34	IGHV2-70*18	1e-4	S1
IGHVF6-G34*13	IGHVF6-G34	IGHV2-70*19	1e-4	S1
IGHVF6-G34*14	IGHVF6-G34	IGHV2-70*20	1e-4	S1
IGHVF7-G35*01	IGHVF7-G35	IGHV6-1*02	5e-4	S1
IGHVF7-G35*02	IGHVF7-G35	IGHV6-1*01	5e-4	S1
IGHVF7-G35*03	IGHVF7-G35	IGHV6-1*01_T91C	5e-4	S1
IGHVF8-G36*01	IGHVF8-G36	IGHV4-4*08	1e-4	S1
IGHVF8-G36*02	IGHVF8-G36	IGHV4-4*09	1e-4	S1
IGHVF8-G36*03	IGHVF8-G36	IGHV4-59*08	1e-4	S1
IGHVF8-G36*04	IGHVF8-G36	IGHV4-59*12	0.001	S1
IGHVF8-G36*05	IGHVF8-G36	IGHV4-59*13	1e-4	S1
IGHVF8-G36*06	IGHVF8-G36	IGHV4-59*11	0.001	S1
IGHVF8-G36*07	IGHVF8-G36	IGHV4-59*07	1e-4	S1
IGHVF8-G36*08	IGHVF8-G36	IGHV4-59*02	0.005	S1
IGHVF8-G36*09	IGHVF8-G36	IGHV4-59*01	1e-4	S1
IGHVF8-G36*10	IGHVF8-G36	IGHV4-59*01_G267A	1e-4	S1
IGHVF8-G37*01	IGHVF8-G37	IGHV4-59*10	1e-4	S1
IGHVF8-G37*02	IGHVF8-G37	IGHV4-4*07	1e-4	S1
IGHVF8-G37*03	IGHVF8-G37	IGHV4-4*07_A70G	1e-4	S1
IGHVF8-G38*01	IGHVF8-G38	IGHV4-34*09	1e-4	S1
IGHVF8-G38*02	IGHVF8-G38	IGHV4-34*10	1e-4	S1
IGHVF8-G39*01	IGHVF8-G39	IGHV4-34*11	1e-4	S1
IGHVF8-G39*02	IGHVF8-G39	IGHV4-34*12	0.001	S1
IGHVF8-G39*03	IGHVF8-G39	IGHV4-34*01	1e-4	S1
IGHVF8-G39*04	IGHVF8-G39	IGHV4-34*02	0.002	S1
IGHVF8-G39*05	IGHVF8-G39	IGHV4-34*04	1e-4	S1
IGHVF8-G39*06	IGHVF8-G39	IGHV4-34*05	1e-4	S1
IGHVF8-G40*01	IGHVF8-G40	IGHV4-4*01	1e-4	S1
IGHVF8-G40*02	IGHVF8-G40	IGHV4-4*03	0.001	S1
IGHVF8-G40*03	IGHVF8-G40	IGHV4-4*02	1e-4	S1
IGHVF8-G40*04	IGHVF8-G40	IGHV4-4*10	1e-4	S1
IGHVF8-G41*01	IGHVF8-G41	IGHV4-28*02	1e-5	S1
IGHVF8-G41*02	IGHVF8-G41	IGHV4-28*06	1e-5	S1
IGHVF8-G41*03	IGHVF8-G41	IGHV4-28*04	1e-5	S1
IGHVF8-G41*04	IGHVF8-G41	IGHV4-28*07	1e-5	S1
IGHVF8-G41*05	IGHVF8-G41	IGHV4-28*05	1e-5	S1
IGHVF8-G41*06	IGHVF8-G41	IGHV4-28*01	1e-5	S1
IGHVF8-G41*07	IGHVF8-G41	IGHV4-28*03	1e-5	S1
IGHVF8-G42*01	IGHVF8-G42	IGHV4-30-2*03	1e-4	S1
IGHVF8-G42*02	IGHVF8-G42	IGHV4-30-4*07	1e-4	S1
IGHVF8-G42*03	IGHVF8-G42	IGHV4-30-2*05	1e-4	S1
IGHVF8-G42*04	IGHVF8-G42	IGHV4-30-2*06	5e-4	S1
IGHVF8-G42*05	IGHVF8-G42	IGHV4-30-2*01_G70A	1e-4	S1
IGHVF8-G42*06	IGHVF8-G42	IGHV4-30-2*01	1e-4	S1
IGHVF8-G42*07	IGHVF8-G42	IGHV4-30-2*01_C285T	1e-4	S1
IGHVF8-G43*01	IGHVF8-G43	IGHV4-30-4*02	1e-4	S1
IGHVF8-G43*02	IGHVF8-G43	IGHV4-30-4*01_A70G_A107G	1e-4	S1
IGHVF8-G43*03	IGHVF8-G43	IGHV4-30-4*01	0.001	S1
IGHVF8-G43*04	IGHVF8-G43	IGHV4-30-4*08	0.001	S1
IGHVF8-G44*01	IGHVF8-G44	IGHV4-31*10	1e-4	S1
IGHVF8-G44*02	IGHVF8-G44	IGHV4-31*11_G4C_G21C_C25T_A113C	1e-4	S1
IGHVF8-G44*03	IGHVF8-G44	IGHV4-31*11	1e-4	S1
IGHVF8-G44*04	IGHVF8-G44	IGHV4-31*02	0.001	S1
IGHVF8-G44*05	IGHVF8-G44	IGHV4-31*01	1e-4	S1
IGHVF8-G44*06	IGHVF8-G44	IGHV4-31*03	1e-5	S1
IGHVF8-G45*01	IGHVF8-G45	IGHV4-38-2*02_G246A	0.001	S1
IGHVF8-G45*02	IGHVF8-G45	IGHV4-38-2*01	1e-4	S1
IGHVF8-G45*03	IGHVF8-G45	IGHV4-38-2*02	0.001	S1
IGHVF8-G45*04	IGHVF8-G45	IGHV4-39*08	1e-4	S1
IGHVF8-G45*05	IGHVF8-G45	IGHV4-39*02	1e-4	S1
IGHVF8-G45*06	IGHVF8-G45	IGHV4-39*01_G315A	0.005	S1
IGHVF8-G45*07	IGHVF8-G45	IGHV4-39*01	0.001	S1
IGHVF8-G45*08	IGHVF8-G45	IGHV4-39*01_A200C	0.001	S1
IGHVF8-G45*09	IGHVF8-G45	IGHV4-39*06	1e-4	S1
IGHVF8-G45*10	IGHVF8-G45	IGHV4-39*07	0.001	S1
IGHVF8-G45*11	IGHVF8-G45	IGHV4-39*09	1e-4	S1
IGHVF8-G46*01	IGHVF8-G46	IGHV4-61*09	5e-4	S1
IGHVF8-G46*02	IGHVF8-G46	IGHV4-61*02	0.001	S1
IGHVF8-G46*03	IGHVF8-G46	IGHV4-61*11	5e-4	S1
IGHVF8-G46*04	IGHVF8-G46	IGHV4-61*05	1e-4	S1
IGHVF8-G46*05	IGHVF8-G46	IGHV4-61*10	1e-4	S1
IGHVF8-G46*06	IGHVF8-G46	IGHV4-61*08	0.001	S1
IGHVF8-G46*07	IGHVF8-G46	IGHV4-61*03	1e-4	S1
IGHVF8-G46*08	IGHVF8-G46	IGHV4-61*01	1e-4	S1
IGHVF8-G46*09	IGHVF8-G46	IGHV4-61*01_A41G	1e-4	S1
